snapshot_time,code,element_id,gw,ep_next
2026-07-08 19:04:26.910384,15157,170,,0.0
2026-07-08 19:04:26.910384,17761,291,,5.2
2026-07-08 19:04:26.910384,19236,753,,0.0
2026-07-08 19:04:26.910384,21205,434,,0.0
2026-07-08 19:04:26.910384,37096,738,,0.0
2026-07-08 19:04:26.910384,40383,782,,0.0
2026-07-08 19:04:26.910384,44699,218,,0.0
2026-07-08 19:04:26.910384,49262,138,,0.0
2026-07-08 19:04:26.910384,50175,178,,3.0
2026-07-08 19:04:26.910384,51943,185,,0.0
2026-07-08 19:04:26.910384,54469,73,,5.7
2026-07-08 19:04:26.910384,56979,124,,-0.3
2026-07-08 19:04:26.910384,57328,263,,-0.8
2026-07-08 19:04:26.910384,58621,187,,1.3
2026-07-08 19:04:26.910384,59735,341,,5.0
2026-07-08 19:04:26.910384,59859,420,,0.0
2026-07-08 19:04:26.910384,59949,294,,0.2
2026-07-08 19:04:26.910384,60307,783,,3.7
2026-07-08 19:04:26.910384,60689,525,,2.8
2026-07-08 19:04:26.910384,61256,457,,0.0
2026-07-08 19:04:26.910384,67089,470,,0.7
2026-07-08 19:04:26.910384,69752,66,,0.0
2026-07-08 19:04:26.910384,72147,33,,-0.5
2026-07-08 19:04:26.910384,74854,529,,0.0
2026-07-08 19:04:26.910384,75115,671,,2.0
2026-07-08 19:04:26.910384,76357,331,,0.8
2026-07-08 19:04:26.910384,77794,478,,0.8
2026-07-08 19:04:26.910384,78916,476,,3.2
2026-07-08 19:04:26.910384,79602,629,,1.0
2026-07-08 19:04:26.910384,80201,314,,3.8
2026-07-08 19:04:26.910384,80801,302,,0.2
2026-07-08 19:04:26.910384,81441,471,,0.0
2026-07-08 19:04:26.910384,82143,601,,0.0
2026-07-08 19:04:26.910384,83299,146,,5.7
2026-07-08 19:04:26.910384,84182,600,,0.0
2026-07-08 19:04:26.910384,84450,668,,4.2
2026-07-08 19:04:26.910384,85633,502,,5.0
2026-07-08 19:04:26.910384,85971,579,,0.0
2026-07-08 19:04:26.910384,86873,664,,0.0
2026-07-08 19:04:26.910384,87835,632,,0.0
2026-07-08 19:04:26.910384,88248,400,,0.0
2026-07-08 19:04:26.910384,88894,55,,2.5
2026-07-08 19:04:26.910384,90585,514,,0.0
2026-07-08 19:04:26.910384,91651,422,,2.0
2026-07-08 19:04:26.910384,91889,625,,0.0
2026-07-08 19:04:26.910384,95658,442,,5.2
2026-07-08 19:04:26.910384,97032,373,,5.7
2026-07-08 19:04:26.910384,97299,409,,0.7
2026-07-08 19:04:26.910384,97846,340,,0.0
2026-07-08 19:04:26.910384,98747,469,,3.0
2026-07-08 19:04:26.910384,98980,32,,2.7
2026-07-08 19:04:26.910384,101148,480,,0.0
2026-07-08 19:04:26.910384,101178,614,,1.3
2026-07-08 19:04:26.910384,101188,37,,1.3
2026-07-08 19:04:26.910384,101982,627,,0.0
2026-07-08 19:04:26.910384,102057,337,,1.2
2026-07-08 19:04:26.910384,105717,678,,0.0
2026-07-08 19:04:26.910384,106468,43,,0.0
2026-07-08 19:04:26.910384,106611,295,,2.0
2026-07-08 19:04:26.910384,106617,363,,0.0
2026-07-08 19:04:26.910384,106760,443,,4.8
2026-07-08 19:04:26.910384,107265,675,,0.0
2026-07-08 19:04:26.910384,108413,270,,-0.8
2026-07-08 19:04:26.910384,109345,159,,0.7
2026-07-08 19:04:26.910384,109533,604,,0.0
2026-07-08 19:04:26.910384,109646,232,,0.0
2026-07-08 19:04:26.910384,109745,2,,1.0
2026-07-08 19:04:26.910384,110504,735,,0.0
2026-07-08 19:04:26.910384,110735,153,,0.0
2026-07-08 19:04:26.910384,111234,287,,1.5
2026-07-08 19:04:26.910384,111317,86,,2.0
2026-07-08 19:04:26.910384,111452,472,,0.0
2026-07-08 19:04:26.910384,111478,152,,2.7
2026-07-08 19:04:26.910384,111773,479,,0.0
2026-07-08 19:04:26.910384,113564,346,,0.3
2026-07-08 19:04:26.910384,114243,489,,3.5
2026-07-08 19:04:26.910384,114283,419,,0.0
2026-07-08 19:04:26.910384,115556,571,,0.0
2026-07-08 19:04:26.910384,116216,20,,5.5
2026-07-08 19:04:26.910384,116535,366,,0.4
2026-07-08 19:04:26.910384,118748,381,,1.0
2026-07-08 19:04:26.910384,119471,474,,0.0
2026-07-08 19:04:26.910384,121160,399,,0.0
2026-07-08 19:04:26.910384,121709,254,,-1.0
2026-07-08 19:04:26.910384,122074,401,,0.5
2026-07-08 19:04:26.910384,122798,372,,2.5
2026-07-08 19:04:26.910384,122806,54,,2.7
2026-07-08 19:04:26.910384,124165,545,,0.0
2026-07-08 19:04:26.910384,126184,405,,2.3
2026-07-08 19:04:26.910384,128295,24,,1.0
2026-07-08 19:04:26.910384,135720,570,,3.5
2026-07-08 19:04:26.910384,138001,630,,0.0
2026-07-08 19:04:26.910384,141746,449,,5.5
2026-07-08 19:04:26.910384,149065,628,,1.2
2026-07-08 19:04:26.910384,149484,40,,-0.3
2026-07-08 19:04:26.910384,149519,617,,0.0
2026-07-08 19:04:26.910384,151589,61,,0.0
2026-07-08 19:04:26.910384,152551,272,,-0.4
2026-07-08 19:04:26.910384,153127,495,,0.0
2026-07-08 19:04:26.910384,153133,324,,0.5
2026-07-08 19:04:26.910384,153366,336,,0.5
2026-07-08 19:04:26.910384,153682,329,,1.8
2026-07-08 19:04:26.910384,154296,673,,4.5
2026-07-08 19:04:26.910384,154561,1,,8.8
2026-07-08 19:04:26.910384,154566,596,,0.2
2026-07-08 19:04:26.910384,155405,429,,0.0
2026-07-08 19:04:26.910384,155408,88,,0.3
2026-07-08 19:04:26.910384,155503,369,,1.7
2026-07-08 19:04:26.910384,155511,817,,2.0
2026-07-08 19:04:26.910384,156074,264,,0.0
2026-07-08 19:04:26.910384,156689,327,,0.0
2026-07-08 19:04:26.910384,158499,87,,0.0
2026-07-08 19:04:26.910384,158534,659,,0.8
2026-07-08 19:04:26.910384,158983,392,,0.2
2026-07-08 19:04:26.910384,159506,507,,1.7
2026-07-08 19:04:26.910384,159533,326,,0.1
2026-07-08 19:04:26.910384,165809,416,,3.0
2026-07-08 19:04:26.910384,166477,319,,3.2
2026-07-08 19:04:26.910384,166989,48,,2.0
2026-07-08 19:04:26.910384,167074,322,,0.0
2026-07-08 19:04:26.910384,167512,539,,1.0
2026-07-08 19:04:26.910384,167887,209,,1.0
2026-07-08 19:04:26.910384,168636,98,,1.0
2026-07-08 19:04:26.910384,168991,89,,0.0
2026-07-08 19:04:26.910384,169359,484,,0.0
2026-07-08 19:04:26.910384,169528,316,,3.8
2026-07-08 19:04:26.910384,169593,255,,-1.0
2026-07-08 19:04:26.910384,171287,376,,0.7
2026-07-08 19:04:26.910384,171314,408,,0.5
2026-07-08 19:04:26.910384,171422,555,,0.0
2026-07-08 19:04:26.910384,172567,205,,0.0
2026-07-08 19:04:26.910384,172649,253,,0.0
2026-07-08 19:04:26.910384,172780,581,,0.5
2026-07-08 19:04:26.910384,173879,808,,0.0
2026-07-08 19:04:26.910384,174592,206,,0.0
2026-07-08 19:04:26.910384,174594,365,,1.0
2026-07-08 19:04:26.910384,174874,317,,0.0
2026-07-08 19:04:26.910384,176297,451,,0.0
2026-07-08 19:04:26.910384,177815,691,,6.7
2026-07-08 19:04:26.910384,178186,624,,4.0
2026-07-08 19:04:26.910384,178301,64,,6.3
2026-07-08 19:04:26.910384,179268,224,,2.0
2026-07-08 19:04:26.910384,179458,202,,0.7
2026-07-08 19:04:26.910384,180135,493,,1.0
2026-07-08 19:04:26.910384,180736,226,,0.7
2026-07-08 19:04:26.910384,180804,198,,1.7
2026-07-08 19:04:26.910384,180974,490,,0.0
2026-07-08 19:04:26.910384,181284,647,,0.0
2026-07-08 19:04:26.910384,183656,748,,0.0
2026-07-08 19:04:26.910384,183751,201,,0.0
2026-07-08 19:04:26.910384,184029,17,,3.5
2026-07-08 19:04:26.910384,184254,565,,0.0
2026-07-08 19:04:26.910384,184341,455,,1.5
2026-07-08 19:04:26.910384,184349,328,,2.1
2026-07-08 19:04:26.910384,184667,719,,0.3
2026-07-08 19:04:26.910384,184754,642,,1.8
2026-07-08 19:04:26.910384,191866,108,,1.0
2026-07-08 19:04:26.910384,192290,186,,0.0
2026-07-08 19:04:26.910384,194010,109,,0.0
2026-07-08 19:04:26.910384,195384,22,,0.8
2026-07-08 19:04:26.910384,195546,50,,2.3
2026-07-08 19:04:26.910384,197024,618,,0.0
2026-07-08 19:04:26.910384,198869,11,,0.0
2026-07-08 19:04:26.910384,199598,354,,4.7
2026-07-08 19:04:26.910384,199670,285,,0.0
2026-07-08 19:04:26.910384,199796,36,,1.5
2026-07-08 19:04:26.910384,199798,38,,0.5
2026-07-08 19:04:26.910384,200089,494,,2.0
2026-07-08 19:04:26.910384,200617,353,,1.3
2026-07-08 19:04:26.910384,200641,27,,0.5
2026-07-08 19:04:26.910384,200720,101,,3.3
2026-07-08 19:04:26.910384,200785,85,,2.3
2026-07-08 19:04:26.910384,200834,694,,4.8
2026-07-08 19:04:26.910384,201595,665,,0.0
2026-07-08 19:04:26.910384,201658,84,,2.3
2026-07-08 19:04:26.910384,201666,487,,4.8
2026-07-08 19:04:26.910384,201895,683,,1.6
2026-07-08 19:04:26.910384,202641,432,,0.0
2026-07-08 19:04:26.910384,202993,585,,3.2
2026-07-08 19:04:26.910384,204120,143,,0.3
2026-07-08 19:04:26.910384,204214,147,,0.0
2026-07-08 19:04:26.910384,204480,21,,4.8
2026-07-08 19:04:26.910384,204580,125,,0.3
2026-07-08 19:04:26.910384,204646,53,,0.0
2026-07-08 19:04:26.910384,204716,374,,2.3
2026-07-08 19:04:26.910384,204822,512,,0.0
2026-07-08 19:04:26.910384,204936,736,,4.5
2026-07-08 19:04:26.910384,204968,522,,1.0
2026-07-08 19:04:26.910384,205533,284,,0.0
2026-07-08 19:04:26.910384,205651,31,,1.2
2026-07-08 19:04:26.910384,206325,12,,0.0
2026-07-08 19:04:26.910384,206915,388,,3.5
2026-07-08 19:04:26.910384,207189,330,,1.0
2026-07-08 19:04:26.910384,207283,126,,4.3
2026-07-08 19:04:26.910384,208706,488,,4.5
2026-07-08 19:04:26.910384,208912,199,,0.0
2026-07-08 19:04:26.910384,209036,260,,5.7
2026-07-08 19:04:26.910384,209041,816,,0.5
2026-07-08 19:04:26.910384,209046,516,,0.0
2026-07-08 19:04:26.910384,209243,456,,0.5
2026-07-08 19:04:26.910384,209244,414,,4.3
2026-07-08 19:04:26.910384,209288,140,,0.0
2026-07-08 19:04:26.910384,209289,325,,2.0
2026-07-08 19:04:26.910384,209365,436,,0.0
2026-07-08 19:04:26.910384,209400,271,,1.2
2026-07-08 19:04:26.910384,210156,527,,5.8
2026-07-08 19:04:26.910384,210462,521,,0.5
2026-07-08 19:04:26.910384,210494,607,,0.0
2026-07-08 19:04:26.910384,211975,404,,0.0
2026-07-08 19:04:26.910384,212314,332,,3.2
2026-07-08 19:04:26.910384,212319,597,,5.5
2026-07-08 19:04:26.910384,213198,240,,0.0
2026-07-08 19:04:26.910384,213999,616,,0.0
2026-07-08 19:04:26.910384,214048,605,,0.0
2026-07-08 19:04:26.910384,214225,348,,2.7
2026-07-08 19:04:26.910384,214285,377,,0.0
2026-07-08 19:04:26.910384,214572,566,,0.0
2026-07-08 19:04:26.910384,214590,610,,1.0
2026-07-08 19:04:26.910384,215059,220,,1.0
2026-07-08 19:04:26.910384,215136,508,,2.2
2026-07-08 19:04:26.910384,215379,517,,8.5
2026-07-08 19:04:26.910384,215413,242,,4.2
2026-07-08 19:04:26.910384,215439,613,,3.8
2026-07-08 19:04:26.910384,215460,550,,0.0
2026-07-08 19:04:26.910384,215711,49,,0.3
2026-07-08 19:04:26.910384,216051,440,,1.5
2026-07-08 19:04:26.910384,216055,722,,3.0
2026-07-08 19:04:26.910384,216094,370,,1.1
2026-07-08 19:04:26.910384,216646,135,,1.5
2026-07-08 19:04:26.910384,218328,727,,2.0
2026-07-08 19:04:26.910384,218364,259,,-0.8
2026-07-08 19:04:26.910384,219168,499,,2.0
2026-07-08 19:04:26.910384,219249,164,,0.0
2026-07-08 19:04:26.910384,219847,30,,4.2
2026-07-08 19:04:26.910384,219924,320,,0.8
2026-07-08 19:04:26.910384,219937,379,,0.5
2026-07-08 19:04:26.910384,220237,475,,4.0
2026-07-08 19:04:26.910384,220362,815,,1.8
2026-07-08 19:04:26.910384,220566,421,,2.3
2026-07-08 19:04:26.910384,220598,219,,0.0
2026-07-08 19:04:26.910384,220627,706,,4.0
2026-07-08 19:04:26.910384,220684,533,,0.0
2026-07-08 19:04:26.910384,220695,132,,0.0
2026-07-08 19:04:26.910384,221389,715,,0.0
2026-07-08 19:04:26.910384,221399,352,,0.0
2026-07-08 19:04:26.910384,221466,72,,8.7
2026-07-08 19:04:26.910384,221632,569,,0.0
2026-07-08 19:04:26.910384,221820,437,,2.2
2026-07-08 19:04:26.910384,222531,515,,6.0
2026-07-08 19:04:26.910384,222683,81,,0.0
2026-07-08 19:04:26.910384,222690,448,,0.0
2026-07-08 19:04:26.910384,222694,343,,0.5
2026-07-08 19:04:26.910384,223094,430,,7.3
2026-07-08 19:04:26.910384,223336,549,,0.0
2026-07-08 19:04:26.910384,223340,16,,7.0
2026-07-08 19:04:26.910384,223434,149,,0.0
2026-07-08 19:04:26.910384,223541,385,,1.3
2026-07-08 19:04:26.910384,223827,531,,0.0
2026-07-08 19:04:26.910384,223911,79,,0.0
2026-07-08 19:04:26.910384,224024,612,,0.0
2026-07-08 19:04:26.910384,224068,504,,0.0
2026-07-08 19:04:26.910384,224117,666,,6.0
2026-07-08 19:04:26.910384,224967,292,,0.8
2026-07-08 19:04:26.910384,224995,91,,0.0
2026-07-08 19:04:26.910384,225321,674,,0.0
2026-07-08 19:04:26.910384,225796,225,,0.3
2026-07-08 19:04:26.910384,226182,342,,1.3
2026-07-08 19:04:26.910384,226597,5,,8.8
2026-07-08 19:04:26.910384,226944,58,,0.0
2026-07-08 19:04:26.910384,226956,112,,0.0
2026-07-08 19:04:26.910384,227127,587,,1.0
2026-07-08 19:04:26.910384,227444,505,,3.0
2026-07-08 19:04:26.910384,229384,621,,0.0
2026-07-08 19:04:26.910384,229600,288,,0.0
2026-07-08 19:04:26.910384,230001,438,,3.0
2026-07-08 19:04:26.910384,230046,699,,0.0
2026-07-08 19:04:26.910384,230376,663,,0.0
2026-07-08 19:04:26.910384,231057,644,,0.5
2026-07-08 19:04:26.910384,231065,111,,-0.5
2026-07-08 19:04:26.910384,231416,148,,3.0
2026-07-08 19:04:26.910384,231480,636,,3.8
2026-07-08 19:04:26.910384,231747,283,,1.0
2026-07-08 19:04:26.910384,232112,459,,0.0
2026-07-08 19:04:26.910384,232185,267,,3.2
2026-07-08 19:04:26.910384,232356,774,,0.0
2026-07-08 19:04:26.910384,232413,266,,4.8
2026-07-08 19:04:26.910384,232571,528,,0.0
2026-07-08 19:04:26.910384,232653,52,,4.0
2026-07-08 19:04:26.910384,232787,796,,4.2
2026-07-08 19:04:26.910384,232792,150,,0.0
2026-07-08 19:04:26.910384,232820,534,,0.0
2026-07-08 19:04:26.910384,232826,485,,0.0
2026-07-08 19:04:26.910384,232859,573,,2.8
2026-07-08 19:04:26.910384,232892,318,,2.8
2026-07-08 19:04:26.910384,232928,303,,2.5
2026-07-08 19:04:26.910384,233963,606,,2.5
2026-07-08 19:04:26.910384,235448,102,,-0.5
2026-07-08 19:04:26.910384,235674,589,,0.0
2026-07-08 19:04:26.910384,235826,362,,0.3
2026-07-08 19:04:26.910384,240299,653,,0.0
2026-07-08 19:04:26.910384,240514,142,,0.0
2026-07-08 19:04:26.910384,241231,194,,0.0
2026-07-08 19:04:26.910384,242880,229,,0.0
2026-07-08 19:04:26.910384,242882,685,,0.0
2026-07-08 19:04:26.910384,242898,580,,0.6
2026-07-08 19:04:26.910384,243016,386,,5.5
2026-07-08 19:04:26.910384,243298,384,,3.5
2026-07-08 19:04:26.910384,243345,520,,0.0
2026-07-08 19:04:26.910384,243526,347,,0.0
2026-07-08 19:04:26.910384,243571,296,,0.2
2026-07-08 19:04:26.910384,244042,338,,1.2
2026-07-08 19:04:26.910384,244723,258,,0.6
2026-07-08 19:04:26.910384,244731,383,,0.0
2026-07-08 19:04:26.910384,244850,47,,3.7
2026-07-08 19:04:26.910384,244851,235,,1.3
2026-07-08 19:04:26.910384,244858,123,,0.0
2026-07-08 19:04:26.910384,244954,41,,0.7
2026-07-08 19:04:26.910384,246301,321,,0.0
2026-07-08 19:04:26.910384,247245,188,,0.0
2026-07-08 19:04:26.910384,247348,256,,2.0
2026-07-08 19:04:26.910384,247412,654,,0.6
2026-07-08 19:04:26.910384,247632,236,,1.7
2026-07-08 19:04:26.910384,247670,791,,2.2
2026-07-08 19:04:26.910384,247693,726,,1.5
2026-07-08 19:04:26.910384,247955,724,,2.0
2026-07-08 19:04:26.910384,248056,358,,4.0
2026-07-08 19:04:26.910384,248857,18,,2.2
2026-07-08 19:04:26.910384,248875,418,,7.7
2026-07-08 19:04:26.910384,248937,355,,0.0
2026-07-08 19:04:26.910384,249231,107,,3.0
2026-07-08 19:04:26.910384,250199,519,,1.0
2026-07-08 19:04:26.910384,250735,204,,0.0
2026-07-08 19:04:26.910384,424044,93,,0.0
2026-07-08 19:04:26.910384,424876,387,,6.7
2026-07-08 19:04:26.910384,427623,261,,0.0
2026-07-08 19:04:26.910384,427637,350,,1.0
2026-07-08 19:04:26.910384,428580,128,,0.0
2026-07-08 19:04:26.910384,428971,315,,0.0
2026-07-08 19:04:26.910384,429414,656,,0.0
2026-07-08 19:04:26.910384,430871,450,,4.5
2026-07-08 19:04:26.910384,431248,709,,0.5
2026-07-08 19:04:26.910384,431639,215,,2.7
2026-07-08 19:04:26.910384,432422,491,,1.1
2026-07-08 19:04:26.910384,432714,426,,1.8
2026-07-08 19:04:26.910384,432720,182,,0.5
2026-07-08 19:04:26.910384,432830,106,,2.5
2026-07-08 19:04:26.910384,433036,427,,0.7
2026-07-08 19:04:26.910384,433154,300,,0.8
2026-07-08 19:04:26.910384,433312,648,,0.0
2026-07-08 19:04:26.910384,433952,357,,0.0
2026-07-08 19:04:26.910384,434399,541,,3.2
2026-07-08 19:04:26.910384,434752,344,,6.0
2026-07-08 19:04:26.910384,435973,217,,0.3
2026-07-08 19:04:26.910384,435997,698,,0.0
2026-07-08 19:04:26.910384,436234,590,,0.0
2026-07-08 19:04:26.910384,436416,806,,0.0
2026-07-08 19:04:26.910384,436893,78,,0.0
2026-07-08 19:04:26.910384,437495,339,,0.0
2026-07-08 19:04:26.910384,437499,257,,1.2
2026-07-08 19:04:26.910384,437505,560,,1.8
2026-07-08 19:04:26.910384,437730,82,,4.3
2026-07-08 19:04:26.910384,437738,345,,2.3
2026-07-08 19:04:26.910384,437742,29,,0.0
2026-07-08 19:04:26.910384,437748,214,,0.0
2026-07-08 19:04:26.910384,438098,23,,0.0
2026-07-08 19:04:26.910384,438234,413,,4.5
2026-07-08 19:04:26.910384,438464,268,,0.0
2026-07-08 19:04:26.910384,439135,154,,0.0
2026-07-08 19:04:26.910384,440089,121,,4.3
2026-07-08 19:04:26.910384,440148,395,,0.0
2026-07-08 19:04:26.910384,440323,680,,0.3
2026-07-08 19:04:26.910384,440854,9,,0.0
2026-07-08 19:04:26.910384,440955,564,,0.0
2026-07-08 19:04:26.910384,440993,299,,2.0
2026-07-08 19:04:26.910384,441024,482,,0.0
2026-07-08 19:04:26.910384,441164,568,,3.2
2026-07-08 19:04:26.910384,441191,477,,0.0
2026-07-08 19:04:26.910384,441192,171,,0.0
2026-07-08 19:04:26.910384,441240,92,,0.0
2026-07-08 19:04:26.910384,441264,730,,3.0
2026-07-08 19:04:26.910384,441266,390,,4.3
2026-07-08 19:04:26.910384,441271,638,,0.0
2026-07-08 19:04:26.910384,441302,39,,0.3
2026-07-08 19:04:26.910384,444102,97,,2.7
2026-07-08 19:04:26.910384,444145,19,,1.2
2026-07-08 19:04:26.910384,444172,68,,0.0
2026-07-08 19:04:26.910384,444180,200,,4.7
2026-07-08 19:04:26.910384,444463,230,,2.3
2026-07-08 19:04:26.910384,444765,113,,2.0
2026-07-08 19:04:26.910384,444884,389,,-0.5
2026-07-08 19:04:26.910384,445044,583,,0.0
2026-07-08 19:04:26.910384,445122,8,,0.2
2026-07-08 19:04:26.910384,446008,119,,3.2
2026-07-08 19:04:26.910384,447203,397,,0.0
2026-07-08 19:04:26.910384,447325,289,,0.0
2026-07-08 19:04:26.910384,447715,211,,0.0
2026-07-08 19:04:26.910384,448047,237,,7.7
2026-07-08 19:04:26.910384,448089,646,,2.8
2026-07-08 19:04:26.910384,448104,725,,3.5
2026-07-08 19:04:26.910384,448514,402,,2.0
2026-07-08 19:04:26.910384,449027,367,,1.3
2026-07-08 19:04:26.910384,449434,486,,0.5
2026-07-08 19:04:26.910384,449871,59,,-0.5
2026-07-08 19:04:26.910384,449988,655,,0.0
2026-07-08 19:04:26.910384,450070,615,,1.5
2026-07-08 19:04:26.910384,450072,196,,0.0
2026-07-08 19:04:26.910384,450535,277,,0.0
2026-07-08 19:04:26.910384,450539,133,,0.0
2026-07-08 19:04:26.910384,450542,278,,0.0
2026-07-08 19:04:26.910384,451302,431,,0.0
2026-07-08 19:04:26.910384,451340,157,,0.0
2026-07-08 19:04:26.910384,451432,509,,0.0
2026-07-08 19:04:26.910384,456512,669,,0.0
2026-07-08 19:04:26.910384,457569,67,,5.0
2026-07-08 19:04:26.910384,458249,466,,0.8
2026-07-08 19:04:26.910384,458297,556,,0.0
2026-07-08 19:04:26.910384,460028,227,,1.7
2026-07-08 19:04:26.910384,460842,582,,0.0
2026-07-08 19:04:26.910384,461188,193,,0.3
2026-07-08 19:04:26.910384,461195,535,,0.0
2026-07-08 19:04:26.910384,461199,548,,0.0
2026-07-08 19:04:26.910384,461421,57,,0.0
2026-07-08 19:04:26.910384,461446,704,,0.0
2026-07-08 19:04:26.910384,461484,498,,0.0
2026-07-08 19:04:26.910384,461537,435,,0.0
2026-07-08 19:04:26.910384,461567,189,,0.0
2026-07-08 19:04:26.910384,462116,609,,0.5
2026-07-08 19:04:26.910384,462381,35,,0.0
2026-07-08 19:04:26.910384,462424,6,,7.5
2026-07-08 19:04:26.910384,462492,34,,0.0
2026-07-08 19:04:26.910384,462635,360,,0.0
2026-07-08 19:04:26.910384,463034,250,,0.3
2026-07-08 19:04:26.910384,463067,158,,1.0
2026-07-08 19:04:26.910384,463748,3,,0.0
2026-07-08 19:04:26.910384,463936,239,,0.0
2026-07-08 19:04:26.910384,463981,77,,5.7
2026-07-08 19:04:26.910384,465247,733,,3.8
2026-07-08 19:04:26.910384,465351,407,,2.7
2026-07-08 19:04:26.910384,465527,207,,2.0
2026-07-08 19:04:26.910384,465642,684,,2.0
2026-07-08 19:04:26.910384,465680,696,,0.0
2026-07-08 19:04:26.910384,465694,423,,1.0
2026-07-08 19:04:26.910384,465702,540,,0.0
2026-07-08 19:04:26.910384,465730,145,,6.0
2026-07-08 19:04:26.910384,465920,245,,0.0
2026-07-08 19:04:26.910384,466052,417,,3.3
2026-07-08 19:04:26.910384,466075,7,,4.8
2026-07-08 19:04:26.910384,466117,275,,0.0
2026-07-08 19:04:26.910384,466525,660,,0.0
2026-07-08 19:04:26.910384,467169,454,,0.0
2026-07-08 19:04:26.910384,467189,679,,2.8
2026-07-08 19:04:26.910384,467779,173,,0.3
2026-07-08 19:04:26.910384,469130,805,,0.2
2026-07-08 19:04:26.910384,469142,151,,3.3
2026-07-08 19:04:26.910384,469247,51,,0.0
2026-07-08 19:04:26.910384,469272,210,,4.0
2026-07-08 19:04:26.910384,470294,361,,0.0
2026-07-08 19:04:26.910384,470313,714,,2.8
2026-07-08 19:04:26.910384,470315,814,,2.0
2026-07-08 19:04:26.910384,471798,223,,0.0
2026-07-08 19:04:26.910384,472713,116,,0.3
2026-07-08 19:04:26.910384,472739,141,,0.0
2026-07-08 19:04:26.910384,472769,411,,2.5
2026-07-08 19:04:26.910384,474120,161,,0.0
2026-07-08 19:04:26.910384,474907,298,,0.0
2026-07-08 19:04:26.910384,475123,503,,0.0
2026-07-08 19:04:26.910384,475168,249,,2.5
2026-07-08 19:04:26.910384,476502,649,,0.0
2026-07-08 19:04:26.910384,476887,734,,2.8
2026-07-08 19:04:26.910384,477064,410,,0.5
2026-07-08 19:04:26.910384,477424,403,,0.7
2026-07-08 19:04:26.910384,477547,536,,0.0
2026-07-08 19:04:26.910384,477555,424,,1.2
2026-07-08 19:04:26.910384,477580,71,,0.0
2026-07-08 19:04:26.910384,477717,191,,2.7
2026-07-08 19:04:26.910384,477851,554,,0.0
2026-07-08 19:04:26.910384,478969,190,,1.0
2026-07-08 19:04:26.910384,480455,290,,0.0
2026-07-08 19:04:26.910384,481283,688,,-0.5
2026-07-08 19:04:26.910384,481655,26,,3.0
2026-07-08 19:04:26.910384,482442,593,,1.2
2026-07-08 19:04:26.910384,482609,228,,0.5
2026-07-08 19:04:26.910384,482973,526,,5.5
2026-07-08 19:04:26.910384,483081,635,,2.5
2026-07-08 19:04:26.910384,483364,602,,0.0
2026-07-08 19:04:26.910384,484420,547,,5.5
2026-07-08 19:04:26.910384,485047,511,,3.2
2026-07-08 19:04:26.910384,485055,567,,3.0
2026-07-08 19:04:26.910384,485337,677,,-0.8
2026-07-08 19:04:26.910384,485711,681,,1.6
2026-07-08 19:04:26.910384,486385,311,,2.8
2026-07-08 19:04:26.910384,486520,356,,0.0
2026-07-08 19:04:26.910384,486672,241,,2.0
2026-07-08 19:04:26.910384,487053,574,,1.0
2026-07-08 19:04:26.910384,487117,179,,0.0
2026-07-08 19:04:26.910384,487676,532,,1.8
2026-07-08 19:04:26.910384,487702,208,,0.0
2026-07-08 19:04:26.910384,487838,473,,1.0
2026-07-08 19:04:26.910384,488024,712,,-0.2
2026-07-08 19:04:26.910384,488213,720,,1.2
2026-07-08 19:04:26.910384,489571,184,,0.0
2026-07-08 19:04:26.910384,489580,380,,0.5
2026-07-08 19:04:26.910384,489639,139,,3.3
2026-07-08 19:04:26.910384,489706,276,,-0.2
2026-07-08 19:04:26.910384,489888,697,,0.7
2026-07-08 19:04:26.910384,490000,530,,0.0
2026-07-08 19:04:26.910384,490094,304,,1.5
2026-07-08 19:04:26.910384,490142,623,,0.2
2026-07-08 19:04:26.910384,490145,599,,0.0
2026-07-08 19:04:26.910384,490721,633,,2.2
2026-07-08 19:04:26.910384,490881,460,,0.0
2026-07-08 19:04:26.910384,490885,620,,0.0
2026-07-08 19:04:26.910384,491007,247,,0.0
2026-07-08 19:04:26.910384,491012,312,,0.0
2026-07-08 19:04:26.910384,491279,575,,2.5
2026-07-08 19:04:26.910384,491287,56,,0.0
2026-07-08 19:04:26.910384,491460,828,,0.0
2026-07-08 19:04:26.910384,491501,394,,0.0
2026-07-08 19:04:26.910384,491557,309,,0.0
2026-07-08 19:04:26.910384,491745,705,,0.0
2026-07-08 19:04:26.910384,492066,537,,0.0
2026-07-08 19:04:26.910384,492368,349,,0.0
2026-07-08 19:04:26.910384,492777,375,,0.0
2026-07-08 19:04:26.910384,492831,216,,1.0
2026-07-08 19:04:26.910384,492859,351,,1.0
2026-07-08 19:04:26.910384,493105,453,,0.3
2026-07-08 19:04:26.910384,493125,572,,0.2
2026-07-08 19:04:26.910384,493250,452,,1.8
2026-07-08 19:04:26.910384,493362,717,,0.0
2026-07-08 19:04:26.910384,493837,558,,0.0
2026-07-08 19:04:26.910384,494307,794,,0.5
2026-07-08 19:04:26.910384,494521,74,,6.7
2026-07-08 19:04:26.910384,494556,819,,-0.5
2026-07-08 19:04:26.910384,494595,382,,3.3
2026-07-08 19:04:26.910384,494960,192,,0.3
2026-07-08 19:04:26.910384,495145,70,,0.0
2026-07-08 19:04:26.910384,495161,524,,0.0
2026-07-08 19:04:26.910384,496178,297,,0.0
2026-07-08 19:04:26.910384,496208,391,,0.3
2026-07-08 19:04:26.910384,496221,273,,2.8
2026-07-08 19:04:26.910384,496279,308,,0.0
2026-07-08 19:04:26.910384,496661,707,,0.0
2026-07-08 19:04:26.910384,497606,650,,0.0
2026-07-08 19:04:26.910384,497894,465,,0.0
2026-07-08 19:04:26.910384,497949,682,,1.0
2026-07-08 19:04:26.910384,498016,670,,3.0
2026-07-08 19:04:26.910384,499167,15,,1.0
2026-07-08 19:04:26.910384,499169,10,,4.5
2026-07-08 19:04:26.910384,499175,25,,0.0
2026-07-08 19:04:26.910384,499300,667,,0.0
2026-07-08 19:04:26.910384,499309,252,,0.0
2026-07-08 19:04:26.910384,499604,807,,6.7
2026-07-08 19:04:26.910384,499716,750,,0.0
2026-07-08 19:04:26.910384,499717,118,,0.0
2026-07-08 19:04:26.910384,499721,592,,0.0
2026-07-08 19:04:26.910384,499726,595,,0.0
2026-07-08 19:04:26.910384,499857,803,,0.0
2026-07-08 19:04:26.910384,500040,662,,2.8
2026-07-08 19:04:26.910384,500058,398,,0.0
2026-07-08 19:04:26.910384,500151,716,,0.0
2026-07-08 19:04:26.910384,500696,559,,0.0
2026-07-08 19:04:26.910384,501837,634,,1.8
2026-07-08 19:04:26.910384,502500,136,,2.3
2026-07-08 19:04:26.910384,502697,301,,0.5
2026-07-08 19:04:26.910384,502988,798,,0.0
2026-07-08 19:04:26.910384,503139,90,,3.7
2026-07-08 19:04:26.910384,503300,103,,0.0
2026-07-08 19:04:26.910384,503301,693,,1.8
2026-07-08 19:04:26.910384,503714,676,,2.3
2026-07-08 19:04:26.910384,504296,307,,0.0
2026-07-08 19:04:26.910384,505079,786,,0.0
2026-07-08 19:04:26.910384,507433,105,,-0.5
2026-07-08 19:04:26.910384,508395,129,,3.7
2026-07-08 19:04:26.910384,508479,221,,1.0
2026-07-08 19:04:26.910384,509291,643,,1.8
2026-07-08 19:04:26.910384,509416,166,,0.7
2026-07-08 19:04:26.910384,510281,415,,3.3
2026-07-08 19:04:26.910384,510362,637,,2.2
2026-07-08 19:04:26.910384,510500,518,,0.0
2026-07-08 19:04:26.910384,510663,661,,0.0
2026-07-08 19:04:26.910384,511499,584,,4.2
2026-07-08 19:04:26.910384,512462,293,,2.0
2026-07-08 19:04:26.910384,513418,120,,1.5
2026-07-08 19:04:26.910384,513433,162,,0.0
2026-07-08 19:04:26.910384,513466,728,,4.0
2026-07-08 19:04:26.910384,513834,177,,0.0
2026-07-08 19:04:26.910384,514254,169,,0.3
2026-07-08 19:04:26.910384,514315,45,,0.0
2026-07-08 19:04:26.910384,514356,244,,0.2
2026-07-08 19:04:26.910384,514362,777,,0.0
2026-07-08 19:04:26.910384,514613,538,,0.0
2026-07-08 19:04:26.910384,515024,334,,0.0
2026-07-08 19:04:26.910384,515046,812,,0.0
2026-07-08 19:04:26.910384,515597,44,,0.5
2026-07-08 19:04:26.910384,515621,262,,-0.4
2026-07-08 19:04:26.910384,516211,165,,0.0
2026-07-08 19:04:26.910384,516234,763,,0.5
2026-07-08 19:04:26.910384,516875,757,,-0.5
2026-07-08 19:04:26.910384,516895,458,,5.5
2026-07-08 19:04:26.910384,516939,631,,0.0
2026-07-08 19:04:26.910384,517052,251,,0.0
2026-07-08 19:04:26.910384,517179,641,,0.0
2026-07-08 19:04:26.910384,518030,183,,1.3
2026-07-08 19:04:26.910384,518335,789,,0.0
2026-07-08 19:04:26.910384,518438,611,,0.0
2026-07-08 19:04:26.910384,518442,622,,0.0
2026-07-08 19:04:26.910384,518906,76,,0.0
2026-07-08 19:04:26.910384,519440,760,,0.5
2026-07-08 19:04:26.910384,519634,542,,0.0
2026-07-08 19:04:26.910384,519895,197,,0.0
2026-07-08 19:04:26.910384,519913,771,,0.0
2026-07-08 19:04:26.910384,523705,695,,0.2
2026-07-08 19:04:26.910384,530121,95,,0.0
2026-07-08 19:04:26.910384,530318,281,,-1.0
2026-07-08 19:04:26.910384,530335,785,,1.5
2026-07-08 19:04:26.910384,531363,658,,0.0
2026-07-08 19:04:26.910384,531989,280,,0.0
2026-07-08 19:04:26.910384,532529,163,,6.0
2026-07-08 19:04:26.910384,532605,246,,4.3
2026-07-08 19:04:26.910384,533463,83,,5.3
2026-07-08 19:04:26.910384,533710,137,,0.0
2026-07-08 19:04:26.910384,534836,710,,-0.5
2026-07-08 19:04:26.910384,535017,104,,-0.5
2026-07-08 19:04:26.910384,535301,167,,3.3
2026-07-08 19:04:26.910384,535818,543,,0.0
2026-07-08 19:04:26.910384,535928,393,,0.0
2026-07-08 19:04:26.910384,536109,608,,0.0
2026-07-08 19:04:26.910384,536119,359,,0.0
2026-07-08 19:04:26.910384,536134,811,,0.0
2026-07-08 19:04:26.910384,536241,313,,0.0
2026-07-08 19:04:26.910384,536661,813,,0.8
2026-07-08 19:04:26.910384,536694,279,,0.0
2026-07-08 19:04:26.910384,536916,168,,0.0
2026-07-08 19:04:26.910384,537403,63,,0.0
2026-07-08 19:04:26.910384,538207,500,,6.5
2026-07-08 19:04:26.910384,541462,75,,0.0
2026-07-08 19:04:26.910384,543295,122,,0.0
2026-07-08 19:04:26.910384,544877,371,,1.5
2026-07-08 19:04:26.910384,545477,481,,0.0
2026-07-08 19:04:26.910384,547027,544,,1.5
2026-07-08 19:04:26.910384,547037,462,,0.0
2026-07-08 19:04:26.910384,547410,557,,0.0
2026-07-08 19:04:26.910384,547671,826,,-0.5
2026-07-08 19:04:26.910384,547676,446,,0.0
2026-07-08 19:04:26.910384,547701,591,,0.0
2026-07-08 19:04:26.910384,547719,497,,0.0
2026-07-08 19:04:26.910384,547720,156,,0.0
2026-07-08 19:04:26.910384,547801,306,,0.0
2026-07-08 19:04:26.910384,548308,576,,0.0
2026-07-08 19:04:26.910384,549067,513,,0.2
2026-07-08 19:04:26.910384,549074,172,,0.0
2026-07-08 19:04:26.910384,549329,195,,1.0
2026-07-08 19:04:26.910384,549912,553,,0.0
2026-07-08 19:04:26.910384,549939,222,,0.0
2026-07-08 19:04:26.910384,550090,144,,0.0
2026-07-08 19:04:26.910384,550141,176,,0.0
2026-07-08 19:04:26.910384,550596,94,,0.0
2026-07-08 19:04:26.910384,550615,243,,0.8
2026-07-08 19:04:26.910384,550839,588,,0.0
2026-07-08 19:04:26.910384,550864,444,,0.5
2026-07-08 19:04:26.910384,551153,563,,0.0
2026-07-08 19:04:26.910384,551206,213,,0.0
2026-07-08 19:04:26.910384,551210,672,,1.3
2026-07-08 19:04:26.910384,551221,4,,1.0
2026-07-08 19:04:26.910384,551226,708,,3.0
2026-07-08 19:04:26.910384,551483,713,,0.0
2026-07-08 19:04:26.910384,552427,598,,0.0
2026-07-08 19:04:26.910384,553299,577,,0.0
2026-07-08 19:04:26.910384,553742,825,,0.0
2026-07-08 19:04:26.910384,553746,765,,0.0
2026-07-08 19:04:26.910384,554197,551,,1.2
2026-07-08 19:04:26.910384,556637,744,,0.0
2026-07-08 19:04:26.910384,556639,461,,0.0
2026-07-08 19:04:26.910384,559610,810,,-0.5
2026-07-08 19:04:26.910384,559684,464,,0.0
2026-07-08 19:04:26.910384,559962,62,,0.0
2026-07-08 19:04:26.910384,560248,639,,0.0
2026-07-08 19:04:26.910384,560262,100,,5.3
2026-07-08 19:04:26.910384,560441,729,,0.0
2026-07-08 19:04:26.910384,560552,731,,0.5
2026-07-08 19:04:26.910384,563324,13,,1.0
2026-07-08 19:04:26.910384,564406,561,,0.2
2026-07-08 19:04:26.910384,564505,703,,-0.5
2026-07-08 19:04:26.910384,564510,496,,0.0
2026-07-08 19:04:26.910384,564940,718,,0.2
2026-07-08 19:04:26.910384,565297,364,,0.0
2026-07-08 19:04:26.910384,565431,626,,0.0
2026-07-08 19:04:26.910384,565863,787,,0.0
2026-07-08 19:04:26.910384,566164,428,,0.5
2026-07-08 19:04:26.910384,566213,740,,0.0
2026-07-08 19:04:26.910384,567119,840,,1.3
2026-07-08 19:04:26.910384,567121,175,,0.0
2026-07-08 19:04:26.910384,568159,835,,0.0
2026-07-08 19:04:26.910384,568791,69,,0.0
2026-07-08 19:04:26.910384,569014,523,,0.0
2026-07-08 19:04:26.910384,569577,701,,0.0
2026-07-08 19:04:26.910384,570241,117,,0.0
2026-07-08 19:04:26.910384,570526,586,,0.8
2026-07-08 19:04:26.910384,570929,821,,0.0
2026-07-08 19:04:26.910384,571087,822,,0.0
2026-07-08 19:04:26.910384,572702,802,,0.0
2026-07-08 19:04:26.910384,573062,333,,0.0
2026-07-08 19:04:26.910384,574398,282,,0.0
2026-07-08 19:04:26.910384,574458,231,,0.3
2026-07-08 19:04:26.910384,575034,468,,0.0
2026-07-08 19:04:26.910384,575204,425,,0.0
2026-07-08 19:04:26.910384,575458,510,,1.2
2026-07-08 19:04:26.910384,575476,506,,0.0
2026-07-08 19:04:26.910384,575901,80,,0.0
2026-07-08 19:04:26.910384,576323,212,,0.0
2026-07-08 19:04:26.910384,576620,769,,0.0
2026-07-08 19:04:26.910384,576628,755,,0.0
2026-07-08 19:04:26.910384,576634,827,,0.0
2026-07-08 19:04:26.910384,576637,788,,0.0
2026-07-08 19:04:26.910384,576756,65,,0.0
2026-07-08 19:04:26.910384,576980,286,,-1.0
2026-07-08 19:04:26.910384,577016,233,,0.7
2026-07-08 19:04:26.910384,577114,619,,0.0
2026-07-08 19:04:26.910384,577285,754,,-0.5
2026-07-08 19:04:26.910384,577669,552,,2.8
2026-07-08 19:04:26.910384,577725,335,,0.8
2026-07-08 19:04:26.910384,577731,60,,0.0
2026-07-08 19:04:26.910384,577974,445,,0.0
2026-07-08 19:04:26.910384,577978,838,,0.0
2026-07-08 19:04:26.910384,578153,406,,3.3
2026-07-08 19:04:26.910384,578512,483,,0.0
2026-07-08 19:04:26.910384,578614,203,,0.0
2026-07-08 19:04:26.910384,579075,274,,-1.0
2026-07-08 19:04:26.910384,580921,764,,0.5
2026-07-08 19:04:26.910384,586268,368,,0.5
2026-07-08 19:04:26.910384,586309,310,,3.8
2026-07-08 19:04:26.910384,587178,46,,0.0
2026-07-08 19:04:26.910384,587433,824,,-0.5
2026-07-08 19:04:26.910384,588555,433,,0.0
2026-07-08 19:04:26.910384,588793,14,,0.0
2026-07-08 19:04:26.910384,588796,28,,0.0
2026-07-08 19:04:26.910384,589100,155,,0.0
2026-07-08 19:04:26.910384,589121,778,,0.0
2026-07-08 19:04:26.910384,589507,657,,0.0
2026-07-08 19:04:26.910384,590012,265,,-1.0
2026-07-08 19:04:26.910384,590014,690,,-1.0
2026-07-08 19:04:26.910384,590035,751,,0.0
2026-07-08 19:04:26.910384,590039,739,,0.0
2026-07-08 19:04:26.910384,590040,836,,0.0
2026-07-08 19:04:26.910384,590760,99,,0.0
2026-07-08 19:04:26.910384,591357,134,,0.0
2026-07-08 19:04:26.910384,591384,793,,-1.0
2026-07-08 19:04:26.910384,591385,323,,0.0
2026-07-08 19:04:26.910384,591386,396,,0.5
2026-07-08 19:04:26.910384,592031,160,,4.7
2026-07-08 19:04:26.910384,592740,839,,1.3
2026-07-08 19:04:26.910384,593001,652,,0.0
2026-07-08 19:04:26.910384,593174,797,,-0.3
2026-07-08 19:04:26.910384,596042,746,,0.5
2026-07-08 19:04:26.910384,596047,467,,0.0
2026-07-08 19:04:26.910384,596054,651,,0.2
2026-07-08 19:04:26.910384,596777,441,,0.8
2026-07-08 19:04:26.910384,597320,795,,0.0
2026-07-08 19:04:26.910384,599303,501,,0.0
2026-07-08 19:04:26.910384,600882,741,,0.0
2026-07-08 19:04:26.910384,601956,766,,0.0
2026-07-08 19:04:26.910384,602903,747,,0.0
2026-07-08 19:04:26.910384,604211,775,,0.0
2026-07-08 19:04:26.910384,604988,761,,0.0
2026-07-08 19:04:26.910384,605319,767,,0.0
2026-07-08 19:04:26.910384,606689,130,,-0.5
2026-07-08 19:04:26.910384,606745,447,,0.8
2026-07-08 19:04:26.910384,606774,687,,0.0
2026-07-08 19:04:26.910384,606775,96,,0.0
2026-07-08 19:04:26.910384,606798,42,,-0.5
2026-07-08 19:04:26.910384,606921,269,,0.0
2026-07-08 19:04:26.910384,607464,110,,1.3
2026-07-08 19:04:26.910384,608181,180,,0.0
2026-07-08 19:04:26.910384,609873,305,,0.2
2026-07-08 19:04:26.910384,610799,578,,0.0
2026-07-08 19:04:26.910384,611134,248,,0.0
2026-07-08 19:04:26.910384,611695,174,,0.0
2026-07-08 19:04:26.910384,611912,743,,0.0
2026-07-08 19:04:26.910384,611917,790,,0.0
2026-07-08 19:04:26.910384,611922,686,,2.7
2026-07-08 19:04:26.910384,611926,378,,0.5
2026-07-08 19:04:26.910384,611975,562,,0.0
2026-07-08 19:04:26.910384,612534,115,,0.0
2026-07-08 19:04:26.910384,613232,818,,0.0
2026-07-08 19:04:26.910384,613804,603,,1.2
2026-07-08 19:04:26.910384,614574,801,,0.3
2026-07-08 19:04:26.910384,616065,759,,1.0
2026-07-08 19:04:26.910384,616077,700,,1.2
2026-07-08 19:04:26.910384,616221,804,,0.0
2026-07-08 19:04:26.910384,616222,412,,0.0
2026-07-08 19:04:26.910384,616286,834,,0.0
2026-07-08 19:04:26.910384,616288,742,,0.5
2026-07-08 19:04:26.910384,618027,781,,-0.5
2026-07-08 19:04:26.910384,618873,463,,0.0
2026-07-08 19:04:26.910384,619536,770,,0.0
2026-07-08 19:04:26.910384,619734,829,,0.3
2026-07-08 19:04:26.910384,620487,721,,0.0
2026-07-08 19:04:26.910384,622536,114,,0.0
2026-07-08 19:04:26.910384,622758,234,,0.0
2026-07-08 19:04:26.910384,623095,594,,0.0
2026-07-08 19:04:26.910384,623110,689,,0.0
2026-07-08 19:04:26.910384,624773,238,,0.0
2026-07-08 19:04:26.910384,626464,127,,0.0
2026-07-08 19:04:26.910384,626844,546,,0.0
2026-07-08 19:04:26.910384,627888,831,,0.0
2026-07-08 19:04:26.910384,628204,131,,0.0
2026-07-08 19:04:26.910384,629068,779,,0.0
2026-07-08 19:04:26.910384,630699,758,,0.0
2026-07-08 19:04:26.910384,631106,780,,-1.0
2026-07-08 19:04:26.910384,631786,737,,0.0
2026-07-08 19:04:26.910384,640108,492,,0.0
2026-07-08 19:04:26.910384,640419,745,,0.0
2026-07-08 19:04:26.910384,641221,640,,1.2
2026-07-08 19:04:26.910384,643135,645,,0.0
2026-07-08 19:04:26.910384,643426,773,,-1.0
2026-07-08 19:04:26.910384,643473,752,,0.0
2026-07-08 19:04:26.910384,643970,837,,0.0
2026-07-08 19:04:26.910384,644593,820,,0.0
2026-07-08 19:04:26.910384,645618,702,,-0.5
2026-07-08 19:04:26.910384,646243,711,,1.0
2026-07-08 19:04:26.910384,647671,749,,4.2
2026-07-08 19:04:26.910384,647681,692,,0.0
2026-07-08 19:04:26.910384,647850,181,,1.0
2026-07-08 19:04:26.910384,647960,776,,0.0
2026-07-08 19:04:26.910384,649240,823,,-0.5
2026-07-08 19:04:26.910384,651426,723,,1.0
2026-07-08 19:04:26.910384,653481,792,,0.0
2026-07-08 19:04:26.910384,658013,799,,0.0
2026-07-08 19:04:26.910384,660392,732,,-1.0
2026-07-08 19:04:26.910384,661712,439,,0.0
2026-07-08 19:04:26.910384,664015,768,,-0.5
2026-07-08 19:04:26.910384,666607,772,,0.0
2026-07-08 19:04:26.910384,671606,833,,0.0
2026-07-08 19:04:26.910384,672492,762,,-1.0
2026-07-08 19:04:26.910384,677945,830,,0.5
2026-07-08 19:04:26.910384,678552,756,,0.0
2026-07-08 19:04:26.910384,685628,809,,0.0
2026-07-08 19:04:26.910384,699989,800,,0.0
2026-07-08 19:04:26.910384,704232,784,,0.0
2026-07-08 19:04:26.910384,718875,832,,0.5
2026-07-08 19:38:07.691564,15157,170,,0.0
2026-07-08 19:38:07.691564,17761,291,,5.2
2026-07-08 19:38:07.691564,19236,753,,0.0
2026-07-08 19:38:07.691564,21205,434,,0.0
2026-07-08 19:38:07.691564,37096,738,,0.0
2026-07-08 19:38:07.691564,40383,782,,0.0
2026-07-08 19:38:07.691564,44699,218,,0.0
2026-07-08 19:38:07.691564,49262,138,,0.0
2026-07-08 19:38:07.691564,50175,178,,3.0
2026-07-08 19:38:07.691564,51943,185,,0.0
2026-07-08 19:38:07.691564,54469,73,,5.7
2026-07-08 19:38:07.691564,56979,124,,-0.3
2026-07-08 19:38:07.691564,57328,263,,-0.8
2026-07-08 19:38:07.691564,58621,187,,1.3
2026-07-08 19:38:07.691564,59735,341,,5.0
2026-07-08 19:38:07.691564,59859,420,,0.0
2026-07-08 19:38:07.691564,59949,294,,0.2
2026-07-08 19:38:07.691564,60307,783,,3.7
2026-07-08 19:38:07.691564,60689,525,,2.8
2026-07-08 19:38:07.691564,61256,457,,0.0
2026-07-08 19:38:07.691564,67089,470,,0.7
2026-07-08 19:38:07.691564,69752,66,,0.0
2026-07-08 19:38:07.691564,72147,33,,-0.5
2026-07-08 19:38:07.691564,74854,529,,0.0
2026-07-08 19:38:07.691564,75115,671,,2.0
2026-07-08 19:38:07.691564,76357,331,,0.8
2026-07-08 19:38:07.691564,77794,478,,0.8
2026-07-08 19:38:07.691564,78916,476,,3.2
2026-07-08 19:38:07.691564,79602,629,,1.0
2026-07-08 19:38:07.691564,80201,314,,3.8
2026-07-08 19:38:07.691564,80801,302,,0.2
2026-07-08 19:38:07.691564,81441,471,,0.0
2026-07-08 19:38:07.691564,82143,601,,0.0
2026-07-08 19:38:07.691564,83299,146,,5.7
2026-07-08 19:38:07.691564,84182,600,,0.0
2026-07-08 19:38:07.691564,84450,668,,4.2
2026-07-08 19:38:07.691564,85633,502,,5.0
2026-07-08 19:38:07.691564,85971,579,,0.0
2026-07-08 19:38:07.691564,86873,664,,0.0
2026-07-08 19:38:07.691564,87835,632,,0.0
2026-07-08 19:38:07.691564,88248,400,,0.0
2026-07-08 19:38:07.691564,88894,55,,2.5
2026-07-08 19:38:07.691564,90585,514,,0.0
2026-07-08 19:38:07.691564,91651,422,,2.0
2026-07-08 19:38:07.691564,91889,625,,0.0
2026-07-08 19:38:07.691564,95658,442,,5.2
2026-07-08 19:38:07.691564,97032,373,,5.7
2026-07-08 19:38:07.691564,97299,409,,0.7
2026-07-08 19:38:07.691564,97846,340,,0.0
2026-07-08 19:38:07.691564,98747,469,,3.0
2026-07-08 19:38:07.691564,98980,32,,2.7
2026-07-08 19:38:07.691564,101148,480,,0.0
2026-07-08 19:38:07.691564,101178,614,,1.3
2026-07-08 19:38:07.691564,101188,37,,1.3
2026-07-08 19:38:07.691564,101982,627,,0.0
2026-07-08 19:38:07.691564,102057,337,,1.2
2026-07-08 19:38:07.691564,105717,678,,0.0
2026-07-08 19:38:07.691564,106468,43,,0.0
2026-07-08 19:38:07.691564,106611,295,,2.0
2026-07-08 19:38:07.691564,106617,363,,0.0
2026-07-08 19:38:07.691564,106760,443,,4.8
2026-07-08 19:38:07.691564,107265,675,,0.0
2026-07-08 19:38:07.691564,108413,270,,-0.8
2026-07-08 19:38:07.691564,109345,159,,0.7
2026-07-08 19:38:07.691564,109533,604,,0.0
2026-07-08 19:38:07.691564,109646,232,,0.0
2026-07-08 19:38:07.691564,109745,2,,1.0
2026-07-08 19:38:07.691564,110504,735,,0.0
2026-07-08 19:38:07.691564,110735,153,,0.0
2026-07-08 19:38:07.691564,111234,287,,1.5
2026-07-08 19:38:07.691564,111317,86,,2.0
2026-07-08 19:38:07.691564,111452,472,,0.0
2026-07-08 19:38:07.691564,111478,152,,2.7
2026-07-08 19:38:07.691564,111773,479,,0.0
2026-07-08 19:38:07.691564,113564,346,,0.3
2026-07-08 19:38:07.691564,114243,489,,3.5
2026-07-08 19:38:07.691564,114283,419,,0.0
2026-07-08 19:38:07.691564,115556,571,,0.0
2026-07-08 19:38:07.691564,116216,20,,5.5
2026-07-08 19:38:07.691564,116535,366,,0.4
2026-07-08 19:38:07.691564,118748,381,,1.0
2026-07-08 19:38:07.691564,119471,474,,0.0
2026-07-08 19:38:07.691564,121160,399,,0.0
2026-07-08 19:38:07.691564,121709,254,,-1.0
2026-07-08 19:38:07.691564,122074,401,,0.5
2026-07-08 19:38:07.691564,122798,372,,2.5
2026-07-08 19:38:07.691564,122806,54,,2.7
2026-07-08 19:38:07.691564,124165,545,,0.0
2026-07-08 19:38:07.691564,126184,405,,2.3
2026-07-08 19:38:07.691564,128295,24,,1.0
2026-07-08 19:38:07.691564,135720,570,,3.5
2026-07-08 19:38:07.691564,138001,630,,0.0
2026-07-08 19:38:07.691564,141746,449,,5.5
2026-07-08 19:38:07.691564,149065,628,,1.2
2026-07-08 19:38:07.691564,149484,40,,-0.3
2026-07-08 19:38:07.691564,149519,617,,0.0
2026-07-08 19:38:07.691564,151589,61,,0.0
2026-07-08 19:38:07.691564,152551,272,,-0.4
2026-07-08 19:38:07.691564,153127,495,,0.0
2026-07-08 19:38:07.691564,153133,324,,0.5
2026-07-08 19:38:07.691564,153366,336,,0.5
2026-07-08 19:38:07.691564,153682,329,,1.8
2026-07-08 19:38:07.691564,154296,673,,4.5
2026-07-08 19:38:07.691564,154561,1,,8.8
2026-07-08 19:38:07.691564,154566,596,,0.2
2026-07-08 19:38:07.691564,155405,429,,0.0
2026-07-08 19:38:07.691564,155408,88,,0.3
2026-07-08 19:38:07.691564,155503,369,,1.7
2026-07-08 19:38:07.691564,155511,817,,2.0
2026-07-08 19:38:07.691564,156074,264,,0.0
2026-07-08 19:38:07.691564,156689,327,,0.0
2026-07-08 19:38:07.691564,158499,87,,0.0
2026-07-08 19:38:07.691564,158534,659,,0.8
2026-07-08 19:38:07.691564,158983,392,,0.2
2026-07-08 19:38:07.691564,159506,507,,1.7
2026-07-08 19:38:07.691564,159533,326,,0.1
2026-07-08 19:38:07.691564,165809,416,,3.0
2026-07-08 19:38:07.691564,166477,319,,3.2
2026-07-08 19:38:07.691564,166989,48,,2.0
2026-07-08 19:38:07.691564,167074,322,,0.0
2026-07-08 19:38:07.691564,167512,539,,1.0
2026-07-08 19:38:07.691564,167887,209,,1.0
2026-07-08 19:38:07.691564,168636,98,,1.0
2026-07-08 19:38:07.691564,168991,89,,0.0
2026-07-08 19:38:07.691564,169359,484,,0.0
2026-07-08 19:38:07.691564,169528,316,,3.8
2026-07-08 19:38:07.691564,169593,255,,-1.0
2026-07-08 19:38:07.691564,171287,376,,0.7
2026-07-08 19:38:07.691564,171314,408,,0.5
2026-07-08 19:38:07.691564,171422,555,,0.0
2026-07-08 19:38:07.691564,172567,205,,0.0
2026-07-08 19:38:07.691564,172649,253,,0.0
2026-07-08 19:38:07.691564,172780,581,,0.5
2026-07-08 19:38:07.691564,173879,808,,0.0
2026-07-08 19:38:07.691564,174592,206,,0.0
2026-07-08 19:38:07.691564,174594,365,,1.0
2026-07-08 19:38:07.691564,174874,317,,0.0
2026-07-08 19:38:07.691564,176297,451,,0.0
2026-07-08 19:38:07.691564,177815,691,,6.7
2026-07-08 19:38:07.691564,178186,624,,4.0
2026-07-08 19:38:07.691564,178301,64,,6.3
2026-07-08 19:38:07.691564,179268,224,,2.0
2026-07-08 19:38:07.691564,179458,202,,0.7
2026-07-08 19:38:07.691564,180135,493,,1.0
2026-07-08 19:38:07.691564,180736,226,,0.7
2026-07-08 19:38:07.691564,180804,198,,1.7
2026-07-08 19:38:07.691564,180974,490,,0.0
2026-07-08 19:38:07.691564,181284,647,,0.0
2026-07-08 19:38:07.691564,183656,748,,0.0
2026-07-08 19:38:07.691564,183751,201,,0.0
2026-07-08 19:38:07.691564,184029,17,,3.5
2026-07-08 19:38:07.691564,184254,565,,0.0
2026-07-08 19:38:07.691564,184341,455,,1.5
2026-07-08 19:38:07.691564,184349,328,,2.1
2026-07-08 19:38:07.691564,184667,719,,0.3
2026-07-08 19:38:07.691564,184754,642,,1.8
2026-07-08 19:38:07.691564,191866,108,,1.0
2026-07-08 19:38:07.691564,192290,186,,0.0
2026-07-08 19:38:07.691564,194010,109,,0.0
2026-07-08 19:38:07.691564,195384,22,,0.8
2026-07-08 19:38:07.691564,195546,50,,2.3
2026-07-08 19:38:07.691564,197024,618,,0.0
2026-07-08 19:38:07.691564,198869,11,,0.0
2026-07-08 19:38:07.691564,199598,354,,4.7
2026-07-08 19:38:07.691564,199670,285,,0.0
2026-07-08 19:38:07.691564,199796,36,,1.5
2026-07-08 19:38:07.691564,199798,38,,0.5
2026-07-08 19:38:07.691564,200089,494,,2.0
2026-07-08 19:38:07.691564,200617,353,,1.3
2026-07-08 19:38:07.691564,200641,27,,0.5
2026-07-08 19:38:07.691564,200720,101,,3.3
2026-07-08 19:38:07.691564,200785,85,,2.3
2026-07-08 19:38:07.691564,200834,694,,4.8
2026-07-08 19:38:07.691564,201595,665,,0.0
2026-07-08 19:38:07.691564,201658,84,,2.3
2026-07-08 19:38:07.691564,201666,487,,4.8
2026-07-08 19:38:07.691564,201895,683,,1.6
2026-07-08 19:38:07.691564,202641,432,,0.0
2026-07-08 19:38:07.691564,202993,585,,3.2
2026-07-08 19:38:07.691564,204120,143,,0.3
2026-07-08 19:38:07.691564,204214,147,,0.0
2026-07-08 19:38:07.691564,204480,21,,4.8
2026-07-08 19:38:07.691564,204580,125,,0.3
2026-07-08 19:38:07.691564,204646,53,,0.0
2026-07-08 19:38:07.691564,204716,374,,2.3
2026-07-08 19:38:07.691564,204822,512,,0.0
2026-07-08 19:38:07.691564,204936,736,,4.5
2026-07-08 19:38:07.691564,204968,522,,1.0
2026-07-08 19:38:07.691564,205533,284,,0.0
2026-07-08 19:38:07.691564,205651,31,,1.2
2026-07-08 19:38:07.691564,206325,12,,0.0
2026-07-08 19:38:07.691564,206915,388,,3.5
2026-07-08 19:38:07.691564,207189,330,,1.0
2026-07-08 19:38:07.691564,207283,126,,4.3
2026-07-08 19:38:07.691564,208706,488,,4.5
2026-07-08 19:38:07.691564,208912,199,,0.0
2026-07-08 19:38:07.691564,209036,260,,5.7
2026-07-08 19:38:07.691564,209041,816,,0.5
2026-07-08 19:38:07.691564,209046,516,,0.0
2026-07-08 19:38:07.691564,209243,456,,0.5
2026-07-08 19:38:07.691564,209244,414,,4.3
2026-07-08 19:38:07.691564,209288,140,,0.0
2026-07-08 19:38:07.691564,209289,325,,2.0
2026-07-08 19:38:07.691564,209365,436,,0.0
2026-07-08 19:38:07.691564,209400,271,,1.2
2026-07-08 19:38:07.691564,210156,527,,5.8
2026-07-08 19:38:07.691564,210462,521,,0.5
2026-07-08 19:38:07.691564,210494,607,,0.0
2026-07-08 19:38:07.691564,211975,404,,0.0
2026-07-08 19:38:07.691564,212314,332,,3.2
2026-07-08 19:38:07.691564,212319,597,,5.5
2026-07-08 19:38:07.691564,213198,240,,0.0
2026-07-08 19:38:07.691564,213999,616,,0.0
2026-07-08 19:38:07.691564,214048,605,,0.0
2026-07-08 19:38:07.691564,214225,348,,2.7
2026-07-08 19:38:07.691564,214285,377,,0.0
2026-07-08 19:38:07.691564,214572,566,,0.0
2026-07-08 19:38:07.691564,214590,610,,1.0
2026-07-08 19:38:07.691564,215059,220,,1.0
2026-07-08 19:38:07.691564,215136,508,,2.2
2026-07-08 19:38:07.691564,215379,517,,8.5
2026-07-08 19:38:07.691564,215413,242,,4.2
2026-07-08 19:38:07.691564,215439,613,,3.8
2026-07-08 19:38:07.691564,215460,550,,0.0
2026-07-08 19:38:07.691564,215711,49,,0.3
2026-07-08 19:38:07.691564,216051,440,,1.5
2026-07-08 19:38:07.691564,216055,722,,3.0
2026-07-08 19:38:07.691564,216094,370,,1.1
2026-07-08 19:38:07.691564,216646,135,,1.5
2026-07-08 19:38:07.691564,218328,727,,2.0
2026-07-08 19:38:07.691564,218364,259,,-0.8
2026-07-08 19:38:07.691564,219168,499,,2.0
2026-07-08 19:38:07.691564,219249,164,,0.0
2026-07-08 19:38:07.691564,219847,30,,4.2
2026-07-08 19:38:07.691564,219924,320,,0.8
2026-07-08 19:38:07.691564,219937,379,,0.5
2026-07-08 19:38:07.691564,220237,475,,4.0
2026-07-08 19:38:07.691564,220362,815,,1.8
2026-07-08 19:38:07.691564,220566,421,,2.3
2026-07-08 19:38:07.691564,220598,219,,0.0
2026-07-08 19:38:07.691564,220627,706,,4.0
2026-07-08 19:38:07.691564,220684,533,,0.0
2026-07-08 19:38:07.691564,220695,132,,0.0
2026-07-08 19:38:07.691564,221389,715,,0.0
2026-07-08 19:38:07.691564,221399,352,,0.0
2026-07-08 19:38:07.691564,221466,72,,8.7
2026-07-08 19:38:07.691564,221632,569,,0.0
2026-07-08 19:38:07.691564,221820,437,,2.2
2026-07-08 19:38:07.691564,222531,515,,6.0
2026-07-08 19:38:07.691564,222683,81,,0.0
2026-07-08 19:38:07.691564,222690,448,,0.0
2026-07-08 19:38:07.691564,222694,343,,0.5
2026-07-08 19:38:07.691564,223094,430,,7.3
2026-07-08 19:38:07.691564,223336,549,,0.0
2026-07-08 19:38:07.691564,223340,16,,7.0
2026-07-08 19:38:07.691564,223434,149,,0.0
2026-07-08 19:38:07.691564,223541,385,,1.3
2026-07-08 19:38:07.691564,223827,531,,0.0
2026-07-08 19:38:07.691564,223911,79,,0.0
2026-07-08 19:38:07.691564,224024,612,,0.0
2026-07-08 19:38:07.691564,224068,504,,0.0
2026-07-08 19:38:07.691564,224117,666,,6.0
2026-07-08 19:38:07.691564,224967,292,,0.8
2026-07-08 19:38:07.691564,224995,91,,0.0
2026-07-08 19:38:07.691564,225321,674,,0.0
2026-07-08 19:38:07.691564,225796,225,,0.3
2026-07-08 19:38:07.691564,226182,342,,1.3
2026-07-08 19:38:07.691564,226597,5,,8.8
2026-07-08 19:38:07.691564,226944,58,,0.0
2026-07-08 19:38:07.691564,226956,112,,0.0
2026-07-08 19:38:07.691564,227127,587,,1.0
2026-07-08 19:38:07.691564,227444,505,,3.0
2026-07-08 19:38:07.691564,229384,621,,0.0
2026-07-08 19:38:07.691564,229600,288,,0.0
2026-07-08 19:38:07.691564,230001,438,,3.0
2026-07-08 19:38:07.691564,230046,699,,0.0
2026-07-08 19:38:07.691564,230376,663,,0.0
2026-07-08 19:38:07.691564,231057,644,,0.5
2026-07-08 19:38:07.691564,231065,111,,-0.5
2026-07-08 19:38:07.691564,231416,148,,3.0
2026-07-08 19:38:07.691564,231480,636,,3.8
2026-07-08 19:38:07.691564,231747,283,,1.0
2026-07-08 19:38:07.691564,232112,459,,0.0
2026-07-08 19:38:07.691564,232185,267,,3.2
2026-07-08 19:38:07.691564,232356,774,,0.0
2026-07-08 19:38:07.691564,232413,266,,4.8
2026-07-08 19:38:07.691564,232571,528,,0.0
2026-07-08 19:38:07.691564,232653,52,,4.0
2026-07-08 19:38:07.691564,232787,796,,4.2
2026-07-08 19:38:07.691564,232792,150,,0.0
2026-07-08 19:38:07.691564,232820,534,,0.0
2026-07-08 19:38:07.691564,232826,485,,0.0
2026-07-08 19:38:07.691564,232859,573,,2.8
2026-07-08 19:38:07.691564,232892,318,,2.8
2026-07-08 19:38:07.691564,232928,303,,2.5
2026-07-08 19:38:07.691564,233963,606,,2.5
2026-07-08 19:38:07.691564,235448,102,,-0.5
2026-07-08 19:38:07.691564,235674,589,,0.0
2026-07-08 19:38:07.691564,235826,362,,0.3
2026-07-08 19:38:07.691564,240299,653,,0.0
2026-07-08 19:38:07.691564,240514,142,,0.0
2026-07-08 19:38:07.691564,241231,194,,0.0
2026-07-08 19:38:07.691564,242880,229,,0.0
2026-07-08 19:38:07.691564,242882,685,,0.0
2026-07-08 19:38:07.691564,242898,580,,0.6
2026-07-08 19:38:07.691564,243016,386,,5.5
2026-07-08 19:38:07.691564,243298,384,,3.5
2026-07-08 19:38:07.691564,243345,520,,0.0
2026-07-08 19:38:07.691564,243526,347,,0.0
2026-07-08 19:38:07.691564,243571,296,,0.2
2026-07-08 19:38:07.691564,244042,338,,1.2
2026-07-08 19:38:07.691564,244723,258,,0.6
2026-07-08 19:38:07.691564,244731,383,,0.0
2026-07-08 19:38:07.691564,244850,47,,3.7
2026-07-08 19:38:07.691564,244851,235,,1.3
2026-07-08 19:38:07.691564,244858,123,,0.0
2026-07-08 19:38:07.691564,244954,41,,0.7
2026-07-08 19:38:07.691564,246301,321,,0.0
2026-07-08 19:38:07.691564,247245,188,,0.0
2026-07-08 19:38:07.691564,247348,256,,2.0
2026-07-08 19:38:07.691564,247412,654,,0.6
2026-07-08 19:38:07.691564,247632,236,,1.7
2026-07-08 19:38:07.691564,247670,791,,2.2
2026-07-08 19:38:07.691564,247693,726,,1.5
2026-07-08 19:38:07.691564,247955,724,,2.0
2026-07-08 19:38:07.691564,248056,358,,4.0
2026-07-08 19:38:07.691564,248857,18,,2.2
2026-07-08 19:38:07.691564,248875,418,,7.7
2026-07-08 19:38:07.691564,248937,355,,0.0
2026-07-08 19:38:07.691564,249231,107,,3.0
2026-07-08 19:38:07.691564,250199,519,,1.0
2026-07-08 19:38:07.691564,250735,204,,0.0
2026-07-08 19:38:07.691564,424044,93,,0.0
2026-07-08 19:38:07.691564,424876,387,,6.7
2026-07-08 19:38:07.691564,427623,261,,0.0
2026-07-08 19:38:07.691564,427637,350,,1.0
2026-07-08 19:38:07.691564,428580,128,,0.0
2026-07-08 19:38:07.691564,428971,315,,0.0
2026-07-08 19:38:07.691564,429414,656,,0.0
2026-07-08 19:38:07.691564,430871,450,,4.5
2026-07-08 19:38:07.691564,431248,709,,0.5
2026-07-08 19:38:07.691564,431639,215,,2.7
2026-07-08 19:38:07.691564,432422,491,,1.1
2026-07-08 19:38:07.691564,432714,426,,1.8
2026-07-08 19:38:07.691564,432720,182,,0.5
2026-07-08 19:38:07.691564,432830,106,,2.5
2026-07-08 19:38:07.691564,433036,427,,0.7
2026-07-08 19:38:07.691564,433154,300,,0.8
2026-07-08 19:38:07.691564,433312,648,,0.0
2026-07-08 19:38:07.691564,433952,357,,0.0
2026-07-08 19:38:07.691564,434399,541,,3.2
2026-07-08 19:38:07.691564,434752,344,,6.0
2026-07-08 19:38:07.691564,435973,217,,0.3
2026-07-08 19:38:07.691564,435997,698,,0.0
2026-07-08 19:38:07.691564,436234,590,,0.0
2026-07-08 19:38:07.691564,436416,806,,0.0
2026-07-08 19:38:07.691564,436893,78,,0.0
2026-07-08 19:38:07.691564,437495,339,,0.0
2026-07-08 19:38:07.691564,437499,257,,1.2
2026-07-08 19:38:07.691564,437505,560,,1.8
2026-07-08 19:38:07.691564,437730,82,,4.3
2026-07-08 19:38:07.691564,437738,345,,2.3
2026-07-08 19:38:07.691564,437742,29,,0.0
2026-07-08 19:38:07.691564,437748,214,,0.0
2026-07-08 19:38:07.691564,438098,23,,0.0
2026-07-08 19:38:07.691564,438234,413,,4.5
2026-07-08 19:38:07.691564,438464,268,,0.0
2026-07-08 19:38:07.691564,439135,154,,0.0
2026-07-08 19:38:07.691564,440089,121,,4.3
2026-07-08 19:38:07.691564,440148,395,,0.0
2026-07-08 19:38:07.691564,440323,680,,0.3
2026-07-08 19:38:07.691564,440854,9,,0.0
2026-07-08 19:38:07.691564,440955,564,,0.0
2026-07-08 19:38:07.691564,440993,299,,2.0
2026-07-08 19:38:07.691564,441024,482,,0.0
2026-07-08 19:38:07.691564,441164,568,,3.2
2026-07-08 19:38:07.691564,441191,477,,0.0
2026-07-08 19:38:07.691564,441192,171,,0.0
2026-07-08 19:38:07.691564,441240,92,,0.0
2026-07-08 19:38:07.691564,441264,730,,3.0
2026-07-08 19:38:07.691564,441266,390,,4.3
2026-07-08 19:38:07.691564,441271,638,,0.0
2026-07-08 19:38:07.691564,441302,39,,0.3
2026-07-08 19:38:07.691564,444102,97,,2.7
2026-07-08 19:38:07.691564,444145,19,,1.2
2026-07-08 19:38:07.691564,444172,68,,0.0
2026-07-08 19:38:07.691564,444180,200,,4.7
2026-07-08 19:38:07.691564,444463,230,,2.3
2026-07-08 19:38:07.691564,444765,113,,2.0
2026-07-08 19:38:07.691564,444884,389,,-0.5
2026-07-08 19:38:07.691564,445044,583,,0.0
2026-07-08 19:38:07.691564,445122,8,,0.2
2026-07-08 19:38:07.691564,446008,119,,3.2
2026-07-08 19:38:07.691564,447203,397,,0.0
2026-07-08 19:38:07.691564,447325,289,,0.0
2026-07-08 19:38:07.691564,447715,211,,0.0
2026-07-08 19:38:07.691564,448047,237,,7.7
2026-07-08 19:38:07.691564,448089,646,,2.8
2026-07-08 19:38:07.691564,448104,725,,3.5
2026-07-08 19:38:07.691564,448514,402,,2.0
2026-07-08 19:38:07.691564,449027,367,,1.3
2026-07-08 19:38:07.691564,449434,486,,0.5
2026-07-08 19:38:07.691564,449871,59,,-0.5
2026-07-08 19:38:07.691564,449988,655,,0.0
2026-07-08 19:38:07.691564,450070,615,,1.5
2026-07-08 19:38:07.691564,450072,196,,0.0
2026-07-08 19:38:07.691564,450535,277,,0.0
2026-07-08 19:38:07.691564,450539,133,,0.0
2026-07-08 19:38:07.691564,450542,278,,0.0
2026-07-08 19:38:07.691564,451302,431,,0.0
2026-07-08 19:38:07.691564,451340,157,,0.0
2026-07-08 19:38:07.691564,451432,509,,0.0
2026-07-08 19:38:07.691564,456512,669,,0.0
2026-07-08 19:38:07.691564,457569,67,,5.0
2026-07-08 19:38:07.691564,458249,466,,0.8
2026-07-08 19:38:07.691564,458297,556,,0.0
2026-07-08 19:38:07.691564,460028,227,,1.7
2026-07-08 19:38:07.691564,460842,582,,0.0
2026-07-08 19:38:07.691564,461188,193,,0.3
2026-07-08 19:38:07.691564,461195,535,,0.0
2026-07-08 19:38:07.691564,461199,548,,0.0
2026-07-08 19:38:07.691564,461421,57,,0.0
2026-07-08 19:38:07.691564,461446,704,,0.0
2026-07-08 19:38:07.691564,461484,498,,0.0
2026-07-08 19:38:07.691564,461537,435,,0.0
2026-07-08 19:38:07.691564,461567,189,,0.0
2026-07-08 19:38:07.691564,462116,609,,0.5
2026-07-08 19:38:07.691564,462381,35,,0.0
2026-07-08 19:38:07.691564,462424,6,,7.5
2026-07-08 19:38:07.691564,462492,34,,0.0
2026-07-08 19:38:07.691564,462635,360,,0.0
2026-07-08 19:38:07.691564,463034,250,,0.3
2026-07-08 19:38:07.691564,463067,158,,1.0
2026-07-08 19:38:07.691564,463748,3,,0.0
2026-07-08 19:38:07.691564,463936,239,,0.0
2026-07-08 19:38:07.691564,463981,77,,5.7
2026-07-08 19:38:07.691564,465247,733,,3.8
2026-07-08 19:38:07.691564,465351,407,,2.7
2026-07-08 19:38:07.691564,465527,207,,2.0
2026-07-08 19:38:07.691564,465642,684,,2.0
2026-07-08 19:38:07.691564,465680,696,,0.0
2026-07-08 19:38:07.691564,465694,423,,1.0
2026-07-08 19:38:07.691564,465702,540,,0.0
2026-07-08 19:38:07.691564,465730,145,,6.0
2026-07-08 19:38:07.691564,465920,245,,0.0
2026-07-08 19:38:07.691564,466052,417,,3.3
2026-07-08 19:38:07.691564,466075,7,,4.8
2026-07-08 19:38:07.691564,466117,275,,0.0
2026-07-08 19:38:07.691564,466525,660,,0.0
2026-07-08 19:38:07.691564,467169,454,,0.0
2026-07-08 19:38:07.691564,467189,679,,2.8
2026-07-08 19:38:07.691564,467779,173,,0.3
2026-07-08 19:38:07.691564,469130,805,,0.2
2026-07-08 19:38:07.691564,469142,151,,3.3
2026-07-08 19:38:07.691564,469247,51,,0.0
2026-07-08 19:38:07.691564,469272,210,,4.0
2026-07-08 19:38:07.691564,470294,361,,0.0
2026-07-08 19:38:07.691564,470313,714,,2.8
2026-07-08 19:38:07.691564,470315,814,,2.0
2026-07-08 19:38:07.691564,471798,223,,0.0
2026-07-08 19:38:07.691564,472713,116,,0.3
2026-07-08 19:38:07.691564,472739,141,,0.0
2026-07-08 19:38:07.691564,472769,411,,2.5
2026-07-08 19:38:07.691564,474120,161,,0.0
2026-07-08 19:38:07.691564,474907,298,,0.0
2026-07-08 19:38:07.691564,475123,503,,0.0
2026-07-08 19:38:07.691564,475168,249,,2.5
2026-07-08 19:38:07.691564,476502,649,,0.0
2026-07-08 19:38:07.691564,476887,734,,2.8
2026-07-08 19:38:07.691564,477064,410,,0.5
2026-07-08 19:38:07.691564,477424,403,,0.7
2026-07-08 19:38:07.691564,477547,536,,0.0
2026-07-08 19:38:07.691564,477555,424,,1.2
2026-07-08 19:38:07.691564,477580,71,,0.0
2026-07-08 19:38:07.691564,477717,191,,2.7
2026-07-08 19:38:07.691564,477851,554,,0.0
2026-07-08 19:38:07.691564,478969,190,,1.0
2026-07-08 19:38:07.691564,480455,290,,0.0
2026-07-08 19:38:07.691564,481283,688,,-0.5
2026-07-08 19:38:07.691564,481655,26,,3.0
2026-07-08 19:38:07.691564,482442,593,,1.2
2026-07-08 19:38:07.691564,482609,228,,0.5
2026-07-08 19:38:07.691564,482973,526,,5.5
2026-07-08 19:38:07.691564,483081,635,,2.5
2026-07-08 19:38:07.691564,483364,602,,0.0
2026-07-08 19:38:07.691564,484420,547,,5.5
2026-07-08 19:38:07.691564,485047,511,,3.2
2026-07-08 19:38:07.691564,485055,567,,3.0
2026-07-08 19:38:07.691564,485337,677,,-0.8
2026-07-08 19:38:07.691564,485711,681,,1.6
2026-07-08 19:38:07.691564,486385,311,,2.8
2026-07-08 19:38:07.691564,486520,356,,0.0
2026-07-08 19:38:07.691564,486672,241,,2.0
2026-07-08 19:38:07.691564,487053,574,,1.0
2026-07-08 19:38:07.691564,487117,179,,0.0
2026-07-08 19:38:07.691564,487676,532,,1.8
2026-07-08 19:38:07.691564,487702,208,,0.0
2026-07-08 19:38:07.691564,487838,473,,1.0
2026-07-08 19:38:07.691564,488024,712,,-0.2
2026-07-08 19:38:07.691564,488213,720,,1.2
2026-07-08 19:38:07.691564,489571,184,,0.0
2026-07-08 19:38:07.691564,489580,380,,0.5
2026-07-08 19:38:07.691564,489639,139,,3.3
2026-07-08 19:38:07.691564,489706,276,,-0.2
2026-07-08 19:38:07.691564,489888,697,,0.7
2026-07-08 19:38:07.691564,490000,530,,0.0
2026-07-08 19:38:07.691564,490094,304,,1.5
2026-07-08 19:38:07.691564,490142,623,,0.2
2026-07-08 19:38:07.691564,490145,599,,0.0
2026-07-08 19:38:07.691564,490721,633,,2.2
2026-07-08 19:38:07.691564,490881,460,,0.0
2026-07-08 19:38:07.691564,490885,620,,0.0
2026-07-08 19:38:07.691564,491007,247,,0.0
2026-07-08 19:38:07.691564,491012,312,,0.0
2026-07-08 19:38:07.691564,491279,575,,2.5
2026-07-08 19:38:07.691564,491287,56,,0.0
2026-07-08 19:38:07.691564,491460,828,,0.0
2026-07-08 19:38:07.691564,491501,394,,0.0
2026-07-08 19:38:07.691564,491557,309,,0.0
2026-07-08 19:38:07.691564,491745,705,,0.0
2026-07-08 19:38:07.691564,492066,537,,0.0
2026-07-08 19:38:07.691564,492368,349,,0.0
2026-07-08 19:38:07.691564,492777,375,,0.0
2026-07-08 19:38:07.691564,492831,216,,1.0
2026-07-08 19:38:07.691564,492859,351,,1.0
2026-07-08 19:38:07.691564,493105,453,,0.3
2026-07-08 19:38:07.691564,493125,572,,0.2
2026-07-08 19:38:07.691564,493250,452,,1.8
2026-07-08 19:38:07.691564,493362,717,,0.0
2026-07-08 19:38:07.691564,493837,558,,0.0
2026-07-08 19:38:07.691564,494307,794,,0.5
2026-07-08 19:38:07.691564,494521,74,,6.7
2026-07-08 19:38:07.691564,494556,819,,-0.5
2026-07-08 19:38:07.691564,494595,382,,3.3
2026-07-08 19:38:07.691564,494960,192,,0.3
2026-07-08 19:38:07.691564,495145,70,,0.0
2026-07-08 19:38:07.691564,495161,524,,0.0
2026-07-08 19:38:07.691564,496178,297,,0.0
2026-07-08 19:38:07.691564,496208,391,,0.3
2026-07-08 19:38:07.691564,496221,273,,2.8
2026-07-08 19:38:07.691564,496279,308,,0.0
2026-07-08 19:38:07.691564,496661,707,,0.0
2026-07-08 19:38:07.691564,497606,650,,0.0
2026-07-08 19:38:07.691564,497894,465,,0.0
2026-07-08 19:38:07.691564,497949,682,,1.0
2026-07-08 19:38:07.691564,498016,670,,3.0
2026-07-08 19:38:07.691564,499167,15,,1.0
2026-07-08 19:38:07.691564,499169,10,,4.5
2026-07-08 19:38:07.691564,499175,25,,0.0
2026-07-08 19:38:07.691564,499300,667,,0.0
2026-07-08 19:38:07.691564,499309,252,,0.0
2026-07-08 19:38:07.691564,499604,807,,6.7
2026-07-08 19:38:07.691564,499716,750,,0.0
2026-07-08 19:38:07.691564,499717,118,,0.0
2026-07-08 19:38:07.691564,499721,592,,0.0
2026-07-08 19:38:07.691564,499726,595,,0.0
2026-07-08 19:38:07.691564,499857,803,,0.0
2026-07-08 19:38:07.691564,500040,662,,2.8
2026-07-08 19:38:07.691564,500058,398,,0.0
2026-07-08 19:38:07.691564,500151,716,,0.0
2026-07-08 19:38:07.691564,500696,559,,0.0
2026-07-08 19:38:07.691564,501837,634,,1.8
2026-07-08 19:38:07.691564,502500,136,,2.3
2026-07-08 19:38:07.691564,502697,301,,0.5
2026-07-08 19:38:07.691564,502988,798,,0.0
2026-07-08 19:38:07.691564,503139,90,,3.7
2026-07-08 19:38:07.691564,503300,103,,0.0
2026-07-08 19:38:07.691564,503301,693,,1.8
2026-07-08 19:38:07.691564,503714,676,,2.3
2026-07-08 19:38:07.691564,504296,307,,0.0
2026-07-08 19:38:07.691564,505079,786,,0.0
2026-07-08 19:38:07.691564,507433,105,,-0.5
2026-07-08 19:38:07.691564,508395,129,,3.7
2026-07-08 19:38:07.691564,508479,221,,1.0
2026-07-08 19:38:07.691564,509291,643,,1.8
2026-07-08 19:38:07.691564,509416,166,,0.7
2026-07-08 19:38:07.691564,510281,415,,3.3
2026-07-08 19:38:07.691564,510362,637,,2.2
2026-07-08 19:38:07.691564,510500,518,,0.0
2026-07-08 19:38:07.691564,510663,661,,0.0
2026-07-08 19:38:07.691564,511499,584,,4.2
2026-07-08 19:38:07.691564,512462,293,,2.0
2026-07-08 19:38:07.691564,513418,120,,1.5
2026-07-08 19:38:07.691564,513433,162,,0.0
2026-07-08 19:38:07.691564,513466,728,,4.0
2026-07-08 19:38:07.691564,513834,177,,0.0
2026-07-08 19:38:07.691564,514254,169,,0.3
2026-07-08 19:38:07.691564,514315,45,,0.0
2026-07-08 19:38:07.691564,514356,244,,0.2
2026-07-08 19:38:07.691564,514362,777,,0.0
2026-07-08 19:38:07.691564,514613,538,,0.0
2026-07-08 19:38:07.691564,515024,334,,0.0
2026-07-08 19:38:07.691564,515046,812,,0.0
2026-07-08 19:38:07.691564,515597,44,,0.5
2026-07-08 19:38:07.691564,515621,262,,-0.4
2026-07-08 19:38:07.691564,516211,165,,0.0
2026-07-08 19:38:07.691564,516234,763,,0.5
2026-07-08 19:38:07.691564,516875,757,,-0.5
2026-07-08 19:38:07.691564,516895,458,,5.5
2026-07-08 19:38:07.691564,516939,631,,0.0
2026-07-08 19:38:07.691564,517052,251,,0.0
2026-07-08 19:38:07.691564,517179,641,,0.0
2026-07-08 19:38:07.691564,518030,183,,1.3
2026-07-08 19:38:07.691564,518335,789,,0.0
2026-07-08 19:38:07.691564,518438,611,,0.0
2026-07-08 19:38:07.691564,518442,622,,0.0
2026-07-08 19:38:07.691564,518906,76,,0.0
2026-07-08 19:38:07.691564,519440,760,,0.5
2026-07-08 19:38:07.691564,519634,542,,0.0
2026-07-08 19:38:07.691564,519895,197,,0.0
2026-07-08 19:38:07.691564,519913,771,,0.0
2026-07-08 19:38:07.691564,523705,695,,0.2
2026-07-08 19:38:07.691564,530121,95,,0.0
2026-07-08 19:38:07.691564,530318,281,,-1.0
2026-07-08 19:38:07.691564,530335,785,,1.5
2026-07-08 19:38:07.691564,531363,658,,0.0
2026-07-08 19:38:07.691564,531989,280,,0.0
2026-07-08 19:38:07.691564,532529,163,,6.0
2026-07-08 19:38:07.691564,532605,246,,4.3
2026-07-08 19:38:07.691564,533463,83,,5.3
2026-07-08 19:38:07.691564,533710,137,,0.0
2026-07-08 19:38:07.691564,534836,710,,-0.5
2026-07-08 19:38:07.691564,535017,104,,-0.5
2026-07-08 19:38:07.691564,535301,167,,3.3
2026-07-08 19:38:07.691564,535818,543,,0.0
2026-07-08 19:38:07.691564,535928,393,,0.0
2026-07-08 19:38:07.691564,536109,608,,0.0
2026-07-08 19:38:07.691564,536119,359,,0.0
2026-07-08 19:38:07.691564,536134,811,,0.0
2026-07-08 19:38:07.691564,536241,313,,0.0
2026-07-08 19:38:07.691564,536661,813,,0.8
2026-07-08 19:38:07.691564,536694,279,,0.0
2026-07-08 19:38:07.691564,536916,168,,0.0
2026-07-08 19:38:07.691564,537403,63,,0.0
2026-07-08 19:38:07.691564,538207,500,,6.5
2026-07-08 19:38:07.691564,541462,75,,0.0
2026-07-08 19:38:07.691564,543295,122,,0.0
2026-07-08 19:38:07.691564,544877,371,,1.5
2026-07-08 19:38:07.691564,545477,481,,0.0
2026-07-08 19:38:07.691564,547027,544,,1.5
2026-07-08 19:38:07.691564,547037,462,,0.0
2026-07-08 19:38:07.691564,547410,557,,0.0
2026-07-08 19:38:07.691564,547671,826,,-0.5
2026-07-08 19:38:07.691564,547676,446,,0.0
2026-07-08 19:38:07.691564,547701,591,,0.0
2026-07-08 19:38:07.691564,547719,497,,0.0
2026-07-08 19:38:07.691564,547720,156,,0.0
2026-07-08 19:38:07.691564,547801,306,,0.0
2026-07-08 19:38:07.691564,548308,576,,0.0
2026-07-08 19:38:07.691564,549067,513,,0.2
2026-07-08 19:38:07.691564,549074,172,,0.0
2026-07-08 19:38:07.691564,549329,195,,1.0
2026-07-08 19:38:07.691564,549912,553,,0.0
2026-07-08 19:38:07.691564,549939,222,,0.0
2026-07-08 19:38:07.691564,550090,144,,0.0
2026-07-08 19:38:07.691564,550141,176,,0.0
2026-07-08 19:38:07.691564,550596,94,,0.0
2026-07-08 19:38:07.691564,550615,243,,0.8
2026-07-08 19:38:07.691564,550839,588,,0.0
2026-07-08 19:38:07.691564,550864,444,,0.5
2026-07-08 19:38:07.691564,551153,563,,0.0
2026-07-08 19:38:07.691564,551206,213,,0.0
2026-07-08 19:38:07.691564,551210,672,,1.3
2026-07-08 19:38:07.691564,551221,4,,1.0
2026-07-08 19:38:07.691564,551226,708,,3.0
2026-07-08 19:38:07.691564,551483,713,,0.0
2026-07-08 19:38:07.691564,552427,598,,0.0
2026-07-08 19:38:07.691564,553299,577,,0.0
2026-07-08 19:38:07.691564,553742,825,,0.0
2026-07-08 19:38:07.691564,553746,765,,0.0
2026-07-08 19:38:07.691564,554197,551,,1.2
2026-07-08 19:38:07.691564,556637,744,,0.0
2026-07-08 19:38:07.691564,556639,461,,0.0
2026-07-08 19:38:07.691564,559610,810,,-0.5
2026-07-08 19:38:07.691564,559684,464,,0.0
2026-07-08 19:38:07.691564,559962,62,,0.0
2026-07-08 19:38:07.691564,560248,639,,0.0
2026-07-08 19:38:07.691564,560262,100,,5.3
2026-07-08 19:38:07.691564,560441,729,,0.0
2026-07-08 19:38:07.691564,560552,731,,0.5
2026-07-08 19:38:07.691564,563324,13,,1.0
2026-07-08 19:38:07.691564,564406,561,,0.2
2026-07-08 19:38:07.691564,564505,703,,-0.5
2026-07-08 19:38:07.691564,564510,496,,0.0
2026-07-08 19:38:07.691564,564940,718,,0.2
2026-07-08 19:38:07.691564,565297,364,,0.0
2026-07-08 19:38:07.691564,565431,626,,0.0
2026-07-08 19:38:07.691564,565863,787,,0.0
2026-07-08 19:38:07.691564,566164,428,,0.5
2026-07-08 19:38:07.691564,566213,740,,0.0
2026-07-08 19:38:07.691564,567119,840,,1.3
2026-07-08 19:38:07.691564,567121,175,,0.0
2026-07-08 19:38:07.691564,568159,835,,0.0
2026-07-08 19:38:07.691564,568791,69,,0.0
2026-07-08 19:38:07.691564,569014,523,,0.0
2026-07-08 19:38:07.691564,569577,701,,0.0
2026-07-08 19:38:07.691564,570241,117,,0.0
2026-07-08 19:38:07.691564,570526,586,,0.8
2026-07-08 19:38:07.691564,570929,821,,0.0
2026-07-08 19:38:07.691564,571087,822,,0.0
2026-07-08 19:38:07.691564,572702,802,,0.0
2026-07-08 19:38:07.691564,573062,333,,0.0
2026-07-08 19:38:07.691564,574398,282,,0.0
2026-07-08 19:38:07.691564,574458,231,,0.3
2026-07-08 19:38:07.691564,575034,468,,0.0
2026-07-08 19:38:07.691564,575204,425,,0.0
2026-07-08 19:38:07.691564,575458,510,,1.2
2026-07-08 19:38:07.691564,575476,506,,0.0
2026-07-08 19:38:07.691564,575901,80,,0.0
2026-07-08 19:38:07.691564,576323,212,,0.0
2026-07-08 19:38:07.691564,576620,769,,0.0
2026-07-08 19:38:07.691564,576628,755,,0.0
2026-07-08 19:38:07.691564,576634,827,,0.0
2026-07-08 19:38:07.691564,576637,788,,0.0
2026-07-08 19:38:07.691564,576756,65,,0.0
2026-07-08 19:38:07.691564,576980,286,,-1.0
2026-07-08 19:38:07.691564,577016,233,,0.7
2026-07-08 19:38:07.691564,577114,619,,0.0
2026-07-08 19:38:07.691564,577285,754,,-0.5
2026-07-08 19:38:07.691564,577669,552,,2.8
2026-07-08 19:38:07.691564,577725,335,,0.8
2026-07-08 19:38:07.691564,577731,60,,0.0
2026-07-08 19:38:07.691564,577974,445,,0.0
2026-07-08 19:38:07.691564,577978,838,,0.0
2026-07-08 19:38:07.691564,578153,406,,3.3
2026-07-08 19:38:07.691564,578512,483,,0.0
2026-07-08 19:38:07.691564,578614,203,,0.0
2026-07-08 19:38:07.691564,579075,274,,-1.0
2026-07-08 19:38:07.691564,580921,764,,0.5
2026-07-08 19:38:07.691564,586268,368,,0.5
2026-07-08 19:38:07.691564,586309,310,,3.8
2026-07-08 19:38:07.691564,587178,46,,0.0
2026-07-08 19:38:07.691564,587433,824,,-0.5
2026-07-08 19:38:07.691564,588555,433,,0.0
2026-07-08 19:38:07.691564,588793,14,,0.0
2026-07-08 19:38:07.691564,588796,28,,0.0
2026-07-08 19:38:07.691564,589100,155,,0.0
2026-07-08 19:38:07.691564,589121,778,,0.0
2026-07-08 19:38:07.691564,589507,657,,0.0
2026-07-08 19:38:07.691564,590012,265,,-1.0
2026-07-08 19:38:07.691564,590014,690,,-1.0
2026-07-08 19:38:07.691564,590035,751,,0.0
2026-07-08 19:38:07.691564,590039,739,,0.0
2026-07-08 19:38:07.691564,590040,836,,0.0
2026-07-08 19:38:07.691564,590760,99,,0.0
2026-07-08 19:38:07.691564,591357,134,,0.0
2026-07-08 19:38:07.691564,591384,793,,-1.0
2026-07-08 19:38:07.691564,591385,323,,0.0
2026-07-08 19:38:07.691564,591386,396,,0.5
2026-07-08 19:38:07.691564,592031,160,,4.7
2026-07-08 19:38:07.691564,592740,839,,1.3
2026-07-08 19:38:07.691564,593001,652,,0.0
2026-07-08 19:38:07.691564,593174,797,,-0.3
2026-07-08 19:38:07.691564,596042,746,,0.5
2026-07-08 19:38:07.691564,596047,467,,0.0
2026-07-08 19:38:07.691564,596054,651,,0.2
2026-07-08 19:38:07.691564,596777,441,,0.8
2026-07-08 19:38:07.691564,597320,795,,0.0
2026-07-08 19:38:07.691564,599303,501,,0.0
2026-07-08 19:38:07.691564,600882,741,,0.0
2026-07-08 19:38:07.691564,601956,766,,0.0
2026-07-08 19:38:07.691564,602903,747,,0.0
2026-07-08 19:38:07.691564,604211,775,,0.0
2026-07-08 19:38:07.691564,604988,761,,0.0
2026-07-08 19:38:07.691564,605319,767,,0.0
2026-07-08 19:38:07.691564,606689,130,,-0.5
2026-07-08 19:38:07.691564,606745,447,,0.8
2026-07-08 19:38:07.691564,606774,687,,0.0
2026-07-08 19:38:07.691564,606775,96,,0.0
2026-07-08 19:38:07.691564,606798,42,,-0.5
2026-07-08 19:38:07.691564,606921,269,,0.0
2026-07-08 19:38:07.691564,607464,110,,1.3
2026-07-08 19:38:07.691564,608181,180,,0.0
2026-07-08 19:38:07.691564,609873,305,,0.2
2026-07-08 19:38:07.691564,610799,578,,0.0
2026-07-08 19:38:07.691564,611134,248,,0.0
2026-07-08 19:38:07.691564,611695,174,,0.0
2026-07-08 19:38:07.691564,611912,743,,0.0
2026-07-08 19:38:07.691564,611917,790,,0.0
2026-07-08 19:38:07.691564,611922,686,,2.7
2026-07-08 19:38:07.691564,611926,378,,0.5
2026-07-08 19:38:07.691564,611975,562,,0.0
2026-07-08 19:38:07.691564,612534,115,,0.0
2026-07-08 19:38:07.691564,613232,818,,0.0
2026-07-08 19:38:07.691564,613804,603,,1.2
2026-07-08 19:38:07.691564,614574,801,,0.3
2026-07-08 19:38:07.691564,616065,759,,1.0
2026-07-08 19:38:07.691564,616077,700,,1.2
2026-07-08 19:38:07.691564,616221,804,,0.0
2026-07-08 19:38:07.691564,616222,412,,0.0
2026-07-08 19:38:07.691564,616286,834,,0.0
2026-07-08 19:38:07.691564,616288,742,,0.5
2026-07-08 19:38:07.691564,618027,781,,-0.5
2026-07-08 19:38:07.691564,618873,463,,0.0
2026-07-08 19:38:07.691564,619536,770,,0.0
2026-07-08 19:38:07.691564,619734,829,,0.3
2026-07-08 19:38:07.691564,620487,721,,0.0
2026-07-08 19:38:07.691564,622536,114,,0.0
2026-07-08 19:38:07.691564,622758,234,,0.0
2026-07-08 19:38:07.691564,623095,594,,0.0
2026-07-08 19:38:07.691564,623110,689,,0.0
2026-07-08 19:38:07.691564,624773,238,,0.0
2026-07-08 19:38:07.691564,626464,127,,0.0
2026-07-08 19:38:07.691564,626844,546,,0.0
2026-07-08 19:38:07.691564,627888,831,,0.0
2026-07-08 19:38:07.691564,628204,131,,0.0
2026-07-08 19:38:07.691564,629068,779,,0.0
2026-07-08 19:38:07.691564,630699,758,,0.0
2026-07-08 19:38:07.691564,631106,780,,-1.0
2026-07-08 19:38:07.691564,631786,737,,0.0
2026-07-08 19:38:07.691564,640108,492,,0.0
2026-07-08 19:38:07.691564,640419,745,,0.0
2026-07-08 19:38:07.691564,641221,640,,1.2
2026-07-08 19:38:07.691564,643135,645,,0.0
2026-07-08 19:38:07.691564,643426,773,,-1.0
2026-07-08 19:38:07.691564,643473,752,,0.0
2026-07-08 19:38:07.691564,643970,837,,0.0
2026-07-08 19:38:07.691564,644593,820,,0.0
2026-07-08 19:38:07.691564,645618,702,,-0.5
2026-07-08 19:38:07.691564,646243,711,,1.0
2026-07-08 19:38:07.691564,647671,749,,4.2
2026-07-08 19:38:07.691564,647681,692,,0.0
2026-07-08 19:38:07.691564,647850,181,,1.0
2026-07-08 19:38:07.691564,647960,776,,0.0
2026-07-08 19:38:07.691564,649240,823,,-0.5
2026-07-08 19:38:07.691564,651426,723,,1.0
2026-07-08 19:38:07.691564,653481,792,,0.0
2026-07-08 19:38:07.691564,658013,799,,0.0
2026-07-08 19:38:07.691564,660392,732,,-1.0
2026-07-08 19:38:07.691564,661712,439,,0.0
2026-07-08 19:38:07.691564,664015,768,,-0.5
2026-07-08 19:38:07.691564,666607,772,,0.0
2026-07-08 19:38:07.691564,671606,833,,0.0
2026-07-08 19:38:07.691564,672492,762,,-1.0
2026-07-08 19:38:07.691564,677945,830,,0.5
2026-07-08 19:38:07.691564,678552,756,,0.0
2026-07-08 19:38:07.691564,685628,809,,0.0
2026-07-08 19:38:07.691564,699989,800,,0.0
2026-07-08 19:38:07.691564,704232,784,,0.0
2026-07-08 19:38:07.691564,718875,832,,0.5
2026-07-20 17:26:11.699564,15157,170,,0.0
2026-07-20 17:26:11.699564,17761,291,,5.2
2026-07-20 17:26:11.699564,19236,753,,0.0
2026-07-20 17:26:11.699564,21205,434,,0.0
2026-07-20 17:26:11.699564,37096,738,,0.0
2026-07-20 17:26:11.699564,40383,782,,0.0
2026-07-20 17:26:11.699564,44699,218,,0.0
2026-07-20 17:26:11.699564,49262,138,,0.0
2026-07-20 17:26:11.699564,50175,178,,3.0
2026-07-20 17:26:11.699564,51943,185,,0.0
2026-07-20 17:26:11.699564,54469,73,,5.7
2026-07-20 17:26:11.699564,56979,124,,-0.3
2026-07-20 17:26:11.699564,57328,263,,-0.8
2026-07-20 17:26:11.699564,58621,187,,1.3
2026-07-20 17:26:11.699564,59735,341,,5.0
2026-07-20 17:26:11.699564,59859,420,,0.0
2026-07-20 17:26:11.699564,59949,294,,0.2
2026-07-20 17:26:11.699564,60307,783,,3.7
2026-07-20 17:26:11.699564,60689,525,,2.8
2026-07-20 17:26:11.699564,61256,457,,0.0
2026-07-20 17:26:11.699564,67089,470,,0.7
2026-07-20 17:26:11.699564,69752,66,,0.0
2026-07-20 17:26:11.699564,72147,33,,-0.5
2026-07-20 17:26:11.699564,74854,529,,0.0
2026-07-20 17:26:11.699564,75115,671,,2.0
2026-07-20 17:26:11.699564,76357,331,,0.8
2026-07-20 17:26:11.699564,77794,478,,0.8
2026-07-20 17:26:11.699564,78916,476,,3.2
2026-07-20 17:26:11.699564,79602,629,,1.0
2026-07-20 17:26:11.699564,80201,314,,3.8
2026-07-20 17:26:11.699564,80801,302,,0.2
2026-07-20 17:26:11.699564,81441,471,,0.0
2026-07-20 17:26:11.699564,82143,601,,0.0
2026-07-20 17:26:11.699564,83299,146,,5.7
2026-07-20 17:26:11.699564,84182,600,,0.0
2026-07-20 17:26:11.699564,84450,668,,4.2
2026-07-20 17:26:11.699564,85633,502,,5.0
2026-07-20 17:26:11.699564,85971,579,,0.0
2026-07-20 17:26:11.699564,86873,664,,0.0
2026-07-20 17:26:11.699564,87835,632,,0.0
2026-07-20 17:26:11.699564,88248,400,,0.0
2026-07-20 17:26:11.699564,88894,55,,2.5
2026-07-20 17:26:11.699564,90585,514,,0.0
2026-07-20 17:26:11.699564,91651,422,,2.0
2026-07-20 17:26:11.699564,91889,625,,0.0
2026-07-20 17:26:11.699564,95658,442,,5.2
2026-07-20 17:26:11.699564,97032,373,,5.7
2026-07-20 17:26:11.699564,97299,409,,0.7
2026-07-20 17:26:11.699564,97846,340,,0.0
2026-07-20 17:26:11.699564,98747,469,,3.0
2026-07-20 17:26:11.699564,98980,32,,2.7
2026-07-20 17:26:11.699564,101148,480,,0.0
2026-07-20 17:26:11.699564,101178,614,,1.3
2026-07-20 17:26:11.699564,101188,37,,1.3
2026-07-20 17:26:11.699564,101982,627,,0.0
2026-07-20 17:26:11.699564,102057,337,,1.2
2026-07-20 17:26:11.699564,105717,678,,0.0
2026-07-20 17:26:11.699564,106468,43,,0.0
2026-07-20 17:26:11.699564,106611,295,,2.0
2026-07-20 17:26:11.699564,106617,363,,0.0
2026-07-20 17:26:11.699564,106760,443,,4.8
2026-07-20 17:26:11.699564,107265,675,,0.0
2026-07-20 17:26:11.699564,108413,270,,-0.8
2026-07-20 17:26:11.699564,109345,159,,0.7
2026-07-20 17:26:11.699564,109533,604,,0.0
2026-07-20 17:26:11.699564,109646,232,,0.0
2026-07-20 17:26:11.699564,109745,2,,1.0
2026-07-20 17:26:11.699564,110504,735,,0.0
2026-07-20 17:26:11.699564,110735,153,,0.0
2026-07-20 17:26:11.699564,111234,287,,1.5
2026-07-20 17:26:11.699564,111317,86,,2.0
2026-07-20 17:26:11.699564,111452,472,,0.0
2026-07-20 17:26:11.699564,111478,152,,2.7
2026-07-20 17:26:11.699564,111773,479,,0.0
2026-07-20 17:26:11.699564,113564,346,,0.3
2026-07-20 17:26:11.699564,114243,489,,3.5
2026-07-20 17:26:11.699564,114283,419,,0.0
2026-07-20 17:26:11.699564,115556,571,,0.0
2026-07-20 17:26:11.699564,116216,20,,5.5
2026-07-20 17:26:11.699564,116535,366,,0.4
2026-07-20 17:26:11.699564,118748,381,,1.0
2026-07-20 17:26:11.699564,119471,474,,0.0
2026-07-20 17:26:11.699564,121160,399,,0.0
2026-07-20 17:26:11.699564,121709,254,,-1.0
2026-07-20 17:26:11.699564,122074,401,,0.5
2026-07-20 17:26:11.699564,122798,372,,2.5
2026-07-20 17:26:11.699564,122806,54,,2.7
2026-07-20 17:26:11.699564,124165,545,,0.0
2026-07-20 17:26:11.699564,126184,405,,2.3
2026-07-20 17:26:11.699564,128295,24,,1.0
2026-07-20 17:26:11.699564,135720,570,,3.5
2026-07-20 17:26:11.699564,138001,630,,0.0
2026-07-20 17:26:11.699564,141746,449,,5.5
2026-07-20 17:26:11.699564,149065,628,,1.2
2026-07-20 17:26:11.699564,149484,40,,-0.3
2026-07-20 17:26:11.699564,149519,617,,0.0
2026-07-20 17:26:11.699564,151589,61,,0.0
2026-07-20 17:26:11.699564,152551,272,,-0.4
2026-07-20 17:26:11.699564,153127,495,,0.0
2026-07-20 17:26:11.699564,153133,324,,0.5
2026-07-20 17:26:11.699564,153366,336,,0.5
2026-07-20 17:26:11.699564,153682,329,,1.8
2026-07-20 17:26:11.699564,154296,673,,4.5
2026-07-20 17:26:11.699564,154561,1,,8.8
2026-07-20 17:26:11.699564,154566,596,,0.2
2026-07-20 17:26:11.699564,155405,429,,0.0
2026-07-20 17:26:11.699564,155408,88,,0.3
2026-07-20 17:26:11.699564,155503,369,,1.7
2026-07-20 17:26:11.699564,155511,817,,2.0
2026-07-20 17:26:11.699564,156074,264,,0.0
2026-07-20 17:26:11.699564,156689,327,,0.0
2026-07-20 17:26:11.699564,158499,87,,0.0
2026-07-20 17:26:11.699564,158534,659,,0.8
2026-07-20 17:26:11.699564,158983,392,,0.2
2026-07-20 17:26:11.699564,159506,507,,1.7
2026-07-20 17:26:11.699564,159533,326,,0.1
2026-07-20 17:26:11.699564,165809,416,,3.0
2026-07-20 17:26:11.699564,166477,319,,3.2
2026-07-20 17:26:11.699564,166989,48,,2.0
2026-07-20 17:26:11.699564,167074,322,,0.0
2026-07-20 17:26:11.699564,167512,539,,1.0
2026-07-20 17:26:11.699564,167887,209,,1.0
2026-07-20 17:26:11.699564,168636,98,,1.0
2026-07-20 17:26:11.699564,168991,89,,0.0
2026-07-20 17:26:11.699564,169359,484,,0.0
2026-07-20 17:26:11.699564,169528,316,,3.8
2026-07-20 17:26:11.699564,169593,255,,-1.0
2026-07-20 17:26:11.699564,171287,376,,0.7
2026-07-20 17:26:11.699564,171314,408,,0.5
2026-07-20 17:26:11.699564,171422,555,,0.0
2026-07-20 17:26:11.699564,172567,205,,0.0
2026-07-20 17:26:11.699564,172649,253,,0.0
2026-07-20 17:26:11.699564,172780,581,,0.5
2026-07-20 17:26:11.699564,173879,808,,0.0
2026-07-20 17:26:11.699564,174592,206,,0.0
2026-07-20 17:26:11.699564,174594,365,,1.0
2026-07-20 17:26:11.699564,174874,317,,0.0
2026-07-20 17:26:11.699564,176297,451,,0.0
2026-07-20 17:26:11.699564,177815,691,,6.7
2026-07-20 17:26:11.699564,178186,624,,4.0
2026-07-20 17:26:11.699564,178301,64,,6.3
2026-07-20 17:26:11.699564,179268,224,,2.0
2026-07-20 17:26:11.699564,179458,202,,0.7
2026-07-20 17:26:11.699564,180135,493,,1.0
2026-07-20 17:26:11.699564,180736,226,,0.7
2026-07-20 17:26:11.699564,180804,198,,1.7
2026-07-20 17:26:11.699564,180974,490,,0.0
2026-07-20 17:26:11.699564,181284,647,,0.0
2026-07-20 17:26:11.699564,183656,748,,0.0
2026-07-20 17:26:11.699564,183751,201,,0.0
2026-07-20 17:26:11.699564,184029,17,,3.5
2026-07-20 17:26:11.699564,184254,565,,0.0
2026-07-20 17:26:11.699564,184341,455,,1.5
2026-07-20 17:26:11.699564,184349,328,,2.1
2026-07-20 17:26:11.699564,184667,719,,0.3
2026-07-20 17:26:11.699564,184754,642,,1.8
2026-07-20 17:26:11.699564,191866,108,,1.0
2026-07-20 17:26:11.699564,192290,186,,0.0
2026-07-20 17:26:11.699564,194010,109,,0.0
2026-07-20 17:26:11.699564,195384,22,,0.8
2026-07-20 17:26:11.699564,195546,50,,2.3
2026-07-20 17:26:11.699564,197024,618,,0.0
2026-07-20 17:26:11.699564,198869,11,,0.0
2026-07-20 17:26:11.699564,199598,354,,4.7
2026-07-20 17:26:11.699564,199670,285,,0.0
2026-07-20 17:26:11.699564,199796,36,,1.5
2026-07-20 17:26:11.699564,199798,38,,0.5
2026-07-20 17:26:11.699564,200089,494,,2.0
2026-07-20 17:26:11.699564,200617,353,,1.3
2026-07-20 17:26:11.699564,200641,27,,0.5
2026-07-20 17:26:11.699564,200720,101,,3.3
2026-07-20 17:26:11.699564,200785,85,,2.3
2026-07-20 17:26:11.699564,200834,694,,4.8
2026-07-20 17:26:11.699564,201595,665,,0.0
2026-07-20 17:26:11.699564,201658,84,,2.3
2026-07-20 17:26:11.699564,201666,487,,4.8
2026-07-20 17:26:11.699564,201895,683,,1.6
2026-07-20 17:26:11.699564,202641,432,,0.0
2026-07-20 17:26:11.699564,202993,585,,3.2
2026-07-20 17:26:11.699564,204120,143,,0.3
2026-07-20 17:26:11.699564,204214,147,,0.0
2026-07-20 17:26:11.699564,204480,21,,4.8
2026-07-20 17:26:11.699564,204580,125,,0.3
2026-07-20 17:26:11.699564,204646,53,,0.0
2026-07-20 17:26:11.699564,204716,374,,2.3
2026-07-20 17:26:11.699564,204822,512,,0.0
2026-07-20 17:26:11.699564,204936,736,,4.5
2026-07-20 17:26:11.699564,204968,522,,1.0
2026-07-20 17:26:11.699564,205533,284,,0.0
2026-07-20 17:26:11.699564,205651,31,,1.2
2026-07-20 17:26:11.699564,206325,12,,0.0
2026-07-20 17:26:11.699564,206915,388,,3.5
2026-07-20 17:26:11.699564,207189,330,,1.0
2026-07-20 17:26:11.699564,207283,126,,4.3
2026-07-20 17:26:11.699564,208706,488,,4.5
2026-07-20 17:26:11.699564,208912,199,,0.0
2026-07-20 17:26:11.699564,209036,260,,5.7
2026-07-20 17:26:11.699564,209041,816,,0.5
2026-07-20 17:26:11.699564,209046,516,,0.0
2026-07-20 17:26:11.699564,209243,456,,0.5
2026-07-20 17:26:11.699564,209244,414,,4.3
2026-07-20 17:26:11.699564,209288,140,,0.0
2026-07-20 17:26:11.699564,209289,325,,2.0
2026-07-20 17:26:11.699564,209365,436,,0.0
2026-07-20 17:26:11.699564,209400,271,,1.2
2026-07-20 17:26:11.699564,210156,527,,5.8
2026-07-20 17:26:11.699564,210462,521,,0.5
2026-07-20 17:26:11.699564,210494,607,,0.0
2026-07-20 17:26:11.699564,211975,404,,0.0
2026-07-20 17:26:11.699564,212314,332,,3.2
2026-07-20 17:26:11.699564,212319,597,,5.5
2026-07-20 17:26:11.699564,213198,240,,0.0
2026-07-20 17:26:11.699564,213999,616,,0.0
2026-07-20 17:26:11.699564,214048,605,,0.0
2026-07-20 17:26:11.699564,214225,348,,2.7
2026-07-20 17:26:11.699564,214285,377,,0.0
2026-07-20 17:26:11.699564,214572,566,,0.0
2026-07-20 17:26:11.699564,214590,610,,1.0
2026-07-20 17:26:11.699564,215059,220,,1.0
2026-07-20 17:26:11.699564,215136,508,,2.2
2026-07-20 17:26:11.699564,215379,517,,8.5
2026-07-20 17:26:11.699564,215413,242,,4.2
2026-07-20 17:26:11.699564,215439,613,,3.8
2026-07-20 17:26:11.699564,215460,550,,0.0
2026-07-20 17:26:11.699564,215711,49,,0.3
2026-07-20 17:26:11.699564,216051,440,,1.5
2026-07-20 17:26:11.699564,216055,722,,3.0
2026-07-20 17:26:11.699564,216094,370,,1.1
2026-07-20 17:26:11.699564,216646,135,,1.5
2026-07-20 17:26:11.699564,218328,727,,2.0
2026-07-20 17:26:11.699564,218364,259,,-0.8
2026-07-20 17:26:11.699564,219168,499,,2.0
2026-07-20 17:26:11.699564,219249,164,,0.0
2026-07-20 17:26:11.699564,219847,30,,4.2
2026-07-20 17:26:11.699564,219924,320,,0.8
2026-07-20 17:26:11.699564,219937,379,,0.5
2026-07-20 17:26:11.699564,220237,475,,4.0
2026-07-20 17:26:11.699564,220362,815,,1.8
2026-07-20 17:26:11.699564,220566,421,,2.3
2026-07-20 17:26:11.699564,220598,219,,0.0
2026-07-20 17:26:11.699564,220627,706,,4.0
2026-07-20 17:26:11.699564,220684,533,,0.0
2026-07-20 17:26:11.699564,220695,132,,0.0
2026-07-20 17:26:11.699564,221389,715,,0.0
2026-07-20 17:26:11.699564,221399,352,,0.0
2026-07-20 17:26:11.699564,221466,72,,8.7
2026-07-20 17:26:11.699564,221632,569,,0.0
2026-07-20 17:26:11.699564,221820,437,,2.2
2026-07-20 17:26:11.699564,222531,515,,6.0
2026-07-20 17:26:11.699564,222683,81,,0.0
2026-07-20 17:26:11.699564,222690,448,,0.0
2026-07-20 17:26:11.699564,222694,343,,0.5
2026-07-20 17:26:11.699564,223094,430,,7.3
2026-07-20 17:26:11.699564,223336,549,,0.0
2026-07-20 17:26:11.699564,223340,16,,7.0
2026-07-20 17:26:11.699564,223434,149,,0.0
2026-07-20 17:26:11.699564,223541,385,,1.3
2026-07-20 17:26:11.699564,223827,531,,0.0
2026-07-20 17:26:11.699564,223911,79,,0.0
2026-07-20 17:26:11.699564,224024,612,,0.0
2026-07-20 17:26:11.699564,224068,504,,0.0
2026-07-20 17:26:11.699564,224117,666,,6.0
2026-07-20 17:26:11.699564,224967,292,,0.8
2026-07-20 17:26:11.699564,224995,91,,0.0
2026-07-20 17:26:11.699564,225321,674,,0.0
2026-07-20 17:26:11.699564,225796,225,,0.3
2026-07-20 17:26:11.699564,226182,342,,1.3
2026-07-20 17:26:11.699564,226597,5,,8.8
2026-07-20 17:26:11.699564,226944,58,,0.0
2026-07-20 17:26:11.699564,226956,112,,0.0
2026-07-20 17:26:11.699564,227127,587,,1.0
2026-07-20 17:26:11.699564,227444,505,,3.0
2026-07-20 17:26:11.699564,229384,621,,0.0
2026-07-20 17:26:11.699564,229600,288,,0.0
2026-07-20 17:26:11.699564,230001,438,,3.0
2026-07-20 17:26:11.699564,230046,699,,0.0
2026-07-20 17:26:11.699564,230376,663,,0.0
2026-07-20 17:26:11.699564,231057,644,,0.5
2026-07-20 17:26:11.699564,231065,111,,-0.5
2026-07-20 17:26:11.699564,231416,148,,3.0
2026-07-20 17:26:11.699564,231480,636,,3.8
2026-07-20 17:26:11.699564,231747,283,,1.0
2026-07-20 17:26:11.699564,232112,459,,0.0
2026-07-20 17:26:11.699564,232185,267,,3.2
2026-07-20 17:26:11.699564,232356,774,,0.0
2026-07-20 17:26:11.699564,232413,266,,4.8
2026-07-20 17:26:11.699564,232571,528,,0.0
2026-07-20 17:26:11.699564,232653,52,,4.0
2026-07-20 17:26:11.699564,232787,796,,4.2
2026-07-20 17:26:11.699564,232792,150,,0.0
2026-07-20 17:26:11.699564,232820,534,,0.0
2026-07-20 17:26:11.699564,232826,485,,0.0
2026-07-20 17:26:11.699564,232859,573,,2.8
2026-07-20 17:26:11.699564,232892,318,,2.8
2026-07-20 17:26:11.699564,232928,303,,2.5
2026-07-20 17:26:11.699564,233963,606,,2.5
2026-07-20 17:26:11.699564,235448,102,,-0.5
2026-07-20 17:26:11.699564,235674,589,,0.0
2026-07-20 17:26:11.699564,235826,362,,0.3
2026-07-20 17:26:11.699564,240299,653,,0.0
2026-07-20 17:26:11.699564,240514,142,,0.0
2026-07-20 17:26:11.699564,241231,194,,0.0
2026-07-20 17:26:11.699564,242880,229,,0.0
2026-07-20 17:26:11.699564,242882,685,,0.0
2026-07-20 17:26:11.699564,242898,580,,0.6
2026-07-20 17:26:11.699564,243016,386,,5.5
2026-07-20 17:26:11.699564,243298,384,,3.5
2026-07-20 17:26:11.699564,243345,520,,0.0
2026-07-20 17:26:11.699564,243526,347,,0.0
2026-07-20 17:26:11.699564,243571,296,,0.2
2026-07-20 17:26:11.699564,244042,338,,1.2
2026-07-20 17:26:11.699564,244723,258,,0.6
2026-07-20 17:26:11.699564,244731,383,,0.0
2026-07-20 17:26:11.699564,244850,47,,3.7
2026-07-20 17:26:11.699564,244851,235,,1.3
2026-07-20 17:26:11.699564,244858,123,,0.0
2026-07-20 17:26:11.699564,244954,41,,0.7
2026-07-20 17:26:11.699564,246301,321,,0.0
2026-07-20 17:26:11.699564,247245,188,,0.0
2026-07-20 17:26:11.699564,247348,256,,2.0
2026-07-20 17:26:11.699564,247412,654,,0.6
2026-07-20 17:26:11.699564,247632,236,,1.7
2026-07-20 17:26:11.699564,247670,791,,2.2
2026-07-20 17:26:11.699564,247693,726,,1.5
2026-07-20 17:26:11.699564,247955,724,,2.0
2026-07-20 17:26:11.699564,248056,358,,4.0
2026-07-20 17:26:11.699564,248857,18,,2.2
2026-07-20 17:26:11.699564,248875,418,,7.7
2026-07-20 17:26:11.699564,248937,355,,0.0
2026-07-20 17:26:11.699564,249231,107,,3.0
2026-07-20 17:26:11.699564,250199,519,,1.0
2026-07-20 17:26:11.699564,250735,204,,0.0
2026-07-20 17:26:11.699564,424044,93,,0.0
2026-07-20 17:26:11.699564,424876,387,,6.7
2026-07-20 17:26:11.699564,427623,261,,0.0
2026-07-20 17:26:11.699564,427637,350,,1.0
2026-07-20 17:26:11.699564,428580,128,,0.0
2026-07-20 17:26:11.699564,428971,315,,0.0
2026-07-20 17:26:11.699564,429414,656,,0.0
2026-07-20 17:26:11.699564,430871,450,,4.5
2026-07-20 17:26:11.699564,431248,709,,0.5
2026-07-20 17:26:11.699564,431639,215,,2.7
2026-07-20 17:26:11.699564,432422,491,,1.1
2026-07-20 17:26:11.699564,432714,426,,1.8
2026-07-20 17:26:11.699564,432720,182,,0.5
2026-07-20 17:26:11.699564,432830,106,,2.5
2026-07-20 17:26:11.699564,433036,427,,0.7
2026-07-20 17:26:11.699564,433154,300,,0.8
2026-07-20 17:26:11.699564,433312,648,,0.0
2026-07-20 17:26:11.699564,433952,357,,0.0
2026-07-20 17:26:11.699564,434399,541,,3.2
2026-07-20 17:26:11.699564,434752,344,,6.0
2026-07-20 17:26:11.699564,435973,217,,0.3
2026-07-20 17:26:11.699564,435997,698,,0.0
2026-07-20 17:26:11.699564,436234,590,,0.0
2026-07-20 17:26:11.699564,436416,806,,0.0
2026-07-20 17:26:11.699564,436893,78,,0.0
2026-07-20 17:26:11.699564,437495,339,,0.0
2026-07-20 17:26:11.699564,437499,257,,1.2
2026-07-20 17:26:11.699564,437505,560,,1.8
2026-07-20 17:26:11.699564,437730,82,,4.3
2026-07-20 17:26:11.699564,437738,345,,2.3
2026-07-20 17:26:11.699564,437742,29,,0.0
2026-07-20 17:26:11.699564,437748,214,,0.0
2026-07-20 17:26:11.699564,438098,23,,0.0
2026-07-20 17:26:11.699564,438234,413,,4.5
2026-07-20 17:26:11.699564,438464,268,,0.0
2026-07-20 17:26:11.699564,439135,154,,0.0
2026-07-20 17:26:11.699564,440089,121,,4.3
2026-07-20 17:26:11.699564,440148,395,,0.0
2026-07-20 17:26:11.699564,440323,680,,0.3
2026-07-20 17:26:11.699564,440854,9,,0.0
2026-07-20 17:26:11.699564,440955,564,,0.0
2026-07-20 17:26:11.699564,440993,299,,2.0
2026-07-20 17:26:11.699564,441024,482,,0.0
2026-07-20 17:26:11.699564,441164,568,,3.2
2026-07-20 17:26:11.699564,441191,477,,0.0
2026-07-20 17:26:11.699564,441192,171,,0.0
2026-07-20 17:26:11.699564,441240,92,,0.0
2026-07-20 17:26:11.699564,441264,730,,3.0
2026-07-20 17:26:11.699564,441266,390,,4.3
2026-07-20 17:26:11.699564,441271,638,,0.0
2026-07-20 17:26:11.699564,441302,39,,0.3
2026-07-20 17:26:11.699564,444102,97,,2.7
2026-07-20 17:26:11.699564,444145,19,,1.2
2026-07-20 17:26:11.699564,444172,68,,0.0
2026-07-20 17:26:11.699564,444180,200,,4.7
2026-07-20 17:26:11.699564,444463,230,,2.3
2026-07-20 17:26:11.699564,444765,113,,2.0
2026-07-20 17:26:11.699564,444884,389,,-0.5
2026-07-20 17:26:11.699564,445044,583,,0.0
2026-07-20 17:26:11.699564,445122,8,,0.2
2026-07-20 17:26:11.699564,446008,119,,3.2
2026-07-20 17:26:11.699564,447203,397,,0.0
2026-07-20 17:26:11.699564,447325,289,,0.0
2026-07-20 17:26:11.699564,447715,211,,0.0
2026-07-20 17:26:11.699564,448047,237,,7.7
2026-07-20 17:26:11.699564,448089,646,,2.8
2026-07-20 17:26:11.699564,448104,725,,3.5
2026-07-20 17:26:11.699564,448514,402,,2.0
2026-07-20 17:26:11.699564,449027,367,,1.3
2026-07-20 17:26:11.699564,449434,486,,0.5
2026-07-20 17:26:11.699564,449871,59,,-0.5
2026-07-20 17:26:11.699564,449988,655,,0.0
2026-07-20 17:26:11.699564,450070,615,,1.5
2026-07-20 17:26:11.699564,450072,196,,0.0
2026-07-20 17:26:11.699564,450535,277,,0.0
2026-07-20 17:26:11.699564,450539,133,,0.0
2026-07-20 17:26:11.699564,450542,278,,0.0
2026-07-20 17:26:11.699564,451302,431,,0.0
2026-07-20 17:26:11.699564,451340,157,,0.0
2026-07-20 17:26:11.699564,451432,509,,0.0
2026-07-20 17:26:11.699564,456512,669,,0.0
2026-07-20 17:26:11.699564,457569,67,,5.0
2026-07-20 17:26:11.699564,458249,466,,0.8
2026-07-20 17:26:11.699564,458297,556,,0.0
2026-07-20 17:26:11.699564,460028,227,,1.7
2026-07-20 17:26:11.699564,460842,582,,0.0
2026-07-20 17:26:11.699564,461188,193,,0.3
2026-07-20 17:26:11.699564,461195,535,,0.0
2026-07-20 17:26:11.699564,461199,548,,0.0
2026-07-20 17:26:11.699564,461421,57,,0.0
2026-07-20 17:26:11.699564,461446,704,,0.0
2026-07-20 17:26:11.699564,461484,498,,0.0
2026-07-20 17:26:11.699564,461537,435,,0.0
2026-07-20 17:26:11.699564,461567,189,,0.0
2026-07-20 17:26:11.699564,462116,609,,0.5
2026-07-20 17:26:11.699564,462381,35,,0.0
2026-07-20 17:26:11.699564,462424,6,,7.5
2026-07-20 17:26:11.699564,462492,34,,0.0
2026-07-20 17:26:11.699564,462635,360,,0.0
2026-07-20 17:26:11.699564,463034,250,,0.3
2026-07-20 17:26:11.699564,463067,158,,1.0
2026-07-20 17:26:11.699564,463748,3,,0.0
2026-07-20 17:26:11.699564,463936,239,,0.0
2026-07-20 17:26:11.699564,463981,77,,5.7
2026-07-20 17:26:11.699564,465247,733,,3.8
2026-07-20 17:26:11.699564,465351,407,,2.7
2026-07-20 17:26:11.699564,465527,207,,2.0
2026-07-20 17:26:11.699564,465642,684,,2.0
2026-07-20 17:26:11.699564,465680,696,,0.0
2026-07-20 17:26:11.699564,465694,423,,1.0
2026-07-20 17:26:11.699564,465702,540,,0.0
2026-07-20 17:26:11.699564,465730,145,,6.0
2026-07-20 17:26:11.699564,465920,245,,0.0
2026-07-20 17:26:11.699564,466052,417,,3.3
2026-07-20 17:26:11.699564,466075,7,,4.8
2026-07-20 17:26:11.699564,466117,275,,0.0
2026-07-20 17:26:11.699564,466525,660,,0.0
2026-07-20 17:26:11.699564,467169,454,,0.0
2026-07-20 17:26:11.699564,467189,679,,2.8
2026-07-20 17:26:11.699564,467779,173,,0.3
2026-07-20 17:26:11.699564,469130,805,,0.2
2026-07-20 17:26:11.699564,469142,151,,3.3
2026-07-20 17:26:11.699564,469247,51,,0.0
2026-07-20 17:26:11.699564,469272,210,,4.0
2026-07-20 17:26:11.699564,470294,361,,0.0
2026-07-20 17:26:11.699564,470313,714,,2.8
2026-07-20 17:26:11.699564,470315,814,,2.0
2026-07-20 17:26:11.699564,471798,223,,0.0
2026-07-20 17:26:11.699564,472713,116,,0.3
2026-07-20 17:26:11.699564,472739,141,,0.0
2026-07-20 17:26:11.699564,472769,411,,2.5
2026-07-20 17:26:11.699564,474120,161,,0.0
2026-07-20 17:26:11.699564,474907,298,,0.0
2026-07-20 17:26:11.699564,475123,503,,0.0
2026-07-20 17:26:11.699564,475168,249,,2.5
2026-07-20 17:26:11.699564,476502,649,,0.0
2026-07-20 17:26:11.699564,476887,734,,2.8
2026-07-20 17:26:11.699564,477064,410,,0.5
2026-07-20 17:26:11.699564,477424,403,,0.7
2026-07-20 17:26:11.699564,477547,536,,0.0
2026-07-20 17:26:11.699564,477555,424,,1.2
2026-07-20 17:26:11.699564,477580,71,,0.0
2026-07-20 17:26:11.699564,477717,191,,2.7
2026-07-20 17:26:11.699564,477851,554,,0.0
2026-07-20 17:26:11.699564,478969,190,,1.0
2026-07-20 17:26:11.699564,480455,290,,0.0
2026-07-20 17:26:11.699564,481283,688,,-0.5
2026-07-20 17:26:11.699564,481655,26,,3.0
2026-07-20 17:26:11.699564,482442,593,,1.2
2026-07-20 17:26:11.699564,482609,228,,0.5
2026-07-20 17:26:11.699564,482973,526,,5.5
2026-07-20 17:26:11.699564,483081,635,,2.5
2026-07-20 17:26:11.699564,483364,602,,0.0
2026-07-20 17:26:11.699564,484420,547,,5.5
2026-07-20 17:26:11.699564,485047,511,,3.2
2026-07-20 17:26:11.699564,485055,567,,3.0
2026-07-20 17:26:11.699564,485337,677,,-0.8
2026-07-20 17:26:11.699564,485711,681,,1.6
2026-07-20 17:26:11.699564,486385,311,,2.8
2026-07-20 17:26:11.699564,486520,356,,0.0
2026-07-20 17:26:11.699564,486672,241,,2.0
2026-07-20 17:26:11.699564,487053,574,,1.0
2026-07-20 17:26:11.699564,487117,179,,0.0
2026-07-20 17:26:11.699564,487676,532,,1.8
2026-07-20 17:26:11.699564,487702,208,,0.0
2026-07-20 17:26:11.699564,487838,473,,1.0
2026-07-20 17:26:11.699564,488024,712,,-0.2
2026-07-20 17:26:11.699564,488213,720,,1.2
2026-07-20 17:26:11.699564,489571,184,,0.0
2026-07-20 17:26:11.699564,489580,380,,0.5
2026-07-20 17:26:11.699564,489639,139,,3.3
2026-07-20 17:26:11.699564,489706,276,,-0.2
2026-07-20 17:26:11.699564,489888,697,,0.7
2026-07-20 17:26:11.699564,490000,530,,0.0
2026-07-20 17:26:11.699564,490094,304,,1.5
2026-07-20 17:26:11.699564,490142,623,,0.2
2026-07-20 17:26:11.699564,490145,599,,0.0
2026-07-20 17:26:11.699564,490721,633,,2.2
2026-07-20 17:26:11.699564,490881,460,,0.0
2026-07-20 17:26:11.699564,490885,620,,0.0
2026-07-20 17:26:11.699564,491007,247,,0.0
2026-07-20 17:26:11.699564,491012,312,,0.0
2026-07-20 17:26:11.699564,491279,575,,2.5
2026-07-20 17:26:11.699564,491287,56,,0.0
2026-07-20 17:26:11.699564,491460,828,,0.0
2026-07-20 17:26:11.699564,491501,394,,0.0
2026-07-20 17:26:11.699564,491557,309,,0.0
2026-07-20 17:26:11.699564,491745,705,,0.0
2026-07-20 17:26:11.699564,492066,537,,0.0
2026-07-20 17:26:11.699564,492368,349,,0.0
2026-07-20 17:26:11.699564,492777,375,,0.0
2026-07-20 17:26:11.699564,492831,216,,1.0
2026-07-20 17:26:11.699564,492859,351,,1.0
2026-07-20 17:26:11.699564,493105,453,,0.3
2026-07-20 17:26:11.699564,493125,572,,0.2
2026-07-20 17:26:11.699564,493250,452,,1.8
2026-07-20 17:26:11.699564,493362,717,,0.0
2026-07-20 17:26:11.699564,493837,558,,0.0
2026-07-20 17:26:11.699564,494307,794,,0.5
2026-07-20 17:26:11.699564,494521,74,,6.7
2026-07-20 17:26:11.699564,494556,819,,-0.5
2026-07-20 17:26:11.699564,494595,382,,3.3
2026-07-20 17:26:11.699564,494960,192,,0.3
2026-07-20 17:26:11.699564,495145,70,,0.0
2026-07-20 17:26:11.699564,495161,524,,0.0
2026-07-20 17:26:11.699564,496178,297,,0.0
2026-07-20 17:26:11.699564,496208,391,,0.3
2026-07-20 17:26:11.699564,496221,273,,2.8
2026-07-20 17:26:11.699564,496279,308,,0.0
2026-07-20 17:26:11.699564,496661,707,,0.0
2026-07-20 17:26:11.699564,497606,650,,0.0
2026-07-20 17:26:11.699564,497894,465,,0.0
2026-07-20 17:26:11.699564,497949,682,,1.0
2026-07-20 17:26:11.699564,498016,670,,3.0
2026-07-20 17:26:11.699564,499167,15,,1.0
2026-07-20 17:26:11.699564,499169,10,,4.5
2026-07-20 17:26:11.699564,499175,25,,0.0
2026-07-20 17:26:11.699564,499300,667,,0.0
2026-07-20 17:26:11.699564,499309,252,,0.0
2026-07-20 17:26:11.699564,499604,807,,6.7
2026-07-20 17:26:11.699564,499716,750,,0.0
2026-07-20 17:26:11.699564,499717,118,,0.0
2026-07-20 17:26:11.699564,499721,592,,0.0
2026-07-20 17:26:11.699564,499726,595,,0.0
2026-07-20 17:26:11.699564,499857,803,,0.0
2026-07-20 17:26:11.699564,500040,662,,2.8
2026-07-20 17:26:11.699564,500058,398,,0.0
2026-07-20 17:26:11.699564,500151,716,,0.0
2026-07-20 17:26:11.699564,500696,559,,0.0
2026-07-20 17:26:11.699564,501837,634,,1.8
2026-07-20 17:26:11.699564,502500,136,,2.3
2026-07-20 17:26:11.699564,502697,301,,0.5
2026-07-20 17:26:11.699564,502988,798,,0.0
2026-07-20 17:26:11.699564,503139,90,,3.7
2026-07-20 17:26:11.699564,503300,103,,0.0
2026-07-20 17:26:11.699564,503301,693,,1.8
2026-07-20 17:26:11.699564,503714,676,,2.3
2026-07-20 17:26:11.699564,504296,307,,0.0
2026-07-20 17:26:11.699564,505079,786,,0.0
2026-07-20 17:26:11.699564,507433,105,,-0.5
2026-07-20 17:26:11.699564,508395,129,,3.7
2026-07-20 17:26:11.699564,508479,221,,1.0
2026-07-20 17:26:11.699564,509291,643,,1.8
2026-07-20 17:26:11.699564,509416,166,,0.7
2026-07-20 17:26:11.699564,510281,415,,3.3
2026-07-20 17:26:11.699564,510362,637,,2.2
2026-07-20 17:26:11.699564,510500,518,,0.0
2026-07-20 17:26:11.699564,510663,661,,0.0
2026-07-20 17:26:11.699564,511499,584,,4.2
2026-07-20 17:26:11.699564,512462,293,,2.0
2026-07-20 17:26:11.699564,513418,120,,1.5
2026-07-20 17:26:11.699564,513433,162,,0.0
2026-07-20 17:26:11.699564,513466,728,,4.0
2026-07-20 17:26:11.699564,513834,177,,0.0
2026-07-20 17:26:11.699564,514254,169,,0.3
2026-07-20 17:26:11.699564,514315,45,,0.0
2026-07-20 17:26:11.699564,514356,244,,0.2
2026-07-20 17:26:11.699564,514362,777,,0.0
2026-07-20 17:26:11.699564,514613,538,,0.0
2026-07-20 17:26:11.699564,515024,334,,0.0
2026-07-20 17:26:11.699564,515046,812,,0.0
2026-07-20 17:26:11.699564,515597,44,,0.5
2026-07-20 17:26:11.699564,515621,262,,-0.4
2026-07-20 17:26:11.699564,516211,165,,0.0
2026-07-20 17:26:11.699564,516234,763,,0.5
2026-07-20 17:26:11.699564,516875,757,,-0.5
2026-07-20 17:26:11.699564,516895,458,,5.5
2026-07-20 17:26:11.699564,516939,631,,0.0
2026-07-20 17:26:11.699564,517052,251,,0.0
2026-07-20 17:26:11.699564,517179,641,,0.0
2026-07-20 17:26:11.699564,518030,183,,1.3
2026-07-20 17:26:11.699564,518335,789,,0.0
2026-07-20 17:26:11.699564,518438,611,,0.0
2026-07-20 17:26:11.699564,518442,622,,0.0
2026-07-20 17:26:11.699564,518906,76,,0.0
2026-07-20 17:26:11.699564,519440,760,,0.5
2026-07-20 17:26:11.699564,519634,542,,0.0
2026-07-20 17:26:11.699564,519895,197,,0.0
2026-07-20 17:26:11.699564,519913,771,,0.0
2026-07-20 17:26:11.699564,523705,695,,0.2
2026-07-20 17:26:11.699564,530121,95,,0.0
2026-07-20 17:26:11.699564,530318,281,,-1.0
2026-07-20 17:26:11.699564,530335,785,,1.5
2026-07-20 17:26:11.699564,531363,658,,0.0
2026-07-20 17:26:11.699564,531989,280,,0.0
2026-07-20 17:26:11.699564,532529,163,,6.0
2026-07-20 17:26:11.699564,532605,246,,4.3
2026-07-20 17:26:11.699564,533463,83,,5.3
2026-07-20 17:26:11.699564,533710,137,,0.0
2026-07-20 17:26:11.699564,534836,710,,-0.5
2026-07-20 17:26:11.699564,535017,104,,-0.5
2026-07-20 17:26:11.699564,535301,167,,3.3
2026-07-20 17:26:11.699564,535818,543,,0.0
2026-07-20 17:26:11.699564,535928,393,,0.0
2026-07-20 17:26:11.699564,536109,608,,0.0
2026-07-20 17:26:11.699564,536119,359,,0.0
2026-07-20 17:26:11.699564,536134,811,,0.0
2026-07-20 17:26:11.699564,536241,313,,0.0
2026-07-20 17:26:11.699564,536661,813,,0.8
2026-07-20 17:26:11.699564,536694,279,,0.0
2026-07-20 17:26:11.699564,536916,168,,0.0
2026-07-20 17:26:11.699564,537403,63,,0.0
2026-07-20 17:26:11.699564,538207,500,,6.5
2026-07-20 17:26:11.699564,541462,75,,0.0
2026-07-20 17:26:11.699564,543295,122,,0.0
2026-07-20 17:26:11.699564,544877,371,,1.5
2026-07-20 17:26:11.699564,545477,481,,0.0
2026-07-20 17:26:11.699564,547027,544,,1.5
2026-07-20 17:26:11.699564,547037,462,,0.0
2026-07-20 17:26:11.699564,547410,557,,0.0
2026-07-20 17:26:11.699564,547671,826,,-0.5
2026-07-20 17:26:11.699564,547676,446,,0.0
2026-07-20 17:26:11.699564,547701,591,,0.0
2026-07-20 17:26:11.699564,547719,497,,0.0
2026-07-20 17:26:11.699564,547720,156,,0.0
2026-07-20 17:26:11.699564,547801,306,,0.0
2026-07-20 17:26:11.699564,548308,576,,0.0
2026-07-20 17:26:11.699564,549067,513,,0.2
2026-07-20 17:26:11.699564,549074,172,,0.0
2026-07-20 17:26:11.699564,549329,195,,1.0
2026-07-20 17:26:11.699564,549912,553,,0.0
2026-07-20 17:26:11.699564,549939,222,,0.0
2026-07-20 17:26:11.699564,550090,144,,0.0
2026-07-20 17:26:11.699564,550141,176,,0.0
2026-07-20 17:26:11.699564,550596,94,,0.0
2026-07-20 17:26:11.699564,550615,243,,0.8
2026-07-20 17:26:11.699564,550839,588,,0.0
2026-07-20 17:26:11.699564,550864,444,,0.5
2026-07-20 17:26:11.699564,551153,563,,0.0
2026-07-20 17:26:11.699564,551206,213,,0.0
2026-07-20 17:26:11.699564,551210,672,,1.3
2026-07-20 17:26:11.699564,551221,4,,1.0
2026-07-20 17:26:11.699564,551226,708,,3.0
2026-07-20 17:26:11.699564,551483,713,,0.0
2026-07-20 17:26:11.699564,552427,598,,0.0
2026-07-20 17:26:11.699564,553299,577,,0.0
2026-07-20 17:26:11.699564,553742,825,,0.0
2026-07-20 17:26:11.699564,553746,765,,0.0
2026-07-20 17:26:11.699564,554197,551,,1.2
2026-07-20 17:26:11.699564,556637,744,,0.0
2026-07-20 17:26:11.699564,556639,461,,0.0
2026-07-20 17:26:11.699564,559610,810,,-0.5
2026-07-20 17:26:11.699564,559684,464,,0.0
2026-07-20 17:26:11.699564,559962,62,,0.0
2026-07-20 17:26:11.699564,560248,639,,0.0
2026-07-20 17:26:11.699564,560262,100,,5.3
2026-07-20 17:26:11.699564,560441,729,,0.0
2026-07-20 17:26:11.699564,560552,731,,0.5
2026-07-20 17:26:11.699564,563324,13,,1.0
2026-07-20 17:26:11.699564,564406,561,,0.2
2026-07-20 17:26:11.699564,564505,703,,-0.5
2026-07-20 17:26:11.699564,564510,496,,0.0
2026-07-20 17:26:11.699564,564940,718,,0.2
2026-07-20 17:26:11.699564,565297,364,,0.0
2026-07-20 17:26:11.699564,565431,626,,0.0
2026-07-20 17:26:11.699564,565863,787,,0.0
2026-07-20 17:26:11.699564,566164,428,,0.5
2026-07-20 17:26:11.699564,566213,740,,0.0
2026-07-20 17:26:11.699564,567119,840,,1.3
2026-07-20 17:26:11.699564,567121,175,,0.0
2026-07-20 17:26:11.699564,568159,835,,0.0
2026-07-20 17:26:11.699564,568791,69,,0.0
2026-07-20 17:26:11.699564,569014,523,,0.0
2026-07-20 17:26:11.699564,569577,701,,0.0
2026-07-20 17:26:11.699564,570241,117,,0.0
2026-07-20 17:26:11.699564,570526,586,,0.8
2026-07-20 17:26:11.699564,570929,821,,0.0
2026-07-20 17:26:11.699564,571087,822,,0.0
2026-07-20 17:26:11.699564,572702,802,,0.0
2026-07-20 17:26:11.699564,573062,333,,0.0
2026-07-20 17:26:11.699564,574398,282,,0.0
2026-07-20 17:26:11.699564,574458,231,,0.3
2026-07-20 17:26:11.699564,575034,468,,0.0
2026-07-20 17:26:11.699564,575204,425,,0.0
2026-07-20 17:26:11.699564,575458,510,,1.2
2026-07-20 17:26:11.699564,575476,506,,0.0
2026-07-20 17:26:11.699564,575901,80,,0.0
2026-07-20 17:26:11.699564,576323,212,,0.0
2026-07-20 17:26:11.699564,576620,769,,0.0
2026-07-20 17:26:11.699564,576628,755,,0.0
2026-07-20 17:26:11.699564,576634,827,,0.0
2026-07-20 17:26:11.699564,576637,788,,0.0
2026-07-20 17:26:11.699564,576756,65,,0.0
2026-07-20 17:26:11.699564,576980,286,,-1.0
2026-07-20 17:26:11.699564,577016,233,,0.7
2026-07-20 17:26:11.699564,577114,619,,0.0
2026-07-20 17:26:11.699564,577285,754,,-0.5
2026-07-20 17:26:11.699564,577669,552,,2.8
2026-07-20 17:26:11.699564,577725,335,,0.8
2026-07-20 17:26:11.699564,577731,60,,0.0
2026-07-20 17:26:11.699564,577974,445,,0.0
2026-07-20 17:26:11.699564,577978,838,,0.0
2026-07-20 17:26:11.699564,578153,406,,3.3
2026-07-20 17:26:11.699564,578512,483,,0.0
2026-07-20 17:26:11.699564,578614,203,,0.0
2026-07-20 17:26:11.699564,579075,274,,-1.0
2026-07-20 17:26:11.699564,580921,764,,0.5
2026-07-20 17:26:11.699564,586268,368,,0.5
2026-07-20 17:26:11.699564,586309,310,,3.8
2026-07-20 17:26:11.699564,587178,46,,0.0
2026-07-20 17:26:11.699564,587433,824,,-0.5
2026-07-20 17:26:11.699564,588555,433,,0.0
2026-07-20 17:26:11.699564,588793,14,,0.0
2026-07-20 17:26:11.699564,588796,28,,0.0
2026-07-20 17:26:11.699564,589100,155,,0.0
2026-07-20 17:26:11.699564,589121,778,,0.0
2026-07-20 17:26:11.699564,589507,657,,0.0
2026-07-20 17:26:11.699564,590012,265,,-1.0
2026-07-20 17:26:11.699564,590014,690,,-1.0
2026-07-20 17:26:11.699564,590035,751,,0.0
2026-07-20 17:26:11.699564,590039,739,,0.0
2026-07-20 17:26:11.699564,590040,836,,0.0
2026-07-20 17:26:11.699564,590760,99,,0.0
2026-07-20 17:26:11.699564,591357,134,,0.0
2026-07-20 17:26:11.699564,591384,793,,-1.0
2026-07-20 17:26:11.699564,591385,323,,0.0
2026-07-20 17:26:11.699564,591386,396,,0.5
2026-07-20 17:26:11.699564,592031,160,,4.7
2026-07-20 17:26:11.699564,592740,839,,1.3
2026-07-20 17:26:11.699564,593001,652,,0.0
2026-07-20 17:26:11.699564,593174,797,,-0.3
2026-07-20 17:26:11.699564,596042,746,,0.5
2026-07-20 17:26:11.699564,596047,467,,0.0
2026-07-20 17:26:11.699564,596054,651,,0.2
2026-07-20 17:26:11.699564,596777,441,,0.8
2026-07-20 17:26:11.699564,597320,795,,0.0
2026-07-20 17:26:11.699564,599303,501,,0.0
2026-07-20 17:26:11.699564,600882,741,,0.0
2026-07-20 17:26:11.699564,601956,766,,0.0
2026-07-20 17:26:11.699564,602903,747,,0.0
2026-07-20 17:26:11.699564,604211,775,,0.0
2026-07-20 17:26:11.699564,604988,761,,0.0
2026-07-20 17:26:11.699564,605319,767,,0.0
2026-07-20 17:26:11.699564,606689,130,,-0.5
2026-07-20 17:26:11.699564,606745,447,,0.8
2026-07-20 17:26:11.699564,606774,687,,0.0
2026-07-20 17:26:11.699564,606775,96,,0.0
2026-07-20 17:26:11.699564,606798,42,,-0.5
2026-07-20 17:26:11.699564,606921,269,,0.0
2026-07-20 17:26:11.699564,607464,110,,1.3
2026-07-20 17:26:11.699564,608181,180,,0.0
2026-07-20 17:26:11.699564,609873,305,,0.2
2026-07-20 17:26:11.699564,610799,578,,0.0
2026-07-20 17:26:11.699564,611134,248,,0.0
2026-07-20 17:26:11.699564,611695,174,,0.0
2026-07-20 17:26:11.699564,611912,743,,0.0
2026-07-20 17:26:11.699564,611917,790,,0.0
2026-07-20 17:26:11.699564,611922,686,,2.7
2026-07-20 17:26:11.699564,611926,378,,0.5
2026-07-20 17:26:11.699564,611975,562,,0.0
2026-07-20 17:26:11.699564,612534,115,,0.0
2026-07-20 17:26:11.699564,613232,818,,0.0
2026-07-20 17:26:11.699564,613804,603,,1.2
2026-07-20 17:26:11.699564,614574,801,,0.3
2026-07-20 17:26:11.699564,616065,759,,1.0
2026-07-20 17:26:11.699564,616077,700,,1.2
2026-07-20 17:26:11.699564,616221,804,,0.0
2026-07-20 17:26:11.699564,616222,412,,0.0
2026-07-20 17:26:11.699564,616286,834,,0.0
2026-07-20 17:26:11.699564,616288,742,,0.5
2026-07-20 17:26:11.699564,618027,781,,-0.5
2026-07-20 17:26:11.699564,618873,463,,0.0
2026-07-20 17:26:11.699564,619536,770,,0.0
2026-07-20 17:26:11.699564,619734,829,,0.3
2026-07-20 17:26:11.699564,620487,721,,0.0
2026-07-20 17:26:11.699564,622536,114,,0.0
2026-07-20 17:26:11.699564,622758,234,,0.0
2026-07-20 17:26:11.699564,623095,594,,0.0
2026-07-20 17:26:11.699564,623110,689,,0.0
2026-07-20 17:26:11.699564,624773,238,,0.0
2026-07-20 17:26:11.699564,626464,127,,0.0
2026-07-20 17:26:11.699564,626844,546,,0.0
2026-07-20 17:26:11.699564,627888,831,,0.0
2026-07-20 17:26:11.699564,628204,131,,0.0
2026-07-20 17:26:11.699564,629068,779,,0.0
2026-07-20 17:26:11.699564,630699,758,,0.0
2026-07-20 17:26:11.699564,631106,780,,-1.0
2026-07-20 17:26:11.699564,631786,737,,0.0
2026-07-20 17:26:11.699564,640108,492,,0.0
2026-07-20 17:26:11.699564,640419,745,,0.0
2026-07-20 17:26:11.699564,641221,640,,1.2
2026-07-20 17:26:11.699564,643135,645,,0.0
2026-07-20 17:26:11.699564,643426,773,,-1.0
2026-07-20 17:26:11.699564,643473,752,,0.0
2026-07-20 17:26:11.699564,643970,837,,0.0
2026-07-20 17:26:11.699564,644593,820,,0.0
2026-07-20 17:26:11.699564,645618,702,,-0.5
2026-07-20 17:26:11.699564,646243,711,,1.0
2026-07-20 17:26:11.699564,647671,749,,4.2
2026-07-20 17:26:11.699564,647681,692,,0.0
2026-07-20 17:26:11.699564,647850,181,,1.0
2026-07-20 17:26:11.699564,647960,776,,0.0
2026-07-20 17:26:11.699564,649240,823,,-0.5
2026-07-20 17:26:11.699564,651426,723,,1.0
2026-07-20 17:26:11.699564,653481,792,,0.0
2026-07-20 17:26:11.699564,658013,799,,0.0
2026-07-20 17:26:11.699564,660392,732,,-1.0
2026-07-20 17:26:11.699564,661712,439,,0.0
2026-07-20 17:26:11.699564,664015,768,,-0.5
2026-07-20 17:26:11.699564,666607,772,,0.0
2026-07-20 17:26:11.699564,671606,833,,0.0
2026-07-20 17:26:11.699564,672492,762,,-1.0
2026-07-20 17:26:11.699564,677945,830,,0.5
2026-07-20 17:26:11.699564,678552,756,,0.0
2026-07-20 17:26:11.699564,685628,809,,0.0
2026-07-20 17:26:11.699564,699989,800,,0.0
2026-07-20 17:26:11.699564,704232,784,,0.0
2026-07-20 17:26:11.699564,718875,832,,0.5
2026-07-21 08:07:21.676591,15157,170,,0.0
2026-07-21 08:07:21.676591,17761,291,,5.2
2026-07-21 08:07:21.676591,19236,753,,0.0
2026-07-21 08:07:21.676591,21205,434,,0.0
2026-07-21 08:07:21.676591,37096,738,,0.0
2026-07-21 08:07:21.676591,40383,782,,0.0
2026-07-21 08:07:21.676591,44699,218,,0.0
2026-07-21 08:07:21.676591,49262,138,,0.0
2026-07-21 08:07:21.676591,50175,178,,3.0
2026-07-21 08:07:21.676591,51943,185,,0.0
2026-07-21 08:07:21.676591,54469,73,,5.7
2026-07-21 08:07:21.676591,56979,124,,-0.3
2026-07-21 08:07:21.676591,57328,263,,-0.8
2026-07-21 08:07:21.676591,58621,187,,1.3
2026-07-21 08:07:21.676591,59735,341,,5.0
2026-07-21 08:07:21.676591,59859,420,,0.0
2026-07-21 08:07:21.676591,59949,294,,0.2
2026-07-21 08:07:21.676591,60307,783,,3.7
2026-07-21 08:07:21.676591,60689,525,,2.8
2026-07-21 08:07:21.676591,61256,457,,0.0
2026-07-21 08:07:21.676591,67089,470,,0.7
2026-07-21 08:07:21.676591,69752,66,,0.0
2026-07-21 08:07:21.676591,72147,33,,-0.5
2026-07-21 08:07:21.676591,74854,529,,0.0
2026-07-21 08:07:21.676591,75115,671,,2.0
2026-07-21 08:07:21.676591,76357,331,,0.8
2026-07-21 08:07:21.676591,77794,478,,0.8
2026-07-21 08:07:21.676591,78916,476,,3.2
2026-07-21 08:07:21.676591,79602,629,,1.0
2026-07-21 08:07:21.676591,80201,314,,3.8
2026-07-21 08:07:21.676591,80801,302,,0.2
2026-07-21 08:07:21.676591,81441,471,,0.0
2026-07-21 08:07:21.676591,82143,601,,0.0
2026-07-21 08:07:21.676591,83299,146,,5.7
2026-07-21 08:07:21.676591,84182,600,,0.0
2026-07-21 08:07:21.676591,84450,668,,4.2
2026-07-21 08:07:21.676591,85633,502,,5.0
2026-07-21 08:07:21.676591,85971,579,,0.0
2026-07-21 08:07:21.676591,86873,664,,0.0
2026-07-21 08:07:21.676591,87835,632,,0.0
2026-07-21 08:07:21.676591,88248,400,,0.0
2026-07-21 08:07:21.676591,88894,55,,2.5
2026-07-21 08:07:21.676591,90585,514,,0.0
2026-07-21 08:07:21.676591,91651,422,,2.0
2026-07-21 08:07:21.676591,91889,625,,0.0
2026-07-21 08:07:21.676591,95658,442,,5.2
2026-07-21 08:07:21.676591,97032,373,,5.7
2026-07-21 08:07:21.676591,97299,409,,0.7
2026-07-21 08:07:21.676591,97846,340,,0.0
2026-07-21 08:07:21.676591,98747,469,,3.0
2026-07-21 08:07:21.676591,98980,32,,2.7
2026-07-21 08:07:21.676591,101148,480,,0.0
2026-07-21 08:07:21.676591,101178,614,,1.3
2026-07-21 08:07:21.676591,101188,37,,1.3
2026-07-21 08:07:21.676591,101982,627,,0.0
2026-07-21 08:07:21.676591,102057,337,,1.2
2026-07-21 08:07:21.676591,105717,678,,0.0
2026-07-21 08:07:21.676591,106468,43,,0.0
2026-07-21 08:07:21.676591,106611,295,,2.0
2026-07-21 08:07:21.676591,106617,363,,0.0
2026-07-21 08:07:21.676591,106760,443,,4.8
2026-07-21 08:07:21.676591,107265,675,,0.0
2026-07-21 08:07:21.676591,108413,270,,-0.8
2026-07-21 08:07:21.676591,109345,159,,0.7
2026-07-21 08:07:21.676591,109533,604,,0.0
2026-07-21 08:07:21.676591,109646,232,,0.0
2026-07-21 08:07:21.676591,109745,2,,1.0
2026-07-21 08:07:21.676591,110504,735,,0.0
2026-07-21 08:07:21.676591,110735,153,,0.0
2026-07-21 08:07:21.676591,111234,287,,1.5
2026-07-21 08:07:21.676591,111317,86,,2.0
2026-07-21 08:07:21.676591,111452,472,,0.0
2026-07-21 08:07:21.676591,111478,152,,2.7
2026-07-21 08:07:21.676591,111773,479,,0.0
2026-07-21 08:07:21.676591,113564,346,,0.3
2026-07-21 08:07:21.676591,114243,489,,3.5
2026-07-21 08:07:21.676591,114283,419,,0.0
2026-07-21 08:07:21.676591,115556,571,,0.0
2026-07-21 08:07:21.676591,116216,20,,5.5
2026-07-21 08:07:21.676591,116535,366,,0.4
2026-07-21 08:07:21.676591,118748,381,,1.0
2026-07-21 08:07:21.676591,119471,474,,0.0
2026-07-21 08:07:21.676591,121160,399,,0.0
2026-07-21 08:07:21.676591,121709,254,,-1.0
2026-07-21 08:07:21.676591,122074,401,,0.5
2026-07-21 08:07:21.676591,122798,372,,2.5
2026-07-21 08:07:21.676591,122806,54,,2.7
2026-07-21 08:07:21.676591,124165,545,,0.0
2026-07-21 08:07:21.676591,126184,405,,2.3
2026-07-21 08:07:21.676591,128295,24,,1.0
2026-07-21 08:07:21.676591,135720,570,,3.5
2026-07-21 08:07:21.676591,138001,630,,0.0
2026-07-21 08:07:21.676591,141746,449,,5.5
2026-07-21 08:07:21.676591,149065,628,,1.2
2026-07-21 08:07:21.676591,149484,40,,-0.3
2026-07-21 08:07:21.676591,149519,617,,0.0
2026-07-21 08:07:21.676591,151589,61,,0.0
2026-07-21 08:07:21.676591,152551,272,,-0.4
2026-07-21 08:07:21.676591,153127,495,,0.0
2026-07-21 08:07:21.676591,153133,324,,0.5
2026-07-21 08:07:21.676591,153366,336,,0.5
2026-07-21 08:07:21.676591,153682,329,,1.8
2026-07-21 08:07:21.676591,154296,673,,4.5
2026-07-21 08:07:21.676591,154561,1,,8.8
2026-07-21 08:07:21.676591,154566,596,,0.2
2026-07-21 08:07:21.676591,155405,429,,0.0
2026-07-21 08:07:21.676591,155408,88,,0.3
2026-07-21 08:07:21.676591,155503,369,,1.7
2026-07-21 08:07:21.676591,155511,817,,2.0
2026-07-21 08:07:21.676591,156074,264,,0.0
2026-07-21 08:07:21.676591,156689,327,,0.0
2026-07-21 08:07:21.676591,158499,87,,0.0
2026-07-21 08:07:21.676591,158534,659,,0.8
2026-07-21 08:07:21.676591,158983,392,,0.2
2026-07-21 08:07:21.676591,159506,507,,1.7
2026-07-21 08:07:21.676591,159533,326,,0.1
2026-07-21 08:07:21.676591,165809,416,,3.0
2026-07-21 08:07:21.676591,166477,319,,3.2
2026-07-21 08:07:21.676591,166989,48,,2.0
2026-07-21 08:07:21.676591,167074,322,,0.0
2026-07-21 08:07:21.676591,167512,539,,1.0
2026-07-21 08:07:21.676591,167887,209,,1.0
2026-07-21 08:07:21.676591,168636,98,,1.0
2026-07-21 08:07:21.676591,168991,89,,0.0
2026-07-21 08:07:21.676591,169359,484,,0.0
2026-07-21 08:07:21.676591,169528,316,,3.8
2026-07-21 08:07:21.676591,169593,255,,-1.0
2026-07-21 08:07:21.676591,171287,376,,0.7
2026-07-21 08:07:21.676591,171314,408,,0.5
2026-07-21 08:07:21.676591,171422,555,,0.0
2026-07-21 08:07:21.676591,172567,205,,0.0
2026-07-21 08:07:21.676591,172649,253,,0.0
2026-07-21 08:07:21.676591,172780,581,,0.5
2026-07-21 08:07:21.676591,173879,808,,0.0
2026-07-21 08:07:21.676591,174592,206,,0.0
2026-07-21 08:07:21.676591,174594,365,,1.0
2026-07-21 08:07:21.676591,174874,317,,0.0
2026-07-21 08:07:21.676591,176297,451,,0.0
2026-07-21 08:07:21.676591,177815,691,,6.7
2026-07-21 08:07:21.676591,178186,624,,4.0
2026-07-21 08:07:21.676591,178301,64,,6.3
2026-07-21 08:07:21.676591,179268,224,,2.0
2026-07-21 08:07:21.676591,179458,202,,0.7
2026-07-21 08:07:21.676591,180135,493,,1.0
2026-07-21 08:07:21.676591,180736,226,,0.7
2026-07-21 08:07:21.676591,180804,198,,1.7
2026-07-21 08:07:21.676591,180974,490,,0.0
2026-07-21 08:07:21.676591,181284,647,,0.0
2026-07-21 08:07:21.676591,183656,748,,0.0
2026-07-21 08:07:21.676591,183751,201,,0.0
2026-07-21 08:07:21.676591,184029,17,,3.5
2026-07-21 08:07:21.676591,184254,565,,0.0
2026-07-21 08:07:21.676591,184341,455,,1.5
2026-07-21 08:07:21.676591,184349,328,,2.1
2026-07-21 08:07:21.676591,184667,719,,0.3
2026-07-21 08:07:21.676591,184754,642,,1.8
2026-07-21 08:07:21.676591,191866,108,,1.0
2026-07-21 08:07:21.676591,192290,186,,0.0
2026-07-21 08:07:21.676591,194010,109,,0.0
2026-07-21 08:07:21.676591,195384,22,,0.8
2026-07-21 08:07:21.676591,195546,50,,2.3
2026-07-21 08:07:21.676591,197024,618,,0.0
2026-07-21 08:07:21.676591,198869,11,,0.0
2026-07-21 08:07:21.676591,199598,354,,4.7
2026-07-21 08:07:21.676591,199670,285,,0.0
2026-07-21 08:07:21.676591,199796,36,,1.5
2026-07-21 08:07:21.676591,199798,38,,0.5
2026-07-21 08:07:21.676591,200089,494,,2.0
2026-07-21 08:07:21.676591,200617,353,,1.3
2026-07-21 08:07:21.676591,200641,27,,0.5
2026-07-21 08:07:21.676591,200720,101,,3.3
2026-07-21 08:07:21.676591,200785,85,,2.3
2026-07-21 08:07:21.676591,200834,694,,4.8
2026-07-21 08:07:21.676591,201595,665,,0.0
2026-07-21 08:07:21.676591,201658,84,,2.3
2026-07-21 08:07:21.676591,201666,487,,4.8
2026-07-21 08:07:21.676591,201895,683,,1.6
2026-07-21 08:07:21.676591,202641,432,,0.0
2026-07-21 08:07:21.676591,202993,585,,3.2
2026-07-21 08:07:21.676591,204120,143,,0.3
2026-07-21 08:07:21.676591,204214,147,,0.0
2026-07-21 08:07:21.676591,204480,21,,4.8
2026-07-21 08:07:21.676591,204580,125,,0.3
2026-07-21 08:07:21.676591,204646,53,,0.0
2026-07-21 08:07:21.676591,204716,374,,2.3
2026-07-21 08:07:21.676591,204822,512,,0.0
2026-07-21 08:07:21.676591,204936,736,,4.5
2026-07-21 08:07:21.676591,204968,522,,1.0
2026-07-21 08:07:21.676591,205533,284,,0.0
2026-07-21 08:07:21.676591,205651,31,,1.2
2026-07-21 08:07:21.676591,206325,12,,0.0
2026-07-21 08:07:21.676591,206915,388,,3.5
2026-07-21 08:07:21.676591,207189,330,,1.0
2026-07-21 08:07:21.676591,207283,126,,4.3
2026-07-21 08:07:21.676591,208706,488,,4.5
2026-07-21 08:07:21.676591,208912,199,,0.0
2026-07-21 08:07:21.676591,209036,260,,5.7
2026-07-21 08:07:21.676591,209041,816,,0.5
2026-07-21 08:07:21.676591,209046,516,,0.0
2026-07-21 08:07:21.676591,209243,456,,0.5
2026-07-21 08:07:21.676591,209244,414,,4.3
2026-07-21 08:07:21.676591,209288,140,,0.0
2026-07-21 08:07:21.676591,209289,325,,2.0
2026-07-21 08:07:21.676591,209365,436,,0.0
2026-07-21 08:07:21.676591,209400,271,,1.2
2026-07-21 08:07:21.676591,210156,527,,5.8
2026-07-21 08:07:21.676591,210462,521,,0.5
2026-07-21 08:07:21.676591,210494,607,,0.0
2026-07-21 08:07:21.676591,211975,404,,0.0
2026-07-21 08:07:21.676591,212314,332,,3.2
2026-07-21 08:07:21.676591,212319,597,,5.5
2026-07-21 08:07:21.676591,213198,240,,0.0
2026-07-21 08:07:21.676591,213999,616,,0.0
2026-07-21 08:07:21.676591,214048,605,,0.0
2026-07-21 08:07:21.676591,214225,348,,2.7
2026-07-21 08:07:21.676591,214285,377,,0.0
2026-07-21 08:07:21.676591,214572,566,,0.0
2026-07-21 08:07:21.676591,214590,610,,1.0
2026-07-21 08:07:21.676591,215059,220,,1.0
2026-07-21 08:07:21.676591,215136,508,,2.2
2026-07-21 08:07:21.676591,215379,517,,8.5
2026-07-21 08:07:21.676591,215413,242,,4.2
2026-07-21 08:07:21.676591,215439,613,,3.8
2026-07-21 08:07:21.676591,215460,550,,0.0
2026-07-21 08:07:21.676591,215711,49,,0.3
2026-07-21 08:07:21.676591,216051,440,,1.5
2026-07-21 08:07:21.676591,216055,722,,3.0
2026-07-21 08:07:21.676591,216094,370,,1.1
2026-07-21 08:07:21.676591,216646,135,,1.5
2026-07-21 08:07:21.676591,218328,727,,2.0
2026-07-21 08:07:21.676591,218364,259,,-0.8
2026-07-21 08:07:21.676591,219168,499,,2.0
2026-07-21 08:07:21.676591,219249,164,,0.0
2026-07-21 08:07:21.676591,219847,30,,4.2
2026-07-21 08:07:21.676591,219924,320,,0.8
2026-07-21 08:07:21.676591,219937,379,,0.5
2026-07-21 08:07:21.676591,220237,475,,4.0
2026-07-21 08:07:21.676591,220362,815,,1.8
2026-07-21 08:07:21.676591,220566,421,,2.3
2026-07-21 08:07:21.676591,220598,219,,0.0
2026-07-21 08:07:21.676591,220627,706,,4.0
2026-07-21 08:07:21.676591,220684,533,,0.0
2026-07-21 08:07:21.676591,220695,132,,0.0
2026-07-21 08:07:21.676591,221389,715,,0.0
2026-07-21 08:07:21.676591,221399,352,,0.0
2026-07-21 08:07:21.676591,221466,72,,8.7
2026-07-21 08:07:21.676591,221632,569,,0.0
2026-07-21 08:07:21.676591,221820,437,,2.2
2026-07-21 08:07:21.676591,222531,515,,6.0
2026-07-21 08:07:21.676591,222683,81,,0.0
2026-07-21 08:07:21.676591,222690,448,,0.0
2026-07-21 08:07:21.676591,222694,343,,0.5
2026-07-21 08:07:21.676591,223094,430,,7.3
2026-07-21 08:07:21.676591,223336,549,,0.0
2026-07-21 08:07:21.676591,223340,16,,7.0
2026-07-21 08:07:21.676591,223434,149,,0.0
2026-07-21 08:07:21.676591,223541,385,,1.3
2026-07-21 08:07:21.676591,223827,531,,0.0
2026-07-21 08:07:21.676591,223911,79,,0.0
2026-07-21 08:07:21.676591,224024,612,,0.0
2026-07-21 08:07:21.676591,224068,504,,0.0
2026-07-21 08:07:21.676591,224117,666,,6.0
2026-07-21 08:07:21.676591,224967,292,,0.8
2026-07-21 08:07:21.676591,224995,91,,0.0
2026-07-21 08:07:21.676591,225321,674,,0.0
2026-07-21 08:07:21.676591,225796,225,,0.3
2026-07-21 08:07:21.676591,226182,342,,1.3
2026-07-21 08:07:21.676591,226597,5,,8.8
2026-07-21 08:07:21.676591,226944,58,,0.0
2026-07-21 08:07:21.676591,226956,112,,0.0
2026-07-21 08:07:21.676591,227127,587,,1.0
2026-07-21 08:07:21.676591,227444,505,,3.0
2026-07-21 08:07:21.676591,229384,621,,0.0
2026-07-21 08:07:21.676591,229600,288,,0.0
2026-07-21 08:07:21.676591,230001,438,,3.0
2026-07-21 08:07:21.676591,230046,699,,0.0
2026-07-21 08:07:21.676591,230376,663,,0.0
2026-07-21 08:07:21.676591,231057,644,,0.5
2026-07-21 08:07:21.676591,231065,111,,-0.5
2026-07-21 08:07:21.676591,231416,148,,3.0
2026-07-21 08:07:21.676591,231480,636,,3.8
2026-07-21 08:07:21.676591,231747,283,,1.0
2026-07-21 08:07:21.676591,232112,459,,0.0
2026-07-21 08:07:21.676591,232185,267,,3.2
2026-07-21 08:07:21.676591,232356,774,,0.0
2026-07-21 08:07:21.676591,232413,266,,4.8
2026-07-21 08:07:21.676591,232571,528,,0.0
2026-07-21 08:07:21.676591,232653,52,,4.0
2026-07-21 08:07:21.676591,232787,796,,4.2
2026-07-21 08:07:21.676591,232792,150,,0.0
2026-07-21 08:07:21.676591,232820,534,,0.0
2026-07-21 08:07:21.676591,232826,485,,0.0
2026-07-21 08:07:21.676591,232859,573,,2.8
2026-07-21 08:07:21.676591,232892,318,,2.8
2026-07-21 08:07:21.676591,232928,303,,2.5
2026-07-21 08:07:21.676591,233963,606,,2.5
2026-07-21 08:07:21.676591,235448,102,,-0.5
2026-07-21 08:07:21.676591,235674,589,,0.0
2026-07-21 08:07:21.676591,235826,362,,0.3
2026-07-21 08:07:21.676591,240299,653,,0.0
2026-07-21 08:07:21.676591,240514,142,,0.0
2026-07-21 08:07:21.676591,241231,194,,0.0
2026-07-21 08:07:21.676591,242880,229,,0.0
2026-07-21 08:07:21.676591,242882,685,,0.0
2026-07-21 08:07:21.676591,242898,580,,0.6
2026-07-21 08:07:21.676591,243016,386,,5.5
2026-07-21 08:07:21.676591,243298,384,,3.5
2026-07-21 08:07:21.676591,243345,520,,0.0
2026-07-21 08:07:21.676591,243526,347,,0.0
2026-07-21 08:07:21.676591,243571,296,,0.2
2026-07-21 08:07:21.676591,244042,338,,1.2
2026-07-21 08:07:21.676591,244723,258,,0.6
2026-07-21 08:07:21.676591,244731,383,,0.0
2026-07-21 08:07:21.676591,244850,47,,3.7
2026-07-21 08:07:21.676591,244851,235,,1.3
2026-07-21 08:07:21.676591,244858,123,,0.0
2026-07-21 08:07:21.676591,244954,41,,0.7
2026-07-21 08:07:21.676591,246301,321,,0.0
2026-07-21 08:07:21.676591,247245,188,,0.0
2026-07-21 08:07:21.676591,247348,256,,2.0
2026-07-21 08:07:21.676591,247412,654,,0.6
2026-07-21 08:07:21.676591,247632,236,,1.7
2026-07-21 08:07:21.676591,247670,791,,2.2
2026-07-21 08:07:21.676591,247693,726,,1.5
2026-07-21 08:07:21.676591,247955,724,,2.0
2026-07-21 08:07:21.676591,248056,358,,4.0
2026-07-21 08:07:21.676591,248857,18,,2.2
2026-07-21 08:07:21.676591,248875,418,,7.7
2026-07-21 08:07:21.676591,248937,355,,0.0
2026-07-21 08:07:21.676591,249231,107,,3.0
2026-07-21 08:07:21.676591,250199,519,,1.0
2026-07-21 08:07:21.676591,250735,204,,0.0
2026-07-21 08:07:21.676591,424044,93,,0.0
2026-07-21 08:07:21.676591,424876,387,,6.7
2026-07-21 08:07:21.676591,427623,261,,0.0
2026-07-21 08:07:21.676591,427637,350,,1.0
2026-07-21 08:07:21.676591,428580,128,,0.0
2026-07-21 08:07:21.676591,428971,315,,0.0
2026-07-21 08:07:21.676591,429414,656,,0.0
2026-07-21 08:07:21.676591,430871,450,,4.5
2026-07-21 08:07:21.676591,431248,709,,0.5
2026-07-21 08:07:21.676591,431639,215,,2.7
2026-07-21 08:07:21.676591,432422,491,,1.1
2026-07-21 08:07:21.676591,432714,426,,1.8
2026-07-21 08:07:21.676591,432720,182,,0.5
2026-07-21 08:07:21.676591,432830,106,,2.5
2026-07-21 08:07:21.676591,433036,427,,0.7
2026-07-21 08:07:21.676591,433154,300,,0.8
2026-07-21 08:07:21.676591,433312,648,,0.0
2026-07-21 08:07:21.676591,433952,357,,0.0
2026-07-21 08:07:21.676591,434399,541,,3.2
2026-07-21 08:07:21.676591,434752,344,,6.0
2026-07-21 08:07:21.676591,435973,217,,0.3
2026-07-21 08:07:21.676591,435997,698,,0.0
2026-07-21 08:07:21.676591,436234,590,,0.0
2026-07-21 08:07:21.676591,436416,806,,0.0
2026-07-21 08:07:21.676591,436893,78,,0.0
2026-07-21 08:07:21.676591,437495,339,,0.0
2026-07-21 08:07:21.676591,437499,257,,1.2
2026-07-21 08:07:21.676591,437505,560,,1.8
2026-07-21 08:07:21.676591,437730,82,,4.3
2026-07-21 08:07:21.676591,437738,345,,2.3
2026-07-21 08:07:21.676591,437742,29,,0.0
2026-07-21 08:07:21.676591,437748,214,,0.0
2026-07-21 08:07:21.676591,438098,23,,0.0
2026-07-21 08:07:21.676591,438234,413,,4.5
2026-07-21 08:07:21.676591,438464,268,,0.0
2026-07-21 08:07:21.676591,439135,154,,0.0
2026-07-21 08:07:21.676591,440089,121,,4.3
2026-07-21 08:07:21.676591,440148,395,,0.0
2026-07-21 08:07:21.676591,440323,680,,0.3
2026-07-21 08:07:21.676591,440854,9,,0.0
2026-07-21 08:07:21.676591,440955,564,,0.0
2026-07-21 08:07:21.676591,440993,299,,2.0
2026-07-21 08:07:21.676591,441024,482,,0.0
2026-07-21 08:07:21.676591,441164,568,,3.2
2026-07-21 08:07:21.676591,441191,477,,0.0
2026-07-21 08:07:21.676591,441192,171,,0.0
2026-07-21 08:07:21.676591,441240,92,,0.0
2026-07-21 08:07:21.676591,441264,730,,3.0
2026-07-21 08:07:21.676591,441266,390,,4.3
2026-07-21 08:07:21.676591,441271,638,,0.0
2026-07-21 08:07:21.676591,441302,39,,0.3
2026-07-21 08:07:21.676591,444102,97,,2.7
2026-07-21 08:07:21.676591,444145,19,,1.2
2026-07-21 08:07:21.676591,444172,68,,0.0
2026-07-21 08:07:21.676591,444180,200,,4.7
2026-07-21 08:07:21.676591,444463,230,,2.3
2026-07-21 08:07:21.676591,444765,113,,2.0
2026-07-21 08:07:21.676591,444884,389,,-0.5
2026-07-21 08:07:21.676591,445044,583,,0.0
2026-07-21 08:07:21.676591,445122,8,,0.2
2026-07-21 08:07:21.676591,446008,119,,3.2
2026-07-21 08:07:21.676591,447203,397,,0.0
2026-07-21 08:07:21.676591,447325,289,,0.0
2026-07-21 08:07:21.676591,447715,211,,0.0
2026-07-21 08:07:21.676591,448047,237,,7.7
2026-07-21 08:07:21.676591,448089,646,,2.8
2026-07-21 08:07:21.676591,448104,725,,3.5
2026-07-21 08:07:21.676591,448514,402,,2.0
2026-07-21 08:07:21.676591,449027,367,,1.3
2026-07-21 08:07:21.676591,449434,486,,0.5
2026-07-21 08:07:21.676591,449871,59,,-0.5
2026-07-21 08:07:21.676591,449988,655,,0.0
2026-07-21 08:07:21.676591,450070,615,,1.5
2026-07-21 08:07:21.676591,450072,196,,0.0
2026-07-21 08:07:21.676591,450535,277,,0.0
2026-07-21 08:07:21.676591,450539,133,,0.0
2026-07-21 08:07:21.676591,450542,278,,0.0
2026-07-21 08:07:21.676591,451302,431,,0.0
2026-07-21 08:07:21.676591,451340,157,,0.0
2026-07-21 08:07:21.676591,451432,509,,0.0
2026-07-21 08:07:21.676591,456512,669,,0.0
2026-07-21 08:07:21.676591,457569,67,,5.0
2026-07-21 08:07:21.676591,458249,466,,0.8
2026-07-21 08:07:21.676591,458297,556,,0.0
2026-07-21 08:07:21.676591,460028,227,,1.7
2026-07-21 08:07:21.676591,460842,582,,0.0
2026-07-21 08:07:21.676591,461188,193,,0.3
2026-07-21 08:07:21.676591,461195,535,,0.0
2026-07-21 08:07:21.676591,461199,548,,0.0
2026-07-21 08:07:21.676591,461421,57,,0.0
2026-07-21 08:07:21.676591,461446,704,,0.0
2026-07-21 08:07:21.676591,461484,498,,0.0
2026-07-21 08:07:21.676591,461537,435,,0.0
2026-07-21 08:07:21.676591,461567,189,,0.0
2026-07-21 08:07:21.676591,462116,609,,0.5
2026-07-21 08:07:21.676591,462381,35,,0.0
2026-07-21 08:07:21.676591,462424,6,,7.5
2026-07-21 08:07:21.676591,462492,34,,0.0
2026-07-21 08:07:21.676591,462635,360,,0.0
2026-07-21 08:07:21.676591,463034,250,,0.3
2026-07-21 08:07:21.676591,463067,158,,1.0
2026-07-21 08:07:21.676591,463748,3,,0.0
2026-07-21 08:07:21.676591,463936,239,,0.0
2026-07-21 08:07:21.676591,463981,77,,5.7
2026-07-21 08:07:21.676591,465247,733,,3.8
2026-07-21 08:07:21.676591,465351,407,,2.7
2026-07-21 08:07:21.676591,465527,207,,2.0
2026-07-21 08:07:21.676591,465642,684,,2.0
2026-07-21 08:07:21.676591,465680,696,,0.0
2026-07-21 08:07:21.676591,465694,423,,1.0
2026-07-21 08:07:21.676591,465702,540,,0.0
2026-07-21 08:07:21.676591,465730,145,,6.0
2026-07-21 08:07:21.676591,465920,245,,0.0
2026-07-21 08:07:21.676591,466052,417,,3.3
2026-07-21 08:07:21.676591,466075,7,,4.8
2026-07-21 08:07:21.676591,466117,275,,0.0
2026-07-21 08:07:21.676591,466525,660,,0.0
2026-07-21 08:07:21.676591,467169,454,,0.0
2026-07-21 08:07:21.676591,467189,679,,2.8
2026-07-21 08:07:21.676591,467779,173,,0.3
2026-07-21 08:07:21.676591,469130,805,,0.2
2026-07-21 08:07:21.676591,469142,151,,3.3
2026-07-21 08:07:21.676591,469247,51,,0.0
2026-07-21 08:07:21.676591,469272,210,,4.0
2026-07-21 08:07:21.676591,470294,361,,0.0
2026-07-21 08:07:21.676591,470313,714,,2.8
2026-07-21 08:07:21.676591,470315,814,,2.0
2026-07-21 08:07:21.676591,471798,223,,0.0
2026-07-21 08:07:21.676591,472713,116,,0.3
2026-07-21 08:07:21.676591,472739,141,,0.0
2026-07-21 08:07:21.676591,472769,411,,2.5
2026-07-21 08:07:21.676591,474120,161,,0.0
2026-07-21 08:07:21.676591,474907,298,,0.0
2026-07-21 08:07:21.676591,475123,503,,0.0
2026-07-21 08:07:21.676591,475168,249,,2.5
2026-07-21 08:07:21.676591,476502,649,,0.0
2026-07-21 08:07:21.676591,476887,734,,2.8
2026-07-21 08:07:21.676591,477064,410,,0.5
2026-07-21 08:07:21.676591,477424,403,,0.7
2026-07-21 08:07:21.676591,477547,536,,0.0
2026-07-21 08:07:21.676591,477555,424,,1.2
2026-07-21 08:07:21.676591,477580,71,,0.0
2026-07-21 08:07:21.676591,477717,191,,2.7
2026-07-21 08:07:21.676591,477851,554,,0.0
2026-07-21 08:07:21.676591,478969,190,,1.0
2026-07-21 08:07:21.676591,480455,290,,0.0
2026-07-21 08:07:21.676591,481283,688,,-0.5
2026-07-21 08:07:21.676591,481655,26,,3.0
2026-07-21 08:07:21.676591,482442,593,,1.2
2026-07-21 08:07:21.676591,482609,228,,0.5
2026-07-21 08:07:21.676591,482973,526,,5.5
2026-07-21 08:07:21.676591,483081,635,,2.5
2026-07-21 08:07:21.676591,483364,602,,0.0
2026-07-21 08:07:21.676591,484420,547,,5.5
2026-07-21 08:07:21.676591,485047,511,,3.2
2026-07-21 08:07:21.676591,485055,567,,3.0
2026-07-21 08:07:21.676591,485337,677,,-0.8
2026-07-21 08:07:21.676591,485711,681,,1.6
2026-07-21 08:07:21.676591,486385,311,,2.8
2026-07-21 08:07:21.676591,486520,356,,0.0
2026-07-21 08:07:21.676591,486672,241,,2.0
2026-07-21 08:07:21.676591,487053,574,,1.0
2026-07-21 08:07:21.676591,487117,179,,0.0
2026-07-21 08:07:21.676591,487676,532,,1.8
2026-07-21 08:07:21.676591,487702,208,,0.0
2026-07-21 08:07:21.676591,487838,473,,1.0
2026-07-21 08:07:21.676591,488024,712,,-0.2
2026-07-21 08:07:21.676591,488213,720,,1.2
2026-07-21 08:07:21.676591,489571,184,,0.0
2026-07-21 08:07:21.676591,489580,380,,0.5
2026-07-21 08:07:21.676591,489639,139,,3.3
2026-07-21 08:07:21.676591,489706,276,,-0.2
2026-07-21 08:07:21.676591,489888,697,,0.7
2026-07-21 08:07:21.676591,490000,530,,0.0
2026-07-21 08:07:21.676591,490094,304,,1.5
2026-07-21 08:07:21.676591,490142,623,,0.2
2026-07-21 08:07:21.676591,490145,599,,0.0
2026-07-21 08:07:21.676591,490721,633,,2.2
2026-07-21 08:07:21.676591,490881,460,,0.0
2026-07-21 08:07:21.676591,490885,620,,0.0
2026-07-21 08:07:21.676591,491007,247,,0.0
2026-07-21 08:07:21.676591,491012,312,,0.0
2026-07-21 08:07:21.676591,491279,575,,2.5
2026-07-21 08:07:21.676591,491287,56,,0.0
2026-07-21 08:07:21.676591,491460,828,,0.0
2026-07-21 08:07:21.676591,491501,394,,0.0
2026-07-21 08:07:21.676591,491557,309,,0.0
2026-07-21 08:07:21.676591,491745,705,,0.0
2026-07-21 08:07:21.676591,492066,537,,0.0
2026-07-21 08:07:21.676591,492368,349,,0.0
2026-07-21 08:07:21.676591,492777,375,,0.0
2026-07-21 08:07:21.676591,492831,216,,1.0
2026-07-21 08:07:21.676591,492859,351,,1.0
2026-07-21 08:07:21.676591,493105,453,,0.3
2026-07-21 08:07:21.676591,493125,572,,0.2
2026-07-21 08:07:21.676591,493250,452,,1.8
2026-07-21 08:07:21.676591,493362,717,,0.0
2026-07-21 08:07:21.676591,493837,558,,0.0
2026-07-21 08:07:21.676591,494307,794,,0.5
2026-07-21 08:07:21.676591,494521,74,,6.7
2026-07-21 08:07:21.676591,494556,819,,-0.5
2026-07-21 08:07:21.676591,494595,382,,3.3
2026-07-21 08:07:21.676591,494960,192,,0.3
2026-07-21 08:07:21.676591,495145,70,,0.0
2026-07-21 08:07:21.676591,495161,524,,0.0
2026-07-21 08:07:21.676591,496178,297,,0.0
2026-07-21 08:07:21.676591,496208,391,,0.3
2026-07-21 08:07:21.676591,496221,273,,2.8
2026-07-21 08:07:21.676591,496279,308,,0.0
2026-07-21 08:07:21.676591,496661,707,,0.0
2026-07-21 08:07:21.676591,497606,650,,0.0
2026-07-21 08:07:21.676591,497894,465,,0.0
2026-07-21 08:07:21.676591,497949,682,,1.0
2026-07-21 08:07:21.676591,498016,670,,3.0
2026-07-21 08:07:21.676591,499167,15,,1.0
2026-07-21 08:07:21.676591,499169,10,,4.5
2026-07-21 08:07:21.676591,499175,25,,0.0
2026-07-21 08:07:21.676591,499300,667,,0.0
2026-07-21 08:07:21.676591,499309,252,,0.0
2026-07-21 08:07:21.676591,499604,807,,6.7
2026-07-21 08:07:21.676591,499716,750,,0.0
2026-07-21 08:07:21.676591,499717,118,,0.0
2026-07-21 08:07:21.676591,499721,592,,0.0
2026-07-21 08:07:21.676591,499726,595,,0.0
2026-07-21 08:07:21.676591,499857,803,,0.0
2026-07-21 08:07:21.676591,500040,662,,2.8
2026-07-21 08:07:21.676591,500058,398,,0.0
2026-07-21 08:07:21.676591,500151,716,,0.0
2026-07-21 08:07:21.676591,500696,559,,0.0
2026-07-21 08:07:21.676591,501837,634,,1.8
2026-07-21 08:07:21.676591,502500,136,,2.3
2026-07-21 08:07:21.676591,502697,301,,0.5
2026-07-21 08:07:21.676591,502988,798,,0.0
2026-07-21 08:07:21.676591,503139,90,,3.7
2026-07-21 08:07:21.676591,503300,103,,0.0
2026-07-21 08:07:21.676591,503301,693,,1.8
2026-07-21 08:07:21.676591,503714,676,,2.3
2026-07-21 08:07:21.676591,504296,307,,0.0
2026-07-21 08:07:21.676591,505079,786,,0.0
2026-07-21 08:07:21.676591,507433,105,,-0.5
2026-07-21 08:07:21.676591,508395,129,,3.7
2026-07-21 08:07:21.676591,508479,221,,1.0
2026-07-21 08:07:21.676591,509291,643,,1.8
2026-07-21 08:07:21.676591,509416,166,,0.7
2026-07-21 08:07:21.676591,510281,415,,3.3
2026-07-21 08:07:21.676591,510362,637,,2.2
2026-07-21 08:07:21.676591,510500,518,,0.0
2026-07-21 08:07:21.676591,510663,661,,0.0
2026-07-21 08:07:21.676591,511499,584,,4.2
2026-07-21 08:07:21.676591,512462,293,,2.0
2026-07-21 08:07:21.676591,513418,120,,1.5
2026-07-21 08:07:21.676591,513433,162,,0.0
2026-07-21 08:07:21.676591,513466,728,,4.0
2026-07-21 08:07:21.676591,513834,177,,0.0
2026-07-21 08:07:21.676591,514254,169,,0.3
2026-07-21 08:07:21.676591,514315,45,,0.0
2026-07-21 08:07:21.676591,514356,244,,0.2
2026-07-21 08:07:21.676591,514362,777,,0.0
2026-07-21 08:07:21.676591,514613,538,,0.0
2026-07-21 08:07:21.676591,515024,334,,0.0
2026-07-21 08:07:21.676591,515046,812,,0.0
2026-07-21 08:07:21.676591,515597,44,,0.5
2026-07-21 08:07:21.676591,515621,262,,-0.4
2026-07-21 08:07:21.676591,516211,165,,0.0
2026-07-21 08:07:21.676591,516234,763,,0.5
2026-07-21 08:07:21.676591,516875,757,,-0.5
2026-07-21 08:07:21.676591,516895,458,,5.5
2026-07-21 08:07:21.676591,516939,631,,0.0
2026-07-21 08:07:21.676591,517052,251,,0.0
2026-07-21 08:07:21.676591,517179,641,,0.0
2026-07-21 08:07:21.676591,518030,183,,1.3
2026-07-21 08:07:21.676591,518335,789,,0.0
2026-07-21 08:07:21.676591,518438,611,,0.0
2026-07-21 08:07:21.676591,518442,622,,0.0
2026-07-21 08:07:21.676591,518906,76,,0.0
2026-07-21 08:07:21.676591,519440,760,,0.5
2026-07-21 08:07:21.676591,519634,542,,0.0
2026-07-21 08:07:21.676591,519895,197,,0.0
2026-07-21 08:07:21.676591,519913,771,,0.0
2026-07-21 08:07:21.676591,523705,695,,0.2
2026-07-21 08:07:21.676591,530121,95,,0.0
2026-07-21 08:07:21.676591,530318,281,,-1.0
2026-07-21 08:07:21.676591,530335,785,,1.5
2026-07-21 08:07:21.676591,531363,658,,0.0
2026-07-21 08:07:21.676591,531989,280,,0.0
2026-07-21 08:07:21.676591,532529,163,,6.0
2026-07-21 08:07:21.676591,532605,246,,4.3
2026-07-21 08:07:21.676591,533463,83,,5.3
2026-07-21 08:07:21.676591,533710,137,,0.0
2026-07-21 08:07:21.676591,534836,710,,-0.5
2026-07-21 08:07:21.676591,535017,104,,-0.5
2026-07-21 08:07:21.676591,535301,167,,3.3
2026-07-21 08:07:21.676591,535818,543,,0.0
2026-07-21 08:07:21.676591,535928,393,,0.0
2026-07-21 08:07:21.676591,536109,608,,0.0
2026-07-21 08:07:21.676591,536119,359,,0.0
2026-07-21 08:07:21.676591,536134,811,,0.0
2026-07-21 08:07:21.676591,536241,313,,0.0
2026-07-21 08:07:21.676591,536661,813,,0.8
2026-07-21 08:07:21.676591,536694,279,,0.0
2026-07-21 08:07:21.676591,536916,168,,0.0
2026-07-21 08:07:21.676591,537403,63,,0.0
2026-07-21 08:07:21.676591,538207,500,,6.5
2026-07-21 08:07:21.676591,541462,75,,0.0
2026-07-21 08:07:21.676591,543295,122,,0.0
2026-07-21 08:07:21.676591,544877,371,,1.5
2026-07-21 08:07:21.676591,545477,481,,0.0
2026-07-21 08:07:21.676591,547027,544,,1.5
2026-07-21 08:07:21.676591,547037,462,,0.0
2026-07-21 08:07:21.676591,547410,557,,0.0
2026-07-21 08:07:21.676591,547671,826,,-0.5
2026-07-21 08:07:21.676591,547676,446,,0.0
2026-07-21 08:07:21.676591,547701,591,,0.0
2026-07-21 08:07:21.676591,547719,497,,0.0
2026-07-21 08:07:21.676591,547720,156,,0.0
2026-07-21 08:07:21.676591,547801,306,,0.0
2026-07-21 08:07:21.676591,548308,576,,0.0
2026-07-21 08:07:21.676591,549067,513,,0.2
2026-07-21 08:07:21.676591,549074,172,,0.0
2026-07-21 08:07:21.676591,549329,195,,1.0
2026-07-21 08:07:21.676591,549912,553,,0.0
2026-07-21 08:07:21.676591,549939,222,,0.0
2026-07-21 08:07:21.676591,550090,144,,0.0
2026-07-21 08:07:21.676591,550141,176,,0.0
2026-07-21 08:07:21.676591,550596,94,,0.0
2026-07-21 08:07:21.676591,550615,243,,0.8
2026-07-21 08:07:21.676591,550839,588,,0.0
2026-07-21 08:07:21.676591,550864,444,,0.5
2026-07-21 08:07:21.676591,551153,563,,0.0
2026-07-21 08:07:21.676591,551206,213,,0.0
2026-07-21 08:07:21.676591,551210,672,,1.3
2026-07-21 08:07:21.676591,551221,4,,1.0
2026-07-21 08:07:21.676591,551226,708,,3.0
2026-07-21 08:07:21.676591,551483,713,,0.0
2026-07-21 08:07:21.676591,552427,598,,0.0
2026-07-21 08:07:21.676591,553299,577,,0.0
2026-07-21 08:07:21.676591,553742,825,,0.0
2026-07-21 08:07:21.676591,553746,765,,0.0
2026-07-21 08:07:21.676591,554197,551,,1.2
2026-07-21 08:07:21.676591,556637,744,,0.0
2026-07-21 08:07:21.676591,556639,461,,0.0
2026-07-21 08:07:21.676591,559610,810,,-0.5
2026-07-21 08:07:21.676591,559684,464,,0.0
2026-07-21 08:07:21.676591,559962,62,,0.0
2026-07-21 08:07:21.676591,560248,639,,0.0
2026-07-21 08:07:21.676591,560262,100,,5.3
2026-07-21 08:07:21.676591,560441,729,,0.0
2026-07-21 08:07:21.676591,560552,731,,0.5
2026-07-21 08:07:21.676591,563324,13,,1.0
2026-07-21 08:07:21.676591,564406,561,,0.2
2026-07-21 08:07:21.676591,564505,703,,-0.5
2026-07-21 08:07:21.676591,564510,496,,0.0
2026-07-21 08:07:21.676591,564940,718,,0.2
2026-07-21 08:07:21.676591,565297,364,,0.0
2026-07-21 08:07:21.676591,565431,626,,0.0
2026-07-21 08:07:21.676591,565863,787,,0.0
2026-07-21 08:07:21.676591,566164,428,,0.5
2026-07-21 08:07:21.676591,566213,740,,0.0
2026-07-21 08:07:21.676591,567119,840,,1.3
2026-07-21 08:07:21.676591,567121,175,,0.0
2026-07-21 08:07:21.676591,568159,835,,0.0
2026-07-21 08:07:21.676591,568791,69,,0.0
2026-07-21 08:07:21.676591,569014,523,,0.0
2026-07-21 08:07:21.676591,569577,701,,0.0
2026-07-21 08:07:21.676591,570241,117,,0.0
2026-07-21 08:07:21.676591,570526,586,,0.8
2026-07-21 08:07:21.676591,570929,821,,0.0
2026-07-21 08:07:21.676591,571087,822,,0.0
2026-07-21 08:07:21.676591,572702,802,,0.0
2026-07-21 08:07:21.676591,573062,333,,0.0
2026-07-21 08:07:21.676591,574398,282,,0.0
2026-07-21 08:07:21.676591,574458,231,,0.3
2026-07-21 08:07:21.676591,575034,468,,0.0
2026-07-21 08:07:21.676591,575204,425,,0.0
2026-07-21 08:07:21.676591,575458,510,,1.2
2026-07-21 08:07:21.676591,575476,506,,0.0
2026-07-21 08:07:21.676591,575901,80,,0.0
2026-07-21 08:07:21.676591,576323,212,,0.0
2026-07-21 08:07:21.676591,576620,769,,0.0
2026-07-21 08:07:21.676591,576628,755,,0.0
2026-07-21 08:07:21.676591,576634,827,,0.0
2026-07-21 08:07:21.676591,576637,788,,0.0
2026-07-21 08:07:21.676591,576756,65,,0.0
2026-07-21 08:07:21.676591,576980,286,,-1.0
2026-07-21 08:07:21.676591,577016,233,,0.7
2026-07-21 08:07:21.676591,577114,619,,0.0
2026-07-21 08:07:21.676591,577285,754,,-0.5
2026-07-21 08:07:21.676591,577669,552,,2.8
2026-07-21 08:07:21.676591,577725,335,,0.8
2026-07-21 08:07:21.676591,577731,60,,0.0
2026-07-21 08:07:21.676591,577974,445,,0.0
2026-07-21 08:07:21.676591,577978,838,,0.0
2026-07-21 08:07:21.676591,578153,406,,3.3
2026-07-21 08:07:21.676591,578512,483,,0.0
2026-07-21 08:07:21.676591,578614,203,,0.0
2026-07-21 08:07:21.676591,579075,274,,-1.0
2026-07-21 08:07:21.676591,580921,764,,0.5
2026-07-21 08:07:21.676591,586268,368,,0.5
2026-07-21 08:07:21.676591,586309,310,,3.8
2026-07-21 08:07:21.676591,587178,46,,0.0
2026-07-21 08:07:21.676591,587433,824,,-0.5
2026-07-21 08:07:21.676591,588555,433,,0.0
2026-07-21 08:07:21.676591,588793,14,,0.0
2026-07-21 08:07:21.676591,588796,28,,0.0
2026-07-21 08:07:21.676591,589100,155,,0.0
2026-07-21 08:07:21.676591,589121,778,,0.0
2026-07-21 08:07:21.676591,589507,657,,0.0
2026-07-21 08:07:21.676591,590012,265,,-1.0
2026-07-21 08:07:21.676591,590014,690,,-1.0
2026-07-21 08:07:21.676591,590035,751,,0.0
2026-07-21 08:07:21.676591,590039,739,,0.0
2026-07-21 08:07:21.676591,590040,836,,0.0
2026-07-21 08:07:21.676591,590760,99,,0.0
2026-07-21 08:07:21.676591,591357,134,,0.0
2026-07-21 08:07:21.676591,591384,793,,-1.0
2026-07-21 08:07:21.676591,591385,323,,0.0
2026-07-21 08:07:21.676591,591386,396,,0.5
2026-07-21 08:07:21.676591,592031,160,,4.7
2026-07-21 08:07:21.676591,592740,839,,1.3
2026-07-21 08:07:21.676591,593001,652,,0.0
2026-07-21 08:07:21.676591,593174,797,,-0.3
2026-07-21 08:07:21.676591,596042,746,,0.5
2026-07-21 08:07:21.676591,596047,467,,0.0
2026-07-21 08:07:21.676591,596054,651,,0.2
2026-07-21 08:07:21.676591,596777,441,,0.8
2026-07-21 08:07:21.676591,597320,795,,0.0
2026-07-21 08:07:21.676591,599303,501,,0.0
2026-07-21 08:07:21.676591,600882,741,,0.0
2026-07-21 08:07:21.676591,601956,766,,0.0
2026-07-21 08:07:21.676591,602903,747,,0.0
2026-07-21 08:07:21.676591,604211,775,,0.0
2026-07-21 08:07:21.676591,604988,761,,0.0
2026-07-21 08:07:21.676591,605319,767,,0.0
2026-07-21 08:07:21.676591,606689,130,,-0.5
2026-07-21 08:07:21.676591,606745,447,,0.8
2026-07-21 08:07:21.676591,606774,687,,0.0
2026-07-21 08:07:21.676591,606775,96,,0.0
2026-07-21 08:07:21.676591,606798,42,,-0.5
2026-07-21 08:07:21.676591,606921,269,,0.0
2026-07-21 08:07:21.676591,607464,110,,1.3
2026-07-21 08:07:21.676591,608181,180,,0.0
2026-07-21 08:07:21.676591,609873,305,,0.2
2026-07-21 08:07:21.676591,610799,578,,0.0
2026-07-21 08:07:21.676591,611134,248,,0.0
2026-07-21 08:07:21.676591,611695,174,,0.0
2026-07-21 08:07:21.676591,611912,743,,0.0
2026-07-21 08:07:21.676591,611917,790,,0.0
2026-07-21 08:07:21.676591,611922,686,,2.7
2026-07-21 08:07:21.676591,611926,378,,0.5
2026-07-21 08:07:21.676591,611975,562,,0.0
2026-07-21 08:07:21.676591,612534,115,,0.0
2026-07-21 08:07:21.676591,613232,818,,0.0
2026-07-21 08:07:21.676591,613804,603,,1.2
2026-07-21 08:07:21.676591,614574,801,,0.3
2026-07-21 08:07:21.676591,616065,759,,1.0
2026-07-21 08:07:21.676591,616077,700,,1.2
2026-07-21 08:07:21.676591,616221,804,,0.0
2026-07-21 08:07:21.676591,616222,412,,0.0
2026-07-21 08:07:21.676591,616286,834,,0.0
2026-07-21 08:07:21.676591,616288,742,,0.5
2026-07-21 08:07:21.676591,618027,781,,-0.5
2026-07-21 08:07:21.676591,618873,463,,0.0
2026-07-21 08:07:21.676591,619536,770,,0.0
2026-07-21 08:07:21.676591,619734,829,,0.3
2026-07-21 08:07:21.676591,620487,721,,0.0
2026-07-21 08:07:21.676591,622536,114,,0.0
2026-07-21 08:07:21.676591,622758,234,,0.0
2026-07-21 08:07:21.676591,623095,594,,0.0
2026-07-21 08:07:21.676591,623110,689,,0.0
2026-07-21 08:07:21.676591,624773,238,,0.0
2026-07-21 08:07:21.676591,626464,127,,0.0
2026-07-21 08:07:21.676591,626844,546,,0.0
2026-07-21 08:07:21.676591,627888,831,,0.0
2026-07-21 08:07:21.676591,628204,131,,0.0
2026-07-21 08:07:21.676591,629068,779,,0.0
2026-07-21 08:07:21.676591,630699,758,,0.0
2026-07-21 08:07:21.676591,631106,780,,-1.0
2026-07-21 08:07:21.676591,631786,737,,0.0
2026-07-21 08:07:21.676591,640108,492,,0.0
2026-07-21 08:07:21.676591,640419,745,,0.0
2026-07-21 08:07:21.676591,641221,640,,1.2
2026-07-21 08:07:21.676591,643135,645,,0.0
2026-07-21 08:07:21.676591,643426,773,,-1.0
2026-07-21 08:07:21.676591,643473,752,,0.0
2026-07-21 08:07:21.676591,643970,837,,0.0
2026-07-21 08:07:21.676591,644593,820,,0.0
2026-07-21 08:07:21.676591,645618,702,,-0.5
2026-07-21 08:07:21.676591,646243,711,,1.0
2026-07-21 08:07:21.676591,647671,749,,4.2
2026-07-21 08:07:21.676591,647681,692,,0.0
2026-07-21 08:07:21.676591,647850,181,,1.0
2026-07-21 08:07:21.676591,647960,776,,0.0
2026-07-21 08:07:21.676591,649240,823,,-0.5
2026-07-21 08:07:21.676591,651426,723,,1.0
2026-07-21 08:07:21.676591,653481,792,,0.0
2026-07-21 08:07:21.676591,658013,799,,0.0
2026-07-21 08:07:21.676591,660392,732,,-1.0
2026-07-21 08:07:21.676591,661712,439,,0.0
2026-07-21 08:07:21.676591,664015,768,,-0.5
2026-07-21 08:07:21.676591,666607,772,,0.0
2026-07-21 08:07:21.676591,671606,833,,0.0
2026-07-21 08:07:21.676591,672492,762,,-1.0
2026-07-21 08:07:21.676591,677945,830,,0.5
2026-07-21 08:07:21.676591,678552,756,,0.0
2026-07-21 08:07:21.676591,685628,809,,0.0
2026-07-21 08:07:21.676591,699989,800,,0.0
2026-07-21 08:07:21.676591,704232,784,,0.0
2026-07-21 08:07:21.676591,718875,832,,0.5
2026-07-22 08:07:49.819576,15157,170,,0.0
2026-07-22 08:07:49.819576,17761,291,,5.2
2026-07-22 08:07:49.819576,19236,753,,0.0
2026-07-22 08:07:49.819576,21205,434,,0.0
2026-07-22 08:07:49.819576,37096,738,,0.0
2026-07-22 08:07:49.819576,40383,782,,0.0
2026-07-22 08:07:49.819576,44699,218,,0.0
2026-07-22 08:07:49.819576,49262,138,,0.0
2026-07-22 08:07:49.819576,50175,178,,3.0
2026-07-22 08:07:49.819576,51943,185,,0.0
2026-07-22 08:07:49.819576,54469,73,,5.7
2026-07-22 08:07:49.819576,56979,124,,-0.3
2026-07-22 08:07:49.819576,57328,263,,-0.8
2026-07-22 08:07:49.819576,58621,187,,1.3
2026-07-22 08:07:49.819576,59735,341,,5.0
2026-07-22 08:07:49.819576,59859,420,,0.0
2026-07-22 08:07:49.819576,59949,294,,0.2
2026-07-22 08:07:49.819576,60307,783,,3.7
2026-07-22 08:07:49.819576,60689,525,,2.8
2026-07-22 08:07:49.819576,61256,457,,0.0
2026-07-22 08:07:49.819576,67089,470,,0.7
2026-07-22 08:07:49.819576,69752,66,,0.0
2026-07-22 08:07:49.819576,72147,33,,-0.5
2026-07-22 08:07:49.819576,74854,529,,0.0
2026-07-22 08:07:49.819576,75115,671,,2.0
2026-07-22 08:07:49.819576,76357,331,,0.8
2026-07-22 08:07:49.819576,77794,478,,0.8
2026-07-22 08:07:49.819576,78916,476,,3.2
2026-07-22 08:07:49.819576,79602,629,,1.0
2026-07-22 08:07:49.819576,80201,314,,3.8
2026-07-22 08:07:49.819576,80801,302,,0.2
2026-07-22 08:07:49.819576,81441,471,,0.0
2026-07-22 08:07:49.819576,82143,601,,0.0
2026-07-22 08:07:49.819576,83299,146,,5.7
2026-07-22 08:07:49.819576,84182,600,,0.0
2026-07-22 08:07:49.819576,84450,668,,4.2
2026-07-22 08:07:49.819576,85633,502,,5.0
2026-07-22 08:07:49.819576,85971,579,,0.0
2026-07-22 08:07:49.819576,86873,664,,0.0
2026-07-22 08:07:49.819576,87835,632,,0.0
2026-07-22 08:07:49.819576,88248,400,,0.0
2026-07-22 08:07:49.819576,88894,55,,2.5
2026-07-22 08:07:49.819576,90585,514,,0.0
2026-07-22 08:07:49.819576,91651,422,,2.0
2026-07-22 08:07:49.819576,91889,625,,0.0
2026-07-22 08:07:49.819576,95658,442,,5.2
2026-07-22 08:07:49.819576,97032,373,,5.7
2026-07-22 08:07:49.819576,97299,409,,0.7
2026-07-22 08:07:49.819576,97846,340,,0.0
2026-07-22 08:07:49.819576,98747,469,,3.0
2026-07-22 08:07:49.819576,98980,32,,2.7
2026-07-22 08:07:49.819576,101148,480,,0.0
2026-07-22 08:07:49.819576,101178,614,,1.3
2026-07-22 08:07:49.819576,101188,37,,1.3
2026-07-22 08:07:49.819576,101982,627,,0.0
2026-07-22 08:07:49.819576,102057,337,,1.2
2026-07-22 08:07:49.819576,105717,678,,0.0
2026-07-22 08:07:49.819576,106468,43,,0.0
2026-07-22 08:07:49.819576,106611,295,,2.0
2026-07-22 08:07:49.819576,106617,363,,0.0
2026-07-22 08:07:49.819576,106760,443,,4.8
2026-07-22 08:07:49.819576,107265,675,,0.0
2026-07-22 08:07:49.819576,108413,270,,-0.8
2026-07-22 08:07:49.819576,109345,159,,0.7
2026-07-22 08:07:49.819576,109533,604,,0.0
2026-07-22 08:07:49.819576,109646,232,,0.0
2026-07-22 08:07:49.819576,109745,2,,1.0
2026-07-22 08:07:49.819576,110504,735,,0.0
2026-07-22 08:07:49.819576,110735,153,,0.0
2026-07-22 08:07:49.819576,111234,287,,1.5
2026-07-22 08:07:49.819576,111317,86,,2.0
2026-07-22 08:07:49.819576,111452,472,,0.0
2026-07-22 08:07:49.819576,111478,152,,2.7
2026-07-22 08:07:49.819576,111773,479,,0.0
2026-07-22 08:07:49.819576,113564,346,,0.3
2026-07-22 08:07:49.819576,114243,489,,3.5
2026-07-22 08:07:49.819576,114283,419,,0.0
2026-07-22 08:07:49.819576,115556,571,,0.0
2026-07-22 08:07:49.819576,116216,20,,5.5
2026-07-22 08:07:49.819576,116535,366,,0.4
2026-07-22 08:07:49.819576,118748,381,,1.0
2026-07-22 08:07:49.819576,119471,474,,0.0
2026-07-22 08:07:49.819576,121160,399,,0.0
2026-07-22 08:07:49.819576,121709,254,,-1.0
2026-07-22 08:07:49.819576,122074,401,,0.5
2026-07-22 08:07:49.819576,122798,372,,2.5
2026-07-22 08:07:49.819576,122806,54,,2.7
2026-07-22 08:07:49.819576,124165,545,,0.0
2026-07-22 08:07:49.819576,126184,405,,2.3
2026-07-22 08:07:49.819576,128295,24,,1.0
2026-07-22 08:07:49.819576,135720,570,,3.5
2026-07-22 08:07:49.819576,138001,630,,0.0
2026-07-22 08:07:49.819576,141746,449,,5.5
2026-07-22 08:07:49.819576,149065,628,,1.2
2026-07-22 08:07:49.819576,149484,40,,-0.3
2026-07-22 08:07:49.819576,149519,617,,0.0
2026-07-22 08:07:49.819576,151589,61,,0.0
2026-07-22 08:07:49.819576,152551,272,,-0.4
2026-07-22 08:07:49.819576,153127,495,,0.0
2026-07-22 08:07:49.819576,153133,324,,0.5
2026-07-22 08:07:49.819576,153366,336,,0.5
2026-07-22 08:07:49.819576,153682,329,,1.8
2026-07-22 08:07:49.819576,154296,673,,4.5
2026-07-22 08:07:49.819576,154561,1,,8.8
2026-07-22 08:07:49.819576,154566,596,,0.2
2026-07-22 08:07:49.819576,155405,429,,0.0
2026-07-22 08:07:49.819576,155408,88,,0.3
2026-07-22 08:07:49.819576,155503,369,,1.7
2026-07-22 08:07:49.819576,155511,817,,2.0
2026-07-22 08:07:49.819576,156074,264,,0.0
2026-07-22 08:07:49.819576,156689,327,,0.0
2026-07-22 08:07:49.819576,158499,87,,0.0
2026-07-22 08:07:49.819576,158534,659,,0.8
2026-07-22 08:07:49.819576,158983,392,,0.2
2026-07-22 08:07:49.819576,159506,507,,1.7
2026-07-22 08:07:49.819576,159533,326,,0.1
2026-07-22 08:07:49.819576,165809,416,,3.0
2026-07-22 08:07:49.819576,166477,319,,3.2
2026-07-22 08:07:49.819576,166989,48,,2.0
2026-07-22 08:07:49.819576,167074,322,,0.0
2026-07-22 08:07:49.819576,167512,539,,1.0
2026-07-22 08:07:49.819576,167887,209,,1.0
2026-07-22 08:07:49.819576,168636,98,,1.0
2026-07-22 08:07:49.819576,168991,89,,0.0
2026-07-22 08:07:49.819576,169359,484,,0.0
2026-07-22 08:07:49.819576,169528,316,,3.8
2026-07-22 08:07:49.819576,169593,255,,-1.0
2026-07-22 08:07:49.819576,171287,376,,0.7
2026-07-22 08:07:49.819576,171314,408,,0.5
2026-07-22 08:07:49.819576,171422,555,,0.0
2026-07-22 08:07:49.819576,172567,205,,0.0
2026-07-22 08:07:49.819576,172649,253,,0.0
2026-07-22 08:07:49.819576,172780,581,,0.5
2026-07-22 08:07:49.819576,173879,808,,0.0
2026-07-22 08:07:49.819576,174592,206,,0.0
2026-07-22 08:07:49.819576,174594,365,,1.0
2026-07-22 08:07:49.819576,174874,317,,0.0
2026-07-22 08:07:49.819576,176297,451,,0.0
2026-07-22 08:07:49.819576,177815,691,,6.7
2026-07-22 08:07:49.819576,178186,624,,4.0
2026-07-22 08:07:49.819576,178301,64,,6.3
2026-07-22 08:07:49.819576,179268,224,,2.0
2026-07-22 08:07:49.819576,179458,202,,0.7
2026-07-22 08:07:49.819576,180135,493,,1.0
2026-07-22 08:07:49.819576,180736,226,,0.7
2026-07-22 08:07:49.819576,180804,198,,1.7
2026-07-22 08:07:49.819576,180974,490,,0.0
2026-07-22 08:07:49.819576,181284,647,,0.0
2026-07-22 08:07:49.819576,183656,748,,0.0
2026-07-22 08:07:49.819576,183751,201,,0.0
2026-07-22 08:07:49.819576,184029,17,,3.5
2026-07-22 08:07:49.819576,184254,565,,0.0
2026-07-22 08:07:49.819576,184341,455,,1.5
2026-07-22 08:07:49.819576,184349,328,,2.1
2026-07-22 08:07:49.819576,184667,719,,0.3
2026-07-22 08:07:49.819576,184754,642,,1.8
2026-07-22 08:07:49.819576,191866,108,,1.0
2026-07-22 08:07:49.819576,192290,186,,0.0
2026-07-22 08:07:49.819576,194010,109,,0.0
2026-07-22 08:07:49.819576,195384,22,,0.8
2026-07-22 08:07:49.819576,195546,50,,2.3
2026-07-22 08:07:49.819576,197024,618,,0.0
2026-07-22 08:07:49.819576,198869,11,,0.0
2026-07-22 08:07:49.819576,199598,354,,4.7
2026-07-22 08:07:49.819576,199670,285,,0.0
2026-07-22 08:07:49.819576,199796,36,,1.5
2026-07-22 08:07:49.819576,199798,38,,0.5
2026-07-22 08:07:49.819576,200089,494,,2.0
2026-07-22 08:07:49.819576,200617,353,,1.3
2026-07-22 08:07:49.819576,200641,27,,0.5
2026-07-22 08:07:49.819576,200720,101,,3.3
2026-07-22 08:07:49.819576,200785,85,,2.3
2026-07-22 08:07:49.819576,200834,694,,4.8
2026-07-22 08:07:49.819576,201595,665,,0.0
2026-07-22 08:07:49.819576,201658,84,,2.3
2026-07-22 08:07:49.819576,201666,487,,4.8
2026-07-22 08:07:49.819576,201895,683,,1.6
2026-07-22 08:07:49.819576,202641,432,,0.0
2026-07-22 08:07:49.819576,202993,585,,3.2
2026-07-22 08:07:49.819576,204120,143,,0.3
2026-07-22 08:07:49.819576,204214,147,,0.0
2026-07-22 08:07:49.819576,204480,21,,4.8
2026-07-22 08:07:49.819576,204580,125,,0.3
2026-07-22 08:07:49.819576,204646,53,,0.0
2026-07-22 08:07:49.819576,204716,374,,2.3
2026-07-22 08:07:49.819576,204822,512,,0.0
2026-07-22 08:07:49.819576,204936,736,,4.5
2026-07-22 08:07:49.819576,204968,522,,1.0
2026-07-22 08:07:49.819576,205533,284,,0.0
2026-07-22 08:07:49.819576,205651,31,,1.2
2026-07-22 08:07:49.819576,206325,12,,0.0
2026-07-22 08:07:49.819576,206915,388,,3.5
2026-07-22 08:07:49.819576,207189,330,,1.0
2026-07-22 08:07:49.819576,207283,126,,4.3
2026-07-22 08:07:49.819576,208706,488,,4.5
2026-07-22 08:07:49.819576,208912,199,,0.0
2026-07-22 08:07:49.819576,209036,260,,5.7
2026-07-22 08:07:49.819576,209041,816,,0.5
2026-07-22 08:07:49.819576,209046,516,,0.0
2026-07-22 08:07:49.819576,209243,456,,0.5
2026-07-22 08:07:49.819576,209244,414,,4.3
2026-07-22 08:07:49.819576,209288,140,,0.0
2026-07-22 08:07:49.819576,209289,325,,2.0
2026-07-22 08:07:49.819576,209365,436,,0.0
2026-07-22 08:07:49.819576,209400,271,,1.2
2026-07-22 08:07:49.819576,210156,527,,5.8
2026-07-22 08:07:49.819576,210462,521,,0.5
2026-07-22 08:07:49.819576,210494,607,,0.0
2026-07-22 08:07:49.819576,211975,404,,0.0
2026-07-22 08:07:49.819576,212314,332,,3.2
2026-07-22 08:07:49.819576,212319,597,,5.5
2026-07-22 08:07:49.819576,213198,240,,0.0
2026-07-22 08:07:49.819576,213999,616,,0.0
2026-07-22 08:07:49.819576,214048,605,,0.0
2026-07-22 08:07:49.819576,214225,348,,2.7
2026-07-22 08:07:49.819576,214285,377,,0.0
2026-07-22 08:07:49.819576,214572,566,,0.0
2026-07-22 08:07:49.819576,214590,610,,1.0
2026-07-22 08:07:49.819576,215059,220,,1.0
2026-07-22 08:07:49.819576,215136,508,,2.2
2026-07-22 08:07:49.819576,215379,517,,8.5
2026-07-22 08:07:49.819576,215413,242,,4.2
2026-07-22 08:07:49.819576,215439,613,,3.8
2026-07-22 08:07:49.819576,215460,550,,0.0
2026-07-22 08:07:49.819576,215711,49,,0.3
2026-07-22 08:07:49.819576,216051,440,,1.5
2026-07-22 08:07:49.819576,216055,722,,3.0
2026-07-22 08:07:49.819576,216094,370,,1.1
2026-07-22 08:07:49.819576,216646,135,,1.5
2026-07-22 08:07:49.819576,218328,727,,2.0
2026-07-22 08:07:49.819576,218364,259,,-0.8
2026-07-22 08:07:49.819576,219168,499,,2.0
2026-07-22 08:07:49.819576,219249,164,,0.0
2026-07-22 08:07:49.819576,219847,30,,4.2
2026-07-22 08:07:49.819576,219924,320,,0.8
2026-07-22 08:07:49.819576,219937,379,,0.5
2026-07-22 08:07:49.819576,220237,475,,4.0
2026-07-22 08:07:49.819576,220362,815,,1.8
2026-07-22 08:07:49.819576,220566,421,,2.3
2026-07-22 08:07:49.819576,220598,219,,0.0
2026-07-22 08:07:49.819576,220627,706,,4.0
2026-07-22 08:07:49.819576,220684,533,,0.0
2026-07-22 08:07:49.819576,220695,132,,0.0
2026-07-22 08:07:49.819576,221389,715,,0.0
2026-07-22 08:07:49.819576,221399,352,,0.0
2026-07-22 08:07:49.819576,221466,72,,8.7
2026-07-22 08:07:49.819576,221632,569,,0.0
2026-07-22 08:07:49.819576,221820,437,,2.2
2026-07-22 08:07:49.819576,222531,515,,6.0
2026-07-22 08:07:49.819576,222683,81,,0.0
2026-07-22 08:07:49.819576,222690,448,,0.0
2026-07-22 08:07:49.819576,222694,343,,0.5
2026-07-22 08:07:49.819576,223094,430,,7.3
2026-07-22 08:07:49.819576,223336,549,,0.0
2026-07-22 08:07:49.819576,223340,16,,7.0
2026-07-22 08:07:49.819576,223434,149,,0.0
2026-07-22 08:07:49.819576,223541,385,,1.3
2026-07-22 08:07:49.819576,223827,531,,0.0
2026-07-22 08:07:49.819576,223911,79,,0.0
2026-07-22 08:07:49.819576,224024,612,,0.0
2026-07-22 08:07:49.819576,224068,504,,0.0
2026-07-22 08:07:49.819576,224117,666,,6.0
2026-07-22 08:07:49.819576,224967,292,,0.8
2026-07-22 08:07:49.819576,224995,91,,0.0
2026-07-22 08:07:49.819576,225321,674,,0.0
2026-07-22 08:07:49.819576,225796,225,,0.3
2026-07-22 08:07:49.819576,226182,342,,1.3
2026-07-22 08:07:49.819576,226597,5,,8.8
2026-07-22 08:07:49.819576,226944,58,,0.0
2026-07-22 08:07:49.819576,226956,112,,0.0
2026-07-22 08:07:49.819576,227127,587,,1.0
2026-07-22 08:07:49.819576,227444,505,,3.0
2026-07-22 08:07:49.819576,229384,621,,0.0
2026-07-22 08:07:49.819576,229600,288,,0.0
2026-07-22 08:07:49.819576,230001,438,,3.0
2026-07-22 08:07:49.819576,230046,699,,0.0
2026-07-22 08:07:49.819576,230376,663,,0.0
2026-07-22 08:07:49.819576,231057,644,,0.5
2026-07-22 08:07:49.819576,231065,111,,-0.5
2026-07-22 08:07:49.819576,231416,148,,3.0
2026-07-22 08:07:49.819576,231480,636,,3.8
2026-07-22 08:07:49.819576,231747,283,,1.0
2026-07-22 08:07:49.819576,232112,459,,0.0
2026-07-22 08:07:49.819576,232185,267,,3.2
2026-07-22 08:07:49.819576,232356,774,,0.0
2026-07-22 08:07:49.819576,232413,266,,4.8
2026-07-22 08:07:49.819576,232571,528,,0.0
2026-07-22 08:07:49.819576,232653,52,,4.0
2026-07-22 08:07:49.819576,232787,796,,4.2
2026-07-22 08:07:49.819576,232792,150,,0.0
2026-07-22 08:07:49.819576,232820,534,,0.0
2026-07-22 08:07:49.819576,232826,485,,0.0
2026-07-22 08:07:49.819576,232859,573,,2.8
2026-07-22 08:07:49.819576,232892,318,,2.8
2026-07-22 08:07:49.819576,232928,303,,2.5
2026-07-22 08:07:49.819576,233963,606,,2.5
2026-07-22 08:07:49.819576,235448,102,,-0.5
2026-07-22 08:07:49.819576,235674,589,,0.0
2026-07-22 08:07:49.819576,235826,362,,0.3
2026-07-22 08:07:49.819576,240299,653,,0.0
2026-07-22 08:07:49.819576,240514,142,,0.0
2026-07-22 08:07:49.819576,241231,194,,0.0
2026-07-22 08:07:49.819576,242880,229,,0.0
2026-07-22 08:07:49.819576,242882,685,,0.0
2026-07-22 08:07:49.819576,242898,580,,0.6
2026-07-22 08:07:49.819576,243016,386,,5.5
2026-07-22 08:07:49.819576,243298,384,,3.5
2026-07-22 08:07:49.819576,243345,520,,0.0
2026-07-22 08:07:49.819576,243526,347,,0.0
2026-07-22 08:07:49.819576,243571,296,,0.2
2026-07-22 08:07:49.819576,244042,338,,1.2
2026-07-22 08:07:49.819576,244723,258,,0.6
2026-07-22 08:07:49.819576,244731,383,,0.0
2026-07-22 08:07:49.819576,244850,47,,3.7
2026-07-22 08:07:49.819576,244851,235,,1.3
2026-07-22 08:07:49.819576,244858,123,,0.0
2026-07-22 08:07:49.819576,244954,41,,0.7
2026-07-22 08:07:49.819576,246301,321,,0.0
2026-07-22 08:07:49.819576,247245,188,,0.0
2026-07-22 08:07:49.819576,247348,256,,2.0
2026-07-22 08:07:49.819576,247412,654,,0.6
2026-07-22 08:07:49.819576,247632,236,,1.7
2026-07-22 08:07:49.819576,247670,791,,2.2
2026-07-22 08:07:49.819576,247693,726,,1.5
2026-07-22 08:07:49.819576,247955,724,,2.0
2026-07-22 08:07:49.819576,248056,358,,4.0
2026-07-22 08:07:49.819576,248857,18,,2.2
2026-07-22 08:07:49.819576,248875,418,,7.7
2026-07-22 08:07:49.819576,248937,355,,0.0
2026-07-22 08:07:49.819576,249231,107,,3.0
2026-07-22 08:07:49.819576,250199,519,,1.0
2026-07-22 08:07:49.819576,250735,204,,0.0
2026-07-22 08:07:49.819576,424044,93,,0.0
2026-07-22 08:07:49.819576,424876,387,,6.7
2026-07-22 08:07:49.819576,427623,261,,0.0
2026-07-22 08:07:49.819576,427637,350,,1.0
2026-07-22 08:07:49.819576,428580,128,,0.0
2026-07-22 08:07:49.819576,428971,315,,0.0
2026-07-22 08:07:49.819576,429414,656,,0.0
2026-07-22 08:07:49.819576,430871,450,,4.5
2026-07-22 08:07:49.819576,431248,709,,0.5
2026-07-22 08:07:49.819576,431639,215,,2.7
2026-07-22 08:07:49.819576,432422,491,,1.1
2026-07-22 08:07:49.819576,432714,426,,1.8
2026-07-22 08:07:49.819576,432720,182,,0.5
2026-07-22 08:07:49.819576,432830,106,,2.5
2026-07-22 08:07:49.819576,433036,427,,0.7
2026-07-22 08:07:49.819576,433154,300,,0.8
2026-07-22 08:07:49.819576,433312,648,,0.0
2026-07-22 08:07:49.819576,433952,357,,0.0
2026-07-22 08:07:49.819576,434399,541,,3.2
2026-07-22 08:07:49.819576,434752,344,,6.0
2026-07-22 08:07:49.819576,435973,217,,0.3
2026-07-22 08:07:49.819576,435997,698,,0.0
2026-07-22 08:07:49.819576,436234,590,,0.0
2026-07-22 08:07:49.819576,436416,806,,0.0
2026-07-22 08:07:49.819576,436893,78,,0.0
2026-07-22 08:07:49.819576,437495,339,,0.0
2026-07-22 08:07:49.819576,437499,257,,1.2
2026-07-22 08:07:49.819576,437505,560,,1.8
2026-07-22 08:07:49.819576,437730,82,,4.3
2026-07-22 08:07:49.819576,437738,345,,2.3
2026-07-22 08:07:49.819576,437742,29,,0.0
2026-07-22 08:07:49.819576,437748,214,,0.0
2026-07-22 08:07:49.819576,438098,23,,0.0
2026-07-22 08:07:49.819576,438234,413,,4.5
2026-07-22 08:07:49.819576,438464,268,,0.0
2026-07-22 08:07:49.819576,439135,154,,0.0
2026-07-22 08:07:49.819576,440089,121,,4.3
2026-07-22 08:07:49.819576,440148,395,,0.0
2026-07-22 08:07:49.819576,440323,680,,0.3
2026-07-22 08:07:49.819576,440854,9,,0.0
2026-07-22 08:07:49.819576,440955,564,,0.0
2026-07-22 08:07:49.819576,440993,299,,2.0
2026-07-22 08:07:49.819576,441024,482,,0.0
2026-07-22 08:07:49.819576,441164,568,,3.2
2026-07-22 08:07:49.819576,441191,477,,0.0
2026-07-22 08:07:49.819576,441192,171,,0.0
2026-07-22 08:07:49.819576,441240,92,,0.0
2026-07-22 08:07:49.819576,441264,730,,3.0
2026-07-22 08:07:49.819576,441266,390,,4.3
2026-07-22 08:07:49.819576,441271,638,,0.0
2026-07-22 08:07:49.819576,441302,39,,0.3
2026-07-22 08:07:49.819576,444102,97,,2.7
2026-07-22 08:07:49.819576,444145,19,,1.2
2026-07-22 08:07:49.819576,444172,68,,0.0
2026-07-22 08:07:49.819576,444180,200,,4.7
2026-07-22 08:07:49.819576,444463,230,,2.3
2026-07-22 08:07:49.819576,444765,113,,2.0
2026-07-22 08:07:49.819576,444884,389,,-0.5
2026-07-22 08:07:49.819576,445044,583,,0.0
2026-07-22 08:07:49.819576,445122,8,,0.2
2026-07-22 08:07:49.819576,446008,119,,3.2
2026-07-22 08:07:49.819576,447203,397,,0.0
2026-07-22 08:07:49.819576,447325,289,,0.0
2026-07-22 08:07:49.819576,447715,211,,0.0
2026-07-22 08:07:49.819576,448047,237,,7.7
2026-07-22 08:07:49.819576,448089,646,,2.8
2026-07-22 08:07:49.819576,448104,725,,3.5
2026-07-22 08:07:49.819576,448514,402,,2.0
2026-07-22 08:07:49.819576,449027,367,,1.3
2026-07-22 08:07:49.819576,449434,486,,0.5
2026-07-22 08:07:49.819576,449871,59,,-0.5
2026-07-22 08:07:49.819576,449988,655,,0.0
2026-07-22 08:07:49.819576,450070,615,,1.5
2026-07-22 08:07:49.819576,450072,196,,0.0
2026-07-22 08:07:49.819576,450535,277,,0.0
2026-07-22 08:07:49.819576,450539,133,,0.0
2026-07-22 08:07:49.819576,450542,278,,0.0
2026-07-22 08:07:49.819576,451302,431,,0.0
2026-07-22 08:07:49.819576,451340,157,,0.0
2026-07-22 08:07:49.819576,451432,509,,0.0
2026-07-22 08:07:49.819576,456512,669,,0.0
2026-07-22 08:07:49.819576,457569,67,,5.0
2026-07-22 08:07:49.819576,458249,466,,0.8
2026-07-22 08:07:49.819576,458297,556,,0.0
2026-07-22 08:07:49.819576,460028,227,,1.7
2026-07-22 08:07:49.819576,460842,582,,0.0
2026-07-22 08:07:49.819576,461188,193,,0.3
2026-07-22 08:07:49.819576,461195,535,,0.0
2026-07-22 08:07:49.819576,461199,548,,0.0
2026-07-22 08:07:49.819576,461421,57,,0.0
2026-07-22 08:07:49.819576,461446,704,,0.0
2026-07-22 08:07:49.819576,461484,498,,0.0
2026-07-22 08:07:49.819576,461537,435,,0.0
2026-07-22 08:07:49.819576,461567,189,,0.0
2026-07-22 08:07:49.819576,462116,609,,0.5
2026-07-22 08:07:49.819576,462381,35,,0.0
2026-07-22 08:07:49.819576,462424,6,,7.5
2026-07-22 08:07:49.819576,462492,34,,0.0
2026-07-22 08:07:49.819576,462635,360,,0.0
2026-07-22 08:07:49.819576,463034,250,,0.3
2026-07-22 08:07:49.819576,463067,158,,1.0
2026-07-22 08:07:49.819576,463748,3,,0.0
2026-07-22 08:07:49.819576,463936,239,,0.0
2026-07-22 08:07:49.819576,463981,77,,5.7
2026-07-22 08:07:49.819576,465247,733,,3.8
2026-07-22 08:07:49.819576,465351,407,,2.7
2026-07-22 08:07:49.819576,465527,207,,2.0
2026-07-22 08:07:49.819576,465642,684,,2.0
2026-07-22 08:07:49.819576,465680,696,,0.0
2026-07-22 08:07:49.819576,465694,423,,1.0
2026-07-22 08:07:49.819576,465702,540,,0.0
2026-07-22 08:07:49.819576,465730,145,,6.0
2026-07-22 08:07:49.819576,465920,245,,0.0
2026-07-22 08:07:49.819576,466052,417,,3.3
2026-07-22 08:07:49.819576,466075,7,,4.8
2026-07-22 08:07:49.819576,466117,275,,0.0
2026-07-22 08:07:49.819576,466525,660,,0.0
2026-07-22 08:07:49.819576,467169,454,,0.0
2026-07-22 08:07:49.819576,467189,679,,2.8
2026-07-22 08:07:49.819576,467779,173,,0.3
2026-07-22 08:07:49.819576,469130,805,,0.2
2026-07-22 08:07:49.819576,469142,151,,3.3
2026-07-22 08:07:49.819576,469247,51,,0.0
2026-07-22 08:07:49.819576,469272,210,,4.0
2026-07-22 08:07:49.819576,470294,361,,0.0
2026-07-22 08:07:49.819576,470313,714,,2.8
2026-07-22 08:07:49.819576,470315,814,,2.0
2026-07-22 08:07:49.819576,471798,223,,0.0
2026-07-22 08:07:49.819576,472713,116,,0.3
2026-07-22 08:07:49.819576,472739,141,,0.0
2026-07-22 08:07:49.819576,472769,411,,2.5
2026-07-22 08:07:49.819576,474120,161,,0.0
2026-07-22 08:07:49.819576,474907,298,,0.0
2026-07-22 08:07:49.819576,475123,503,,0.0
2026-07-22 08:07:49.819576,475168,249,,2.5
2026-07-22 08:07:49.819576,476502,649,,0.0
2026-07-22 08:07:49.819576,476887,734,,2.8
2026-07-22 08:07:49.819576,477064,410,,0.5
2026-07-22 08:07:49.819576,477424,403,,0.7
2026-07-22 08:07:49.819576,477547,536,,0.0
2026-07-22 08:07:49.819576,477555,424,,1.2
2026-07-22 08:07:49.819576,477580,71,,0.0
2026-07-22 08:07:49.819576,477717,191,,2.7
2026-07-22 08:07:49.819576,477851,554,,0.0
2026-07-22 08:07:49.819576,478969,190,,1.0
2026-07-22 08:07:49.819576,480455,290,,0.0
2026-07-22 08:07:49.819576,481283,688,,-0.5
2026-07-22 08:07:49.819576,481655,26,,3.0
2026-07-22 08:07:49.819576,482442,593,,1.2
2026-07-22 08:07:49.819576,482609,228,,0.5
2026-07-22 08:07:49.819576,482973,526,,5.5
2026-07-22 08:07:49.819576,483081,635,,2.5
2026-07-22 08:07:49.819576,483364,602,,0.0
2026-07-22 08:07:49.819576,484420,547,,5.5
2026-07-22 08:07:49.819576,485047,511,,3.2
2026-07-22 08:07:49.819576,485055,567,,3.0
2026-07-22 08:07:49.819576,485337,677,,-0.8
2026-07-22 08:07:49.819576,485711,681,,1.6
2026-07-22 08:07:49.819576,486385,311,,2.8
2026-07-22 08:07:49.819576,486520,356,,0.0
2026-07-22 08:07:49.819576,486672,241,,2.0
2026-07-22 08:07:49.819576,487053,574,,1.0
2026-07-22 08:07:49.819576,487117,179,,0.0
2026-07-22 08:07:49.819576,487676,532,,1.8
2026-07-22 08:07:49.819576,487702,208,,0.0
2026-07-22 08:07:49.819576,487838,473,,1.0
2026-07-22 08:07:49.819576,488024,712,,-0.2
2026-07-22 08:07:49.819576,488213,720,,1.2
2026-07-22 08:07:49.819576,489571,184,,0.0
2026-07-22 08:07:49.819576,489580,380,,0.5
2026-07-22 08:07:49.819576,489639,139,,3.3
2026-07-22 08:07:49.819576,489706,276,,-0.2
2026-07-22 08:07:49.819576,489888,697,,0.7
2026-07-22 08:07:49.819576,490000,530,,0.0
2026-07-22 08:07:49.819576,490094,304,,1.5
2026-07-22 08:07:49.819576,490142,623,,0.2
2026-07-22 08:07:49.819576,490145,599,,0.0
2026-07-22 08:07:49.819576,490721,633,,2.2
2026-07-22 08:07:49.819576,490881,460,,0.0
2026-07-22 08:07:49.819576,490885,620,,0.0
2026-07-22 08:07:49.819576,491007,247,,0.0
2026-07-22 08:07:49.819576,491012,312,,0.0
2026-07-22 08:07:49.819576,491279,575,,2.5
2026-07-22 08:07:49.819576,491287,56,,0.0
2026-07-22 08:07:49.819576,491460,828,,0.0
2026-07-22 08:07:49.819576,491501,394,,0.0
2026-07-22 08:07:49.819576,491557,309,,0.0
2026-07-22 08:07:49.819576,491745,705,,0.0
2026-07-22 08:07:49.819576,492066,537,,0.0
2026-07-22 08:07:49.819576,492368,349,,0.0
2026-07-22 08:07:49.819576,492777,375,,0.0
2026-07-22 08:07:49.819576,492831,216,,1.0
2026-07-22 08:07:49.819576,492859,351,,1.0
2026-07-22 08:07:49.819576,493105,453,,0.3
2026-07-22 08:07:49.819576,493125,572,,0.2
2026-07-22 08:07:49.819576,493250,452,,1.8
2026-07-22 08:07:49.819576,493362,717,,0.0
2026-07-22 08:07:49.819576,493837,558,,0.0
2026-07-22 08:07:49.819576,494307,794,,0.5
2026-07-22 08:07:49.819576,494521,74,,6.7
2026-07-22 08:07:49.819576,494556,819,,-0.5
2026-07-22 08:07:49.819576,494595,382,,3.3
2026-07-22 08:07:49.819576,494960,192,,0.3
2026-07-22 08:07:49.819576,495145,70,,0.0
2026-07-22 08:07:49.819576,495161,524,,0.0
2026-07-22 08:07:49.819576,496178,297,,0.0
2026-07-22 08:07:49.819576,496208,391,,0.3
2026-07-22 08:07:49.819576,496221,273,,2.8
2026-07-22 08:07:49.819576,496279,308,,0.0
2026-07-22 08:07:49.819576,496661,707,,0.0
2026-07-22 08:07:49.819576,497606,650,,0.0
2026-07-22 08:07:49.819576,497894,465,,0.0
2026-07-22 08:07:49.819576,497949,682,,1.0
2026-07-22 08:07:49.819576,498016,670,,3.0
2026-07-22 08:07:49.819576,499167,15,,1.0
2026-07-22 08:07:49.819576,499169,10,,4.5
2026-07-22 08:07:49.819576,499175,25,,0.0
2026-07-22 08:07:49.819576,499300,667,,0.0
2026-07-22 08:07:49.819576,499309,252,,0.0
2026-07-22 08:07:49.819576,499604,807,,6.7
2026-07-22 08:07:49.819576,499716,750,,0.0
2026-07-22 08:07:49.819576,499717,118,,0.0
2026-07-22 08:07:49.819576,499721,592,,0.0
2026-07-22 08:07:49.819576,499726,595,,0.0
2026-07-22 08:07:49.819576,499857,803,,0.0
2026-07-22 08:07:49.819576,500040,662,,2.8
2026-07-22 08:07:49.819576,500058,398,,0.0
2026-07-22 08:07:49.819576,500151,716,,0.0
2026-07-22 08:07:49.819576,500696,559,,0.0
2026-07-22 08:07:49.819576,501837,634,,1.8
2026-07-22 08:07:49.819576,502500,136,,2.3
2026-07-22 08:07:49.819576,502697,301,,0.5
2026-07-22 08:07:49.819576,502988,798,,0.0
2026-07-22 08:07:49.819576,503139,90,,3.7
2026-07-22 08:07:49.819576,503300,103,,0.0
2026-07-22 08:07:49.819576,503301,693,,1.8
2026-07-22 08:07:49.819576,503714,676,,2.3
2026-07-22 08:07:49.819576,504296,307,,0.0
2026-07-22 08:07:49.819576,505079,786,,0.0
2026-07-22 08:07:49.819576,507433,105,,-0.5
2026-07-22 08:07:49.819576,508395,129,,3.7
2026-07-22 08:07:49.819576,508479,221,,1.0
2026-07-22 08:07:49.819576,509291,643,,1.8
2026-07-22 08:07:49.819576,509416,166,,0.7
2026-07-22 08:07:49.819576,510281,415,,3.3
2026-07-22 08:07:49.819576,510362,637,,2.2
2026-07-22 08:07:49.819576,510500,518,,0.0
2026-07-22 08:07:49.819576,510663,661,,0.0
2026-07-22 08:07:49.819576,511499,584,,4.2
2026-07-22 08:07:49.819576,512462,293,,2.0
2026-07-22 08:07:49.819576,513418,120,,1.5
2026-07-22 08:07:49.819576,513433,162,,0.0
2026-07-22 08:07:49.819576,513466,728,,4.0
2026-07-22 08:07:49.819576,513834,177,,0.0
2026-07-22 08:07:49.819576,514254,169,,0.3
2026-07-22 08:07:49.819576,514315,45,,0.0
2026-07-22 08:07:49.819576,514356,244,,0.2
2026-07-22 08:07:49.819576,514362,777,,0.0
2026-07-22 08:07:49.819576,514613,538,,0.0
2026-07-22 08:07:49.819576,515024,334,,0.0
2026-07-22 08:07:49.819576,515046,812,,0.0
2026-07-22 08:07:49.819576,515597,44,,0.5
2026-07-22 08:07:49.819576,515621,262,,-0.4
2026-07-22 08:07:49.819576,516211,165,,0.0
2026-07-22 08:07:49.819576,516234,763,,0.5
2026-07-22 08:07:49.819576,516875,757,,-0.5
2026-07-22 08:07:49.819576,516895,458,,5.5
2026-07-22 08:07:49.819576,516939,631,,0.0
2026-07-22 08:07:49.819576,517052,251,,0.0
2026-07-22 08:07:49.819576,517179,641,,0.0
2026-07-22 08:07:49.819576,518030,183,,1.3
2026-07-22 08:07:49.819576,518335,789,,0.0
2026-07-22 08:07:49.819576,518438,611,,0.0
2026-07-22 08:07:49.819576,518442,622,,0.0
2026-07-22 08:07:49.819576,518906,76,,0.0
2026-07-22 08:07:49.819576,519440,760,,0.5
2026-07-22 08:07:49.819576,519634,542,,0.0
2026-07-22 08:07:49.819576,519895,197,,0.0
2026-07-22 08:07:49.819576,519913,771,,0.0
2026-07-22 08:07:49.819576,523705,695,,0.2
2026-07-22 08:07:49.819576,530121,95,,0.0
2026-07-22 08:07:49.819576,530318,281,,-1.0
2026-07-22 08:07:49.819576,530335,785,,1.5
2026-07-22 08:07:49.819576,531363,658,,0.0
2026-07-22 08:07:49.819576,531989,280,,0.0
2026-07-22 08:07:49.819576,532529,163,,6.0
2026-07-22 08:07:49.819576,532605,246,,4.3
2026-07-22 08:07:49.819576,533463,83,,5.3
2026-07-22 08:07:49.819576,533710,137,,0.0
2026-07-22 08:07:49.819576,534836,710,,-0.5
2026-07-22 08:07:49.819576,535017,104,,-0.5
2026-07-22 08:07:49.819576,535301,167,,3.3
2026-07-22 08:07:49.819576,535818,543,,0.0
2026-07-22 08:07:49.819576,535928,393,,0.0
2026-07-22 08:07:49.819576,536109,608,,0.0
2026-07-22 08:07:49.819576,536119,359,,0.0
2026-07-22 08:07:49.819576,536134,811,,0.0
2026-07-22 08:07:49.819576,536241,313,,0.0
2026-07-22 08:07:49.819576,536661,813,,0.8
2026-07-22 08:07:49.819576,536694,279,,0.0
2026-07-22 08:07:49.819576,536916,168,,0.0
2026-07-22 08:07:49.819576,537403,63,,0.0
2026-07-22 08:07:49.819576,538207,500,,6.5
2026-07-22 08:07:49.819576,541462,75,,0.0
2026-07-22 08:07:49.819576,543295,122,,0.0
2026-07-22 08:07:49.819576,544877,371,,1.5
2026-07-22 08:07:49.819576,545477,481,,0.0
2026-07-22 08:07:49.819576,547027,544,,1.5
2026-07-22 08:07:49.819576,547037,462,,0.0
2026-07-22 08:07:49.819576,547410,557,,0.0
2026-07-22 08:07:49.819576,547671,826,,-0.5
2026-07-22 08:07:49.819576,547676,446,,0.0
2026-07-22 08:07:49.819576,547701,591,,0.0
2026-07-22 08:07:49.819576,547719,497,,0.0
2026-07-22 08:07:49.819576,547720,156,,0.0
2026-07-22 08:07:49.819576,547801,306,,0.0
2026-07-22 08:07:49.819576,548308,576,,0.0
2026-07-22 08:07:49.819576,549067,513,,0.2
2026-07-22 08:07:49.819576,549074,172,,0.0
2026-07-22 08:07:49.819576,549329,195,,1.0
2026-07-22 08:07:49.819576,549912,553,,0.0
2026-07-22 08:07:49.819576,549939,222,,0.0
2026-07-22 08:07:49.819576,550090,144,,0.0
2026-07-22 08:07:49.819576,550141,176,,0.0
2026-07-22 08:07:49.819576,550596,94,,0.0
2026-07-22 08:07:49.819576,550615,243,,0.8
2026-07-22 08:07:49.819576,550839,588,,0.0
2026-07-22 08:07:49.819576,550864,444,,0.5
2026-07-22 08:07:49.819576,551153,563,,0.0
2026-07-22 08:07:49.819576,551206,213,,0.0
2026-07-22 08:07:49.819576,551210,672,,1.3
2026-07-22 08:07:49.819576,551221,4,,1.0
2026-07-22 08:07:49.819576,551226,708,,3.0
2026-07-22 08:07:49.819576,551483,713,,0.0
2026-07-22 08:07:49.819576,552427,598,,0.0
2026-07-22 08:07:49.819576,553299,577,,0.0
2026-07-22 08:07:49.819576,553742,825,,0.0
2026-07-22 08:07:49.819576,553746,765,,0.0
2026-07-22 08:07:49.819576,554197,551,,1.2
2026-07-22 08:07:49.819576,556637,744,,0.0
2026-07-22 08:07:49.819576,556639,461,,0.0
2026-07-22 08:07:49.819576,559610,810,,-0.5
2026-07-22 08:07:49.819576,559684,464,,0.0
2026-07-22 08:07:49.819576,559962,62,,0.0
2026-07-22 08:07:49.819576,560248,639,,0.0
2026-07-22 08:07:49.819576,560262,100,,5.3
2026-07-22 08:07:49.819576,560441,729,,0.0
2026-07-22 08:07:49.819576,560552,731,,0.5
2026-07-22 08:07:49.819576,563324,13,,1.0
2026-07-22 08:07:49.819576,564406,561,,0.2
2026-07-22 08:07:49.819576,564505,703,,-0.5
2026-07-22 08:07:49.819576,564510,496,,0.0
2026-07-22 08:07:49.819576,564940,718,,0.2
2026-07-22 08:07:49.819576,565297,364,,0.0
2026-07-22 08:07:49.819576,565431,626,,0.0
2026-07-22 08:07:49.819576,565863,787,,0.0
2026-07-22 08:07:49.819576,566164,428,,0.5
2026-07-22 08:07:49.819576,566213,740,,0.0
2026-07-22 08:07:49.819576,567119,840,,1.3
2026-07-22 08:07:49.819576,567121,175,,0.0
2026-07-22 08:07:49.819576,568159,835,,0.0
2026-07-22 08:07:49.819576,568791,69,,0.0
2026-07-22 08:07:49.819576,569014,523,,0.0
2026-07-22 08:07:49.819576,569577,701,,0.0
2026-07-22 08:07:49.819576,570241,117,,0.0
2026-07-22 08:07:49.819576,570526,586,,0.8
2026-07-22 08:07:49.819576,570929,821,,0.0
2026-07-22 08:07:49.819576,571087,822,,0.0
2026-07-22 08:07:49.819576,572702,802,,0.0
2026-07-22 08:07:49.819576,573062,333,,0.0
2026-07-22 08:07:49.819576,574398,282,,0.0
2026-07-22 08:07:49.819576,574458,231,,0.3
2026-07-22 08:07:49.819576,575034,468,,0.0
2026-07-22 08:07:49.819576,575204,425,,0.0
2026-07-22 08:07:49.819576,575458,510,,1.2
2026-07-22 08:07:49.819576,575476,506,,0.0
2026-07-22 08:07:49.819576,575901,80,,0.0
2026-07-22 08:07:49.819576,576323,212,,0.0
2026-07-22 08:07:49.819576,576620,769,,0.0
2026-07-22 08:07:49.819576,576628,755,,0.0
2026-07-22 08:07:49.819576,576634,827,,0.0
2026-07-22 08:07:49.819576,576637,788,,0.0
2026-07-22 08:07:49.819576,576756,65,,0.0
2026-07-22 08:07:49.819576,576980,286,,-1.0
2026-07-22 08:07:49.819576,577016,233,,0.7
2026-07-22 08:07:49.819576,577114,619,,0.0
2026-07-22 08:07:49.819576,577285,754,,-0.5
2026-07-22 08:07:49.819576,577669,552,,2.8
2026-07-22 08:07:49.819576,577725,335,,0.8
2026-07-22 08:07:49.819576,577731,60,,0.0
2026-07-22 08:07:49.819576,577974,445,,0.0
2026-07-22 08:07:49.819576,577978,838,,0.0
2026-07-22 08:07:49.819576,578153,406,,3.3
2026-07-22 08:07:49.819576,578512,483,,0.0
2026-07-22 08:07:49.819576,578614,203,,0.0
2026-07-22 08:07:49.819576,579075,274,,-1.0
2026-07-22 08:07:49.819576,580921,764,,0.5
2026-07-22 08:07:49.819576,586268,368,,0.5
2026-07-22 08:07:49.819576,586309,310,,3.8
2026-07-22 08:07:49.819576,587178,46,,0.0
2026-07-22 08:07:49.819576,587433,824,,-0.5
2026-07-22 08:07:49.819576,588555,433,,0.0
2026-07-22 08:07:49.819576,588793,14,,0.0
2026-07-22 08:07:49.819576,588796,28,,0.0
2026-07-22 08:07:49.819576,589100,155,,0.0
2026-07-22 08:07:49.819576,589121,778,,0.0
2026-07-22 08:07:49.819576,589507,657,,0.0
2026-07-22 08:07:49.819576,590012,265,,-1.0
2026-07-22 08:07:49.819576,590014,690,,-1.0
2026-07-22 08:07:49.819576,590035,751,,0.0
2026-07-22 08:07:49.819576,590039,739,,0.0
2026-07-22 08:07:49.819576,590040,836,,0.0
2026-07-22 08:07:49.819576,590760,99,,0.0
2026-07-22 08:07:49.819576,591357,134,,0.0
2026-07-22 08:07:49.819576,591384,793,,-1.0
2026-07-22 08:07:49.819576,591385,323,,0.0
2026-07-22 08:07:49.819576,591386,396,,0.5
2026-07-22 08:07:49.819576,592031,160,,4.7
2026-07-22 08:07:49.819576,592740,839,,1.3
2026-07-22 08:07:49.819576,593001,652,,0.0
2026-07-22 08:07:49.819576,593174,797,,-0.3
2026-07-22 08:07:49.819576,596042,746,,0.5
2026-07-22 08:07:49.819576,596047,467,,0.0
2026-07-22 08:07:49.819576,596054,651,,0.2
2026-07-22 08:07:49.819576,596777,441,,0.8
2026-07-22 08:07:49.819576,597320,795,,0.0
2026-07-22 08:07:49.819576,599303,501,,0.0
2026-07-22 08:07:49.819576,600882,741,,0.0
2026-07-22 08:07:49.819576,601956,766,,0.0
2026-07-22 08:07:49.819576,602903,747,,0.0
2026-07-22 08:07:49.819576,604211,775,,0.0
2026-07-22 08:07:49.819576,604988,761,,0.0
2026-07-22 08:07:49.819576,605319,767,,0.0
2026-07-22 08:07:49.819576,606689,130,,-0.5
2026-07-22 08:07:49.819576,606745,447,,0.8
2026-07-22 08:07:49.819576,606774,687,,0.0
2026-07-22 08:07:49.819576,606775,96,,0.0
2026-07-22 08:07:49.819576,606798,42,,-0.5
2026-07-22 08:07:49.819576,606921,269,,0.0
2026-07-22 08:07:49.819576,607464,110,,1.3
2026-07-22 08:07:49.819576,608181,180,,0.0
2026-07-22 08:07:49.819576,609873,305,,0.2
2026-07-22 08:07:49.819576,610799,578,,0.0
2026-07-22 08:07:49.819576,611134,248,,0.0
2026-07-22 08:07:49.819576,611695,174,,0.0
2026-07-22 08:07:49.819576,611912,743,,0.0
2026-07-22 08:07:49.819576,611917,790,,0.0
2026-07-22 08:07:49.819576,611922,686,,2.7
2026-07-22 08:07:49.819576,611926,378,,0.5
2026-07-22 08:07:49.819576,611975,562,,0.0
2026-07-22 08:07:49.819576,612534,115,,0.0
2026-07-22 08:07:49.819576,613232,818,,0.0
2026-07-22 08:07:49.819576,613804,603,,1.2
2026-07-22 08:07:49.819576,614574,801,,0.3
2026-07-22 08:07:49.819576,616065,759,,1.0
2026-07-22 08:07:49.819576,616077,700,,1.2
2026-07-22 08:07:49.819576,616221,804,,0.0
2026-07-22 08:07:49.819576,616222,412,,0.0
2026-07-22 08:07:49.819576,616286,834,,0.0
2026-07-22 08:07:49.819576,616288,742,,0.5
2026-07-22 08:07:49.819576,618027,781,,-0.5
2026-07-22 08:07:49.819576,618873,463,,0.0
2026-07-22 08:07:49.819576,619536,770,,0.0
2026-07-22 08:07:49.819576,619734,829,,0.3
2026-07-22 08:07:49.819576,620487,721,,0.0
2026-07-22 08:07:49.819576,622536,114,,0.0
2026-07-22 08:07:49.819576,622758,234,,0.0
2026-07-22 08:07:49.819576,623095,594,,0.0
2026-07-22 08:07:49.819576,623110,689,,0.0
2026-07-22 08:07:49.819576,624773,238,,0.0
2026-07-22 08:07:49.819576,626464,127,,0.0
2026-07-22 08:07:49.819576,626844,546,,0.0
2026-07-22 08:07:49.819576,627888,831,,0.0
2026-07-22 08:07:49.819576,628204,131,,0.0
2026-07-22 08:07:49.819576,629068,779,,0.0
2026-07-22 08:07:49.819576,630699,758,,0.0
2026-07-22 08:07:49.819576,631106,780,,-1.0
2026-07-22 08:07:49.819576,631786,737,,0.0
2026-07-22 08:07:49.819576,640108,492,,0.0
2026-07-22 08:07:49.819576,640419,745,,0.0
2026-07-22 08:07:49.819576,641221,640,,1.2
2026-07-22 08:07:49.819576,643135,645,,0.0
2026-07-22 08:07:49.819576,643426,773,,-1.0
2026-07-22 08:07:49.819576,643473,752,,0.0
2026-07-22 08:07:49.819576,643970,837,,0.0
2026-07-22 08:07:49.819576,644593,820,,0.0
2026-07-22 08:07:49.819576,645618,702,,-0.5
2026-07-22 08:07:49.819576,646243,711,,1.0
2026-07-22 08:07:49.819576,647671,749,,4.2
2026-07-22 08:07:49.819576,647681,692,,0.0
2026-07-22 08:07:49.819576,647850,181,,1.0
2026-07-22 08:07:49.819576,647960,776,,0.0
2026-07-22 08:07:49.819576,649240,823,,-0.5
2026-07-22 08:07:49.819576,651426,723,,1.0
2026-07-22 08:07:49.819576,653481,792,,0.0
2026-07-22 08:07:49.819576,658013,799,,0.0
2026-07-22 08:07:49.819576,660392,732,,-1.0
2026-07-22 08:07:49.819576,661712,439,,0.0
2026-07-22 08:07:49.819576,664015,768,,-0.5
2026-07-22 08:07:49.819576,666607,772,,0.0
2026-07-22 08:07:49.819576,671606,833,,0.0
2026-07-22 08:07:49.819576,672492,762,,-1.0
2026-07-22 08:07:49.819576,677945,830,,0.5
2026-07-22 08:07:49.819576,678552,756,,0.0
2026-07-22 08:07:49.819576,685628,809,,0.0
2026-07-22 08:07:49.819576,699989,800,,0.0
2026-07-22 08:07:49.819576,704232,784,,0.0
2026-07-22 08:07:49.819576,718875,832,,0.5
2026-07-23 08:11:04.672401,15157,170,,0.0
2026-07-23 08:11:04.672401,17761,291,,5.2
2026-07-23 08:11:04.672401,19236,753,,0.0
2026-07-23 08:11:04.672401,21205,434,,0.0
2026-07-23 08:11:04.672401,37096,738,,0.0
2026-07-23 08:11:04.672401,40383,782,,0.0
2026-07-23 08:11:04.672401,44699,218,,0.0
2026-07-23 08:11:04.672401,49262,138,,0.0
2026-07-23 08:11:04.672401,50175,178,,3.0
2026-07-23 08:11:04.672401,51943,185,,0.0
2026-07-23 08:11:04.672401,54469,73,,5.7
2026-07-23 08:11:04.672401,56979,124,,-0.3
2026-07-23 08:11:04.672401,57328,263,,-0.8
2026-07-23 08:11:04.672401,58621,187,,1.3
2026-07-23 08:11:04.672401,59735,341,,5.0
2026-07-23 08:11:04.672401,59859,420,,0.0
2026-07-23 08:11:04.672401,59949,294,,0.2
2026-07-23 08:11:04.672401,60307,783,,3.7
2026-07-23 08:11:04.672401,60689,525,,2.8
2026-07-23 08:11:04.672401,61256,457,,0.0
2026-07-23 08:11:04.672401,67089,470,,0.7
2026-07-23 08:11:04.672401,69752,66,,0.0
2026-07-23 08:11:04.672401,72147,33,,-0.5
2026-07-23 08:11:04.672401,74854,529,,0.0
2026-07-23 08:11:04.672401,75115,671,,2.0
2026-07-23 08:11:04.672401,76357,331,,0.8
2026-07-23 08:11:04.672401,77794,478,,0.8
2026-07-23 08:11:04.672401,78916,476,,3.2
2026-07-23 08:11:04.672401,79602,629,,1.0
2026-07-23 08:11:04.672401,80201,314,,3.8
2026-07-23 08:11:04.672401,80801,302,,0.2
2026-07-23 08:11:04.672401,81441,471,,0.0
2026-07-23 08:11:04.672401,82143,601,,0.0
2026-07-23 08:11:04.672401,83299,146,,5.7
2026-07-23 08:11:04.672401,84182,600,,0.0
2026-07-23 08:11:04.672401,84450,668,,4.2
2026-07-23 08:11:04.672401,85633,502,,5.0
2026-07-23 08:11:04.672401,85971,579,,0.0
2026-07-23 08:11:04.672401,86873,664,,0.0
2026-07-23 08:11:04.672401,87835,632,,0.0
2026-07-23 08:11:04.672401,88248,400,,0.0
2026-07-23 08:11:04.672401,88894,55,,2.5
2026-07-23 08:11:04.672401,90585,514,,0.0
2026-07-23 08:11:04.672401,91651,422,,2.0
2026-07-23 08:11:04.672401,91889,625,,0.0
2026-07-23 08:11:04.672401,95658,442,,5.2
2026-07-23 08:11:04.672401,97032,373,,5.7
2026-07-23 08:11:04.672401,97299,409,,0.7
2026-07-23 08:11:04.672401,97846,340,,0.0
2026-07-23 08:11:04.672401,98747,469,,3.0
2026-07-23 08:11:04.672401,98980,32,,2.7
2026-07-23 08:11:04.672401,101148,480,,0.0
2026-07-23 08:11:04.672401,101178,614,,1.3
2026-07-23 08:11:04.672401,101188,37,,1.3
2026-07-23 08:11:04.672401,101982,627,,0.0
2026-07-23 08:11:04.672401,102057,337,,1.2
2026-07-23 08:11:04.672401,105717,678,,0.0
2026-07-23 08:11:04.672401,106468,43,,0.0
2026-07-23 08:11:04.672401,106611,295,,2.0
2026-07-23 08:11:04.672401,106617,363,,0.0
2026-07-23 08:11:04.672401,106760,443,,4.8
2026-07-23 08:11:04.672401,107265,675,,0.0
2026-07-23 08:11:04.672401,108413,270,,-0.8
2026-07-23 08:11:04.672401,109345,159,,0.7
2026-07-23 08:11:04.672401,109533,604,,0.0
2026-07-23 08:11:04.672401,109646,232,,0.0
2026-07-23 08:11:04.672401,109745,2,,1.0
2026-07-23 08:11:04.672401,110504,735,,0.0
2026-07-23 08:11:04.672401,110735,153,,0.0
2026-07-23 08:11:04.672401,111234,287,,1.5
2026-07-23 08:11:04.672401,111317,86,,2.0
2026-07-23 08:11:04.672401,111452,472,,0.0
2026-07-23 08:11:04.672401,111478,152,,2.7
2026-07-23 08:11:04.672401,111773,479,,0.0
2026-07-23 08:11:04.672401,113564,346,,0.3
2026-07-23 08:11:04.672401,114243,489,,3.5
2026-07-23 08:11:04.672401,114283,419,,0.0
2026-07-23 08:11:04.672401,115556,571,,0.0
2026-07-23 08:11:04.672401,116216,20,,5.5
2026-07-23 08:11:04.672401,116535,366,,0.4
2026-07-23 08:11:04.672401,118748,381,,1.0
2026-07-23 08:11:04.672401,119471,474,,0.0
2026-07-23 08:11:04.672401,121160,399,,0.0
2026-07-23 08:11:04.672401,121709,254,,-1.0
2026-07-23 08:11:04.672401,122074,401,,0.5
2026-07-23 08:11:04.672401,122798,372,,2.5
2026-07-23 08:11:04.672401,122806,54,,2.7
2026-07-23 08:11:04.672401,124165,545,,0.0
2026-07-23 08:11:04.672401,126184,405,,2.3
2026-07-23 08:11:04.672401,128295,24,,1.0
2026-07-23 08:11:04.672401,135720,570,,3.5
2026-07-23 08:11:04.672401,138001,630,,0.0
2026-07-23 08:11:04.672401,141746,449,,5.5
2026-07-23 08:11:04.672401,149065,628,,1.2
2026-07-23 08:11:04.672401,149484,40,,-0.3
2026-07-23 08:11:04.672401,149519,617,,0.0
2026-07-23 08:11:04.672401,151589,61,,0.0
2026-07-23 08:11:04.672401,152551,272,,-0.4
2026-07-23 08:11:04.672401,153127,495,,0.0
2026-07-23 08:11:04.672401,153133,324,,0.5
2026-07-23 08:11:04.672401,153366,336,,0.5
2026-07-23 08:11:04.672401,153682,329,,1.8
2026-07-23 08:11:04.672401,154296,673,,4.5
2026-07-23 08:11:04.672401,154561,1,,8.8
2026-07-23 08:11:04.672401,154566,596,,0.2
2026-07-23 08:11:04.672401,155405,429,,0.0
2026-07-23 08:11:04.672401,155408,88,,0.3
2026-07-23 08:11:04.672401,155503,369,,1.7
2026-07-23 08:11:04.672401,155511,817,,2.0
2026-07-23 08:11:04.672401,156074,264,,0.0
2026-07-23 08:11:04.672401,156689,327,,0.0
2026-07-23 08:11:04.672401,158499,87,,0.0
2026-07-23 08:11:04.672401,158534,659,,0.8
2026-07-23 08:11:04.672401,158983,392,,0.2
2026-07-23 08:11:04.672401,159506,507,,1.7
2026-07-23 08:11:04.672401,159533,326,,0.1
2026-07-23 08:11:04.672401,165809,416,,3.0
2026-07-23 08:11:04.672401,166477,319,,3.2
2026-07-23 08:11:04.672401,166989,48,,2.0
2026-07-23 08:11:04.672401,167074,322,,0.0
2026-07-23 08:11:04.672401,167512,539,,1.0
2026-07-23 08:11:04.672401,167887,209,,1.0
2026-07-23 08:11:04.672401,168636,98,,1.0
2026-07-23 08:11:04.672401,168991,89,,0.0
2026-07-23 08:11:04.672401,169359,484,,0.0
2026-07-23 08:11:04.672401,169528,316,,3.8
2026-07-23 08:11:04.672401,169593,255,,-1.0
2026-07-23 08:11:04.672401,171287,376,,0.7
2026-07-23 08:11:04.672401,171314,408,,0.5
2026-07-23 08:11:04.672401,171422,555,,0.0
2026-07-23 08:11:04.672401,172567,205,,0.0
2026-07-23 08:11:04.672401,172649,253,,0.0
2026-07-23 08:11:04.672401,172780,581,,0.5
2026-07-23 08:11:04.672401,173879,808,,0.0
2026-07-23 08:11:04.672401,174592,206,,0.0
2026-07-23 08:11:04.672401,174594,365,,1.0
2026-07-23 08:11:04.672401,174874,317,,0.0
2026-07-23 08:11:04.672401,176297,451,,0.0
2026-07-23 08:11:04.672401,177815,691,,6.7
2026-07-23 08:11:04.672401,178186,624,,4.0
2026-07-23 08:11:04.672401,178301,64,,6.3
2026-07-23 08:11:04.672401,179268,224,,2.0
2026-07-23 08:11:04.672401,179458,202,,0.7
2026-07-23 08:11:04.672401,180135,493,,1.0
2026-07-23 08:11:04.672401,180736,226,,0.7
2026-07-23 08:11:04.672401,180804,198,,1.7
2026-07-23 08:11:04.672401,180974,490,,0.0
2026-07-23 08:11:04.672401,181284,647,,0.0
2026-07-23 08:11:04.672401,183656,748,,0.0
2026-07-23 08:11:04.672401,183751,201,,0.0
2026-07-23 08:11:04.672401,184029,17,,3.5
2026-07-23 08:11:04.672401,184254,565,,0.0
2026-07-23 08:11:04.672401,184341,455,,1.5
2026-07-23 08:11:04.672401,184349,328,,2.1
2026-07-23 08:11:04.672401,184667,719,,0.3
2026-07-23 08:11:04.672401,184754,642,,1.8
2026-07-23 08:11:04.672401,191866,108,,1.0
2026-07-23 08:11:04.672401,192290,186,,0.0
2026-07-23 08:11:04.672401,194010,109,,0.0
2026-07-23 08:11:04.672401,195384,22,,0.8
2026-07-23 08:11:04.672401,195546,50,,2.3
2026-07-23 08:11:04.672401,197024,618,,0.0
2026-07-23 08:11:04.672401,198869,11,,0.0
2026-07-23 08:11:04.672401,199598,354,,4.7
2026-07-23 08:11:04.672401,199670,285,,0.0
2026-07-23 08:11:04.672401,199796,36,,1.5
2026-07-23 08:11:04.672401,199798,38,,0.5
2026-07-23 08:11:04.672401,200089,494,,2.0
2026-07-23 08:11:04.672401,200617,353,,1.3
2026-07-23 08:11:04.672401,200641,27,,0.5
2026-07-23 08:11:04.672401,200720,101,,3.3
2026-07-23 08:11:04.672401,200785,85,,2.3
2026-07-23 08:11:04.672401,200834,694,,4.8
2026-07-23 08:11:04.672401,201595,665,,0.0
2026-07-23 08:11:04.672401,201658,84,,2.3
2026-07-23 08:11:04.672401,201666,487,,4.8
2026-07-23 08:11:04.672401,201895,683,,1.6
2026-07-23 08:11:04.672401,202641,432,,0.0
2026-07-23 08:11:04.672401,202993,585,,3.2
2026-07-23 08:11:04.672401,204120,143,,0.3
2026-07-23 08:11:04.672401,204214,147,,0.0
2026-07-23 08:11:04.672401,204480,21,,4.8
2026-07-23 08:11:04.672401,204580,125,,0.3
2026-07-23 08:11:04.672401,204646,53,,0.0
2026-07-23 08:11:04.672401,204716,374,,2.3
2026-07-23 08:11:04.672401,204822,512,,0.0
2026-07-23 08:11:04.672401,204936,736,,4.5
2026-07-23 08:11:04.672401,204968,522,,1.0
2026-07-23 08:11:04.672401,205533,284,,0.0
2026-07-23 08:11:04.672401,205651,31,,1.2
2026-07-23 08:11:04.672401,206325,12,,0.0
2026-07-23 08:11:04.672401,206915,388,,3.5
2026-07-23 08:11:04.672401,207189,330,,1.0
2026-07-23 08:11:04.672401,207283,126,,4.3
2026-07-23 08:11:04.672401,208706,488,,4.5
2026-07-23 08:11:04.672401,208912,199,,0.0
2026-07-23 08:11:04.672401,209036,260,,5.7
2026-07-23 08:11:04.672401,209041,816,,0.5
2026-07-23 08:11:04.672401,209046,516,,0.0
2026-07-23 08:11:04.672401,209243,456,,0.5
2026-07-23 08:11:04.672401,209244,414,,4.3
2026-07-23 08:11:04.672401,209288,140,,0.0
2026-07-23 08:11:04.672401,209289,325,,2.0
2026-07-23 08:11:04.672401,209365,436,,0.0
2026-07-23 08:11:04.672401,209400,271,,1.2
2026-07-23 08:11:04.672401,210156,527,,5.8
2026-07-23 08:11:04.672401,210462,521,,0.5
2026-07-23 08:11:04.672401,210494,607,,0.0
2026-07-23 08:11:04.672401,211975,404,,0.0
2026-07-23 08:11:04.672401,212314,332,,3.2
2026-07-23 08:11:04.672401,212319,597,,5.5
2026-07-23 08:11:04.672401,213198,240,,0.0
2026-07-23 08:11:04.672401,213999,616,,0.0
2026-07-23 08:11:04.672401,214048,605,,0.0
2026-07-23 08:11:04.672401,214225,348,,2.7
2026-07-23 08:11:04.672401,214285,377,,0.0
2026-07-23 08:11:04.672401,214572,566,,0.0
2026-07-23 08:11:04.672401,214590,610,,1.0
2026-07-23 08:11:04.672401,215059,220,,1.0
2026-07-23 08:11:04.672401,215136,508,,2.2
2026-07-23 08:11:04.672401,215379,517,,8.5
2026-07-23 08:11:04.672401,215413,242,,4.2
2026-07-23 08:11:04.672401,215439,613,,3.8
2026-07-23 08:11:04.672401,215460,550,,0.0
2026-07-23 08:11:04.672401,215711,49,,0.3
2026-07-23 08:11:04.672401,216051,440,,1.5
2026-07-23 08:11:04.672401,216055,722,,3.0
2026-07-23 08:11:04.672401,216094,370,,1.1
2026-07-23 08:11:04.672401,216646,135,,1.5
2026-07-23 08:11:04.672401,218328,727,,2.0
2026-07-23 08:11:04.672401,218364,259,,-0.8
2026-07-23 08:11:04.672401,219168,499,,2.0
2026-07-23 08:11:04.672401,219249,164,,0.0
2026-07-23 08:11:04.672401,219847,30,,4.2
2026-07-23 08:11:04.672401,219924,320,,0.8
2026-07-23 08:11:04.672401,219937,379,,0.5
2026-07-23 08:11:04.672401,220237,475,,4.0
2026-07-23 08:11:04.672401,220362,815,,1.8
2026-07-23 08:11:04.672401,220566,421,,2.3
2026-07-23 08:11:04.672401,220598,219,,0.0
2026-07-23 08:11:04.672401,220627,706,,4.0
2026-07-23 08:11:04.672401,220684,533,,0.0
2026-07-23 08:11:04.672401,220695,132,,0.0
2026-07-23 08:11:04.672401,221389,715,,0.0
2026-07-23 08:11:04.672401,221399,352,,0.0
2026-07-23 08:11:04.672401,221466,72,,8.7
2026-07-23 08:11:04.672401,221632,569,,0.0
2026-07-23 08:11:04.672401,221820,437,,2.2
2026-07-23 08:11:04.672401,222531,515,,6.0
2026-07-23 08:11:04.672401,222683,81,,0.0
2026-07-23 08:11:04.672401,222690,448,,0.0
2026-07-23 08:11:04.672401,222694,343,,0.5
2026-07-23 08:11:04.672401,223094,430,,7.3
2026-07-23 08:11:04.672401,223336,549,,0.0
2026-07-23 08:11:04.672401,223340,16,,7.0
2026-07-23 08:11:04.672401,223434,149,,0.0
2026-07-23 08:11:04.672401,223541,385,,1.3
2026-07-23 08:11:04.672401,223827,531,,0.0
2026-07-23 08:11:04.672401,223911,79,,0.0
2026-07-23 08:11:04.672401,224024,612,,0.0
2026-07-23 08:11:04.672401,224068,504,,0.0
2026-07-23 08:11:04.672401,224117,666,,6.0
2026-07-23 08:11:04.672401,224967,292,,0.8
2026-07-23 08:11:04.672401,224995,91,,0.0
2026-07-23 08:11:04.672401,225321,674,,0.0
2026-07-23 08:11:04.672401,225796,225,,0.3
2026-07-23 08:11:04.672401,226182,342,,1.3
2026-07-23 08:11:04.672401,226597,5,,8.8
2026-07-23 08:11:04.672401,226944,58,,0.0
2026-07-23 08:11:04.672401,226956,112,,0.0
2026-07-23 08:11:04.672401,227127,587,,1.0
2026-07-23 08:11:04.672401,227444,505,,3.0
2026-07-23 08:11:04.672401,229384,621,,0.0
2026-07-23 08:11:04.672401,229600,288,,0.0
2026-07-23 08:11:04.672401,230001,438,,3.0
2026-07-23 08:11:04.672401,230046,699,,0.0
2026-07-23 08:11:04.672401,230376,663,,0.0
2026-07-23 08:11:04.672401,231057,644,,0.5
2026-07-23 08:11:04.672401,231065,111,,-0.5
2026-07-23 08:11:04.672401,231416,148,,3.0
2026-07-23 08:11:04.672401,231480,636,,3.8
2026-07-23 08:11:04.672401,231747,283,,1.0
2026-07-23 08:11:04.672401,232112,459,,0.0
2026-07-23 08:11:04.672401,232185,267,,3.2
2026-07-23 08:11:04.672401,232356,774,,0.0
2026-07-23 08:11:04.672401,232413,266,,4.8
2026-07-23 08:11:04.672401,232571,528,,0.0
2026-07-23 08:11:04.672401,232653,52,,4.0
2026-07-23 08:11:04.672401,232787,796,,4.2
2026-07-23 08:11:04.672401,232792,150,,0.0
2026-07-23 08:11:04.672401,232820,534,,0.0
2026-07-23 08:11:04.672401,232826,485,,0.0
2026-07-23 08:11:04.672401,232859,573,,2.8
2026-07-23 08:11:04.672401,232892,318,,2.8
2026-07-23 08:11:04.672401,232928,303,,2.5
2026-07-23 08:11:04.672401,233963,606,,2.5
2026-07-23 08:11:04.672401,235448,102,,-0.5
2026-07-23 08:11:04.672401,235674,589,,0.0
2026-07-23 08:11:04.672401,235826,362,,0.3
2026-07-23 08:11:04.672401,240299,653,,0.0
2026-07-23 08:11:04.672401,240514,142,,0.0
2026-07-23 08:11:04.672401,241231,194,,0.0
2026-07-23 08:11:04.672401,242880,229,,0.0
2026-07-23 08:11:04.672401,242882,685,,0.0
2026-07-23 08:11:04.672401,242898,580,,0.6
2026-07-23 08:11:04.672401,243016,386,,5.5
2026-07-23 08:11:04.672401,243298,384,,3.5
2026-07-23 08:11:04.672401,243345,520,,0.0
2026-07-23 08:11:04.672401,243526,347,,0.0
2026-07-23 08:11:04.672401,243571,296,,0.2
2026-07-23 08:11:04.672401,244042,338,,1.2
2026-07-23 08:11:04.672401,244723,258,,0.6
2026-07-23 08:11:04.672401,244731,383,,0.0
2026-07-23 08:11:04.672401,244850,47,,3.7
2026-07-23 08:11:04.672401,244851,235,,1.3
2026-07-23 08:11:04.672401,244858,123,,0.0
2026-07-23 08:11:04.672401,244954,41,,0.7
2026-07-23 08:11:04.672401,246301,321,,0.0
2026-07-23 08:11:04.672401,247245,188,,0.0
2026-07-23 08:11:04.672401,247348,256,,2.0
2026-07-23 08:11:04.672401,247412,654,,0.6
2026-07-23 08:11:04.672401,247632,236,,1.7
2026-07-23 08:11:04.672401,247670,791,,2.2
2026-07-23 08:11:04.672401,247693,726,,1.5
2026-07-23 08:11:04.672401,247955,724,,2.0
2026-07-23 08:11:04.672401,248056,358,,4.0
2026-07-23 08:11:04.672401,248857,18,,2.2
2026-07-23 08:11:04.672401,248875,418,,7.7
2026-07-23 08:11:04.672401,248937,355,,0.0
2026-07-23 08:11:04.672401,249231,107,,3.0
2026-07-23 08:11:04.672401,250199,519,,1.0
2026-07-23 08:11:04.672401,250735,204,,0.0
2026-07-23 08:11:04.672401,424044,93,,0.0
2026-07-23 08:11:04.672401,424876,387,,6.7
2026-07-23 08:11:04.672401,427623,261,,0.0
2026-07-23 08:11:04.672401,427637,350,,1.0
2026-07-23 08:11:04.672401,428580,128,,0.0
2026-07-23 08:11:04.672401,428971,315,,0.0
2026-07-23 08:11:04.672401,429414,656,,0.0
2026-07-23 08:11:04.672401,430871,450,,4.5
2026-07-23 08:11:04.672401,431248,709,,0.5
2026-07-23 08:11:04.672401,431639,215,,2.7
2026-07-23 08:11:04.672401,432422,491,,1.1
2026-07-23 08:11:04.672401,432714,426,,1.8
2026-07-23 08:11:04.672401,432720,182,,0.5
2026-07-23 08:11:04.672401,432830,106,,2.5
2026-07-23 08:11:04.672401,433036,427,,0.7
2026-07-23 08:11:04.672401,433154,300,,0.8
2026-07-23 08:11:04.672401,433312,648,,0.0
2026-07-23 08:11:04.672401,433952,357,,0.0
2026-07-23 08:11:04.672401,434399,541,,3.2
2026-07-23 08:11:04.672401,434752,344,,6.0
2026-07-23 08:11:04.672401,435973,217,,0.3
2026-07-23 08:11:04.672401,435997,698,,0.0
2026-07-23 08:11:04.672401,436234,590,,0.0
2026-07-23 08:11:04.672401,436416,806,,0.0
2026-07-23 08:11:04.672401,436893,78,,0.0
2026-07-23 08:11:04.672401,437495,339,,0.0
2026-07-23 08:11:04.672401,437499,257,,1.2
2026-07-23 08:11:04.672401,437505,560,,1.8
2026-07-23 08:11:04.672401,437730,82,,4.3
2026-07-23 08:11:04.672401,437738,345,,2.3
2026-07-23 08:11:04.672401,437742,29,,0.0
2026-07-23 08:11:04.672401,437748,214,,0.0
2026-07-23 08:11:04.672401,438098,23,,0.0
2026-07-23 08:11:04.672401,438234,413,,4.5
2026-07-23 08:11:04.672401,438464,268,,0.0
2026-07-23 08:11:04.672401,439135,154,,0.0
2026-07-23 08:11:04.672401,440089,121,,4.3
2026-07-23 08:11:04.672401,440148,395,,0.0
2026-07-23 08:11:04.672401,440323,680,,0.3
2026-07-23 08:11:04.672401,440854,9,,0.0
2026-07-23 08:11:04.672401,440955,564,,0.0
2026-07-23 08:11:04.672401,440993,299,,2.0
2026-07-23 08:11:04.672401,441024,482,,0.0
2026-07-23 08:11:04.672401,441164,568,,3.2
2026-07-23 08:11:04.672401,441191,477,,0.0
2026-07-23 08:11:04.672401,441192,171,,0.0
2026-07-23 08:11:04.672401,441240,92,,0.0
2026-07-23 08:11:04.672401,441264,730,,3.0
2026-07-23 08:11:04.672401,441266,390,,4.3
2026-07-23 08:11:04.672401,441271,638,,0.0
2026-07-23 08:11:04.672401,441302,39,,0.3
2026-07-23 08:11:04.672401,444102,97,,2.7
2026-07-23 08:11:04.672401,444145,19,,1.2
2026-07-23 08:11:04.672401,444172,68,,0.0
2026-07-23 08:11:04.672401,444180,200,,4.7
2026-07-23 08:11:04.672401,444463,230,,2.3
2026-07-23 08:11:04.672401,444765,113,,2.0
2026-07-23 08:11:04.672401,444884,389,,-0.5
2026-07-23 08:11:04.672401,445044,583,,0.0
2026-07-23 08:11:04.672401,445122,8,,0.2
2026-07-23 08:11:04.672401,446008,119,,3.2
2026-07-23 08:11:04.672401,447203,397,,0.0
2026-07-23 08:11:04.672401,447325,289,,0.0
2026-07-23 08:11:04.672401,447715,211,,0.0
2026-07-23 08:11:04.672401,448047,237,,7.7
2026-07-23 08:11:04.672401,448089,646,,2.8
2026-07-23 08:11:04.672401,448104,725,,3.5
2026-07-23 08:11:04.672401,448514,402,,2.0
2026-07-23 08:11:04.672401,449027,367,,1.3
2026-07-23 08:11:04.672401,449434,486,,0.5
2026-07-23 08:11:04.672401,449871,59,,-0.5
2026-07-23 08:11:04.672401,449988,655,,0.0
2026-07-23 08:11:04.672401,450070,615,,1.5
2026-07-23 08:11:04.672401,450072,196,,0.0
2026-07-23 08:11:04.672401,450535,277,,0.0
2026-07-23 08:11:04.672401,450539,133,,0.0
2026-07-23 08:11:04.672401,450542,278,,0.0
2026-07-23 08:11:04.672401,451302,431,,0.0
2026-07-23 08:11:04.672401,451340,157,,0.0
2026-07-23 08:11:04.672401,451432,509,,0.0
2026-07-23 08:11:04.672401,456512,669,,0.0
2026-07-23 08:11:04.672401,457569,67,,5.0
2026-07-23 08:11:04.672401,458249,466,,0.8
2026-07-23 08:11:04.672401,458297,556,,0.0
2026-07-23 08:11:04.672401,460028,227,,1.7
2026-07-23 08:11:04.672401,460842,582,,0.0
2026-07-23 08:11:04.672401,461188,193,,0.3
2026-07-23 08:11:04.672401,461195,535,,0.0
2026-07-23 08:11:04.672401,461199,548,,0.0
2026-07-23 08:11:04.672401,461421,57,,0.0
2026-07-23 08:11:04.672401,461446,704,,0.0
2026-07-23 08:11:04.672401,461484,498,,0.0
2026-07-23 08:11:04.672401,461537,435,,0.0
2026-07-23 08:11:04.672401,461567,189,,0.0
2026-07-23 08:11:04.672401,462116,609,,0.5
2026-07-23 08:11:04.672401,462381,35,,0.0
2026-07-23 08:11:04.672401,462424,6,,7.5
2026-07-23 08:11:04.672401,462492,34,,0.0
2026-07-23 08:11:04.672401,462635,360,,0.0
2026-07-23 08:11:04.672401,463034,250,,0.3
2026-07-23 08:11:04.672401,463067,158,,1.0
2026-07-23 08:11:04.672401,463748,3,,0.0
2026-07-23 08:11:04.672401,463936,239,,0.0
2026-07-23 08:11:04.672401,463981,77,,5.7
2026-07-23 08:11:04.672401,465247,733,,3.8
2026-07-23 08:11:04.672401,465351,407,,2.7
2026-07-23 08:11:04.672401,465527,207,,2.0
2026-07-23 08:11:04.672401,465642,684,,2.0
2026-07-23 08:11:04.672401,465680,696,,0.0
2026-07-23 08:11:04.672401,465694,423,,1.0
2026-07-23 08:11:04.672401,465702,540,,0.0
2026-07-23 08:11:04.672401,465730,145,,6.0
2026-07-23 08:11:04.672401,465920,245,,0.0
2026-07-23 08:11:04.672401,466052,417,,3.3
2026-07-23 08:11:04.672401,466075,7,,4.8
2026-07-23 08:11:04.672401,466117,275,,0.0
2026-07-23 08:11:04.672401,466525,660,,0.0
2026-07-23 08:11:04.672401,467169,454,,0.0
2026-07-23 08:11:04.672401,467189,679,,2.8
2026-07-23 08:11:04.672401,467779,173,,0.3
2026-07-23 08:11:04.672401,469130,805,,0.2
2026-07-23 08:11:04.672401,469142,151,,3.3
2026-07-23 08:11:04.672401,469247,51,,0.0
2026-07-23 08:11:04.672401,469272,210,,4.0
2026-07-23 08:11:04.672401,470294,361,,0.0
2026-07-23 08:11:04.672401,470313,714,,2.8
2026-07-23 08:11:04.672401,470315,814,,2.0
2026-07-23 08:11:04.672401,471798,223,,0.0
2026-07-23 08:11:04.672401,472713,116,,0.3
2026-07-23 08:11:04.672401,472739,141,,0.0
2026-07-23 08:11:04.672401,472769,411,,2.5
2026-07-23 08:11:04.672401,474120,161,,0.0
2026-07-23 08:11:04.672401,474907,298,,0.0
2026-07-23 08:11:04.672401,475123,503,,0.0
2026-07-23 08:11:04.672401,475168,249,,2.5
2026-07-23 08:11:04.672401,476502,649,,0.0
2026-07-23 08:11:04.672401,476887,734,,2.8
2026-07-23 08:11:04.672401,477064,410,,0.5
2026-07-23 08:11:04.672401,477424,403,,0.7
2026-07-23 08:11:04.672401,477547,536,,0.0
2026-07-23 08:11:04.672401,477555,424,,1.2
2026-07-23 08:11:04.672401,477580,71,,0.0
2026-07-23 08:11:04.672401,477717,191,,2.7
2026-07-23 08:11:04.672401,477851,554,,0.0
2026-07-23 08:11:04.672401,478969,190,,1.0
2026-07-23 08:11:04.672401,480455,290,,0.0
2026-07-23 08:11:04.672401,481283,688,,-0.5
2026-07-23 08:11:04.672401,481655,26,,3.0
2026-07-23 08:11:04.672401,482442,593,,1.2
2026-07-23 08:11:04.672401,482609,228,,0.5
2026-07-23 08:11:04.672401,482973,526,,5.5
2026-07-23 08:11:04.672401,483081,635,,2.5
2026-07-23 08:11:04.672401,483364,602,,0.0
2026-07-23 08:11:04.672401,484420,547,,5.5
2026-07-23 08:11:04.672401,485047,511,,3.2
2026-07-23 08:11:04.672401,485055,567,,3.0
2026-07-23 08:11:04.672401,485337,677,,-0.8
2026-07-23 08:11:04.672401,485711,681,,1.6
2026-07-23 08:11:04.672401,486385,311,,2.8
2026-07-23 08:11:04.672401,486520,356,,0.0
2026-07-23 08:11:04.672401,486672,241,,2.0
2026-07-23 08:11:04.672401,487053,574,,1.0
2026-07-23 08:11:04.672401,487117,179,,0.0
2026-07-23 08:11:04.672401,487676,532,,1.8
2026-07-23 08:11:04.672401,487702,208,,0.0
2026-07-23 08:11:04.672401,487838,473,,1.0
2026-07-23 08:11:04.672401,488024,712,,-0.2
2026-07-23 08:11:04.672401,488213,720,,1.2
2026-07-23 08:11:04.672401,489571,184,,0.0
2026-07-23 08:11:04.672401,489580,380,,0.5
2026-07-23 08:11:04.672401,489639,139,,3.3
2026-07-23 08:11:04.672401,489706,276,,-0.2
2026-07-23 08:11:04.672401,489888,697,,0.7
2026-07-23 08:11:04.672401,490000,530,,0.0
2026-07-23 08:11:04.672401,490094,304,,1.5
2026-07-23 08:11:04.672401,490142,623,,0.2
2026-07-23 08:11:04.672401,490145,599,,0.0
2026-07-23 08:11:04.672401,490721,633,,2.2
2026-07-23 08:11:04.672401,490881,460,,0.0
2026-07-23 08:11:04.672401,490885,620,,0.0
2026-07-23 08:11:04.672401,491007,247,,0.0
2026-07-23 08:11:04.672401,491012,312,,0.0
2026-07-23 08:11:04.672401,491279,575,,2.5
2026-07-23 08:11:04.672401,491287,56,,0.0
2026-07-23 08:11:04.672401,491460,828,,0.0
2026-07-23 08:11:04.672401,491501,394,,0.0
2026-07-23 08:11:04.672401,491557,309,,0.0
2026-07-23 08:11:04.672401,491745,705,,0.0
2026-07-23 08:11:04.672401,492066,537,,0.0
2026-07-23 08:11:04.672401,492368,349,,0.0
2026-07-23 08:11:04.672401,492777,375,,0.0
2026-07-23 08:11:04.672401,492831,216,,1.0
2026-07-23 08:11:04.672401,492859,351,,1.0
2026-07-23 08:11:04.672401,493105,453,,0.3
2026-07-23 08:11:04.672401,493125,572,,0.2
2026-07-23 08:11:04.672401,493250,452,,1.8
2026-07-23 08:11:04.672401,493362,717,,0.0
2026-07-23 08:11:04.672401,493837,558,,0.0
2026-07-23 08:11:04.672401,494307,794,,0.5
2026-07-23 08:11:04.672401,494521,74,,6.7
2026-07-23 08:11:04.672401,494556,819,,-0.5
2026-07-23 08:11:04.672401,494595,382,,3.3
2026-07-23 08:11:04.672401,494960,192,,0.3
2026-07-23 08:11:04.672401,495145,70,,0.0
2026-07-23 08:11:04.672401,495161,524,,0.0
2026-07-23 08:11:04.672401,496178,297,,0.0
2026-07-23 08:11:04.672401,496208,391,,0.3
2026-07-23 08:11:04.672401,496221,273,,2.8
2026-07-23 08:11:04.672401,496279,308,,0.0
2026-07-23 08:11:04.672401,496661,707,,0.0
2026-07-23 08:11:04.672401,497606,650,,0.0
2026-07-23 08:11:04.672401,497894,465,,0.0
2026-07-23 08:11:04.672401,497949,682,,1.0
2026-07-23 08:11:04.672401,498016,670,,3.0
2026-07-23 08:11:04.672401,499167,15,,1.0
2026-07-23 08:11:04.672401,499169,10,,4.5
2026-07-23 08:11:04.672401,499175,25,,0.0
2026-07-23 08:11:04.672401,499300,667,,0.0
2026-07-23 08:11:04.672401,499309,252,,0.0
2026-07-23 08:11:04.672401,499604,807,,6.7
2026-07-23 08:11:04.672401,499716,750,,0.0
2026-07-23 08:11:04.672401,499717,118,,0.0
2026-07-23 08:11:04.672401,499721,592,,0.0
2026-07-23 08:11:04.672401,499726,595,,0.0
2026-07-23 08:11:04.672401,499857,803,,0.0
2026-07-23 08:11:04.672401,500040,662,,2.8
2026-07-23 08:11:04.672401,500058,398,,0.0
2026-07-23 08:11:04.672401,500151,716,,0.0
2026-07-23 08:11:04.672401,500696,559,,0.0
2026-07-23 08:11:04.672401,501837,634,,1.8
2026-07-23 08:11:04.672401,502500,136,,2.3
2026-07-23 08:11:04.672401,502697,301,,0.5
2026-07-23 08:11:04.672401,502988,798,,0.0
2026-07-23 08:11:04.672401,503139,90,,3.7
2026-07-23 08:11:04.672401,503300,103,,0.0
2026-07-23 08:11:04.672401,503301,693,,1.8
2026-07-23 08:11:04.672401,503714,676,,2.3
2026-07-23 08:11:04.672401,504296,307,,0.0
2026-07-23 08:11:04.672401,505079,786,,0.0
2026-07-23 08:11:04.672401,507433,105,,-0.5
2026-07-23 08:11:04.672401,508395,129,,3.7
2026-07-23 08:11:04.672401,508479,221,,1.0
2026-07-23 08:11:04.672401,509291,643,,1.8
2026-07-23 08:11:04.672401,509416,166,,0.7
2026-07-23 08:11:04.672401,510281,415,,3.3
2026-07-23 08:11:04.672401,510362,637,,2.2
2026-07-23 08:11:04.672401,510500,518,,0.0
2026-07-23 08:11:04.672401,510663,661,,0.0
2026-07-23 08:11:04.672401,511499,584,,4.2
2026-07-23 08:11:04.672401,512462,293,,2.0
2026-07-23 08:11:04.672401,513418,120,,1.5
2026-07-23 08:11:04.672401,513433,162,,0.0
2026-07-23 08:11:04.672401,513466,728,,4.0
2026-07-23 08:11:04.672401,513834,177,,0.0
2026-07-23 08:11:04.672401,514254,169,,0.3
2026-07-23 08:11:04.672401,514315,45,,0.0
2026-07-23 08:11:04.672401,514356,244,,0.2
2026-07-23 08:11:04.672401,514362,777,,0.0
2026-07-23 08:11:04.672401,514613,538,,0.0
2026-07-23 08:11:04.672401,515024,334,,0.0
2026-07-23 08:11:04.672401,515046,812,,0.0
2026-07-23 08:11:04.672401,515597,44,,0.5
2026-07-23 08:11:04.672401,515621,262,,-0.4
2026-07-23 08:11:04.672401,516211,165,,0.0
2026-07-23 08:11:04.672401,516234,763,,0.5
2026-07-23 08:11:04.672401,516875,757,,-0.5
2026-07-23 08:11:04.672401,516895,458,,5.5
2026-07-23 08:11:04.672401,516939,631,,0.0
2026-07-23 08:11:04.672401,517052,251,,0.0
2026-07-23 08:11:04.672401,517179,641,,0.0
2026-07-23 08:11:04.672401,518030,183,,1.3
2026-07-23 08:11:04.672401,518335,789,,0.0
2026-07-23 08:11:04.672401,518438,611,,0.0
2026-07-23 08:11:04.672401,518442,622,,0.0
2026-07-23 08:11:04.672401,518906,76,,0.0
2026-07-23 08:11:04.672401,519440,760,,0.5
2026-07-23 08:11:04.672401,519634,542,,0.0
2026-07-23 08:11:04.672401,519895,197,,0.0
2026-07-23 08:11:04.672401,519913,771,,0.0
2026-07-23 08:11:04.672401,523705,695,,0.2
2026-07-23 08:11:04.672401,530121,95,,0.0
2026-07-23 08:11:04.672401,530318,281,,-1.0
2026-07-23 08:11:04.672401,530335,785,,1.5
2026-07-23 08:11:04.672401,531363,658,,0.0
2026-07-23 08:11:04.672401,531989,280,,0.0
2026-07-23 08:11:04.672401,532529,163,,6.0
2026-07-23 08:11:04.672401,532605,246,,4.3
2026-07-23 08:11:04.672401,533463,83,,5.3
2026-07-23 08:11:04.672401,533710,137,,0.0
2026-07-23 08:11:04.672401,534836,710,,-0.5
2026-07-23 08:11:04.672401,535017,104,,-0.5
2026-07-23 08:11:04.672401,535301,167,,3.3
2026-07-23 08:11:04.672401,535818,543,,0.0
2026-07-23 08:11:04.672401,535928,393,,0.0
2026-07-23 08:11:04.672401,536109,608,,0.0
2026-07-23 08:11:04.672401,536119,359,,0.0
2026-07-23 08:11:04.672401,536134,811,,0.0
2026-07-23 08:11:04.672401,536241,313,,0.0
2026-07-23 08:11:04.672401,536661,813,,0.8
2026-07-23 08:11:04.672401,536694,279,,0.0
2026-07-23 08:11:04.672401,536916,168,,0.0
2026-07-23 08:11:04.672401,537403,63,,0.0
2026-07-23 08:11:04.672401,538207,500,,6.5
2026-07-23 08:11:04.672401,541462,75,,0.0
2026-07-23 08:11:04.672401,543295,122,,0.0
2026-07-23 08:11:04.672401,544877,371,,1.5
2026-07-23 08:11:04.672401,545477,481,,0.0
2026-07-23 08:11:04.672401,547027,544,,1.5
2026-07-23 08:11:04.672401,547037,462,,0.0
2026-07-23 08:11:04.672401,547410,557,,0.0
2026-07-23 08:11:04.672401,547671,826,,-0.5
2026-07-23 08:11:04.672401,547676,446,,0.0
2026-07-23 08:11:04.672401,547701,591,,0.0
2026-07-23 08:11:04.672401,547719,497,,0.0
2026-07-23 08:11:04.672401,547720,156,,0.0
2026-07-23 08:11:04.672401,547801,306,,0.0
2026-07-23 08:11:04.672401,548308,576,,0.0
2026-07-23 08:11:04.672401,549067,513,,0.2
2026-07-23 08:11:04.672401,549074,172,,0.0
2026-07-23 08:11:04.672401,549329,195,,1.0
2026-07-23 08:11:04.672401,549912,553,,0.0
2026-07-23 08:11:04.672401,549939,222,,0.0
2026-07-23 08:11:04.672401,550090,144,,0.0
2026-07-23 08:11:04.672401,550141,176,,0.0
2026-07-23 08:11:04.672401,550596,94,,0.0
2026-07-23 08:11:04.672401,550615,243,,0.8
2026-07-23 08:11:04.672401,550839,588,,0.0
2026-07-23 08:11:04.672401,550864,444,,0.5
2026-07-23 08:11:04.672401,551153,563,,0.0
2026-07-23 08:11:04.672401,551206,213,,0.0
2026-07-23 08:11:04.672401,551210,672,,1.3
2026-07-23 08:11:04.672401,551221,4,,1.0
2026-07-23 08:11:04.672401,551226,708,,3.0
2026-07-23 08:11:04.672401,551483,713,,0.0
2026-07-23 08:11:04.672401,552427,598,,0.0
2026-07-23 08:11:04.672401,553299,577,,0.0
2026-07-23 08:11:04.672401,553742,825,,0.0
2026-07-23 08:11:04.672401,553746,765,,0.0
2026-07-23 08:11:04.672401,554197,551,,1.2
2026-07-23 08:11:04.672401,556637,744,,0.0
2026-07-23 08:11:04.672401,556639,461,,0.0
2026-07-23 08:11:04.672401,559610,810,,-0.5
2026-07-23 08:11:04.672401,559684,464,,0.0
2026-07-23 08:11:04.672401,559962,62,,0.0
2026-07-23 08:11:04.672401,560248,639,,0.0
2026-07-23 08:11:04.672401,560262,100,,5.3
2026-07-23 08:11:04.672401,560441,729,,0.0
2026-07-23 08:11:04.672401,560552,731,,0.5
2026-07-23 08:11:04.672401,563324,13,,1.0
2026-07-23 08:11:04.672401,564406,561,,0.2
2026-07-23 08:11:04.672401,564505,703,,-0.5
2026-07-23 08:11:04.672401,564510,496,,0.0
2026-07-23 08:11:04.672401,564940,718,,0.2
2026-07-23 08:11:04.672401,565297,364,,0.0
2026-07-23 08:11:04.672401,565431,626,,0.0
2026-07-23 08:11:04.672401,565863,787,,0.0
2026-07-23 08:11:04.672401,566164,428,,0.5
2026-07-23 08:11:04.672401,566213,740,,0.0
2026-07-23 08:11:04.672401,567119,840,,1.3
2026-07-23 08:11:04.672401,567121,175,,0.0
2026-07-23 08:11:04.672401,568159,835,,0.0
2026-07-23 08:11:04.672401,568791,69,,0.0
2026-07-23 08:11:04.672401,569014,523,,0.0
2026-07-23 08:11:04.672401,569577,701,,0.0
2026-07-23 08:11:04.672401,570241,117,,0.0
2026-07-23 08:11:04.672401,570526,586,,0.8
2026-07-23 08:11:04.672401,570929,821,,0.0
2026-07-23 08:11:04.672401,571087,822,,0.0
2026-07-23 08:11:04.672401,572702,802,,0.0
2026-07-23 08:11:04.672401,573062,333,,0.0
2026-07-23 08:11:04.672401,574398,282,,0.0
2026-07-23 08:11:04.672401,574458,231,,0.3
2026-07-23 08:11:04.672401,575034,468,,0.0
2026-07-23 08:11:04.672401,575204,425,,0.0
2026-07-23 08:11:04.672401,575458,510,,1.2
2026-07-23 08:11:04.672401,575476,506,,0.0
2026-07-23 08:11:04.672401,575901,80,,0.0
2026-07-23 08:11:04.672401,576323,212,,0.0
2026-07-23 08:11:04.672401,576620,769,,0.0
2026-07-23 08:11:04.672401,576628,755,,0.0
2026-07-23 08:11:04.672401,576634,827,,0.0
2026-07-23 08:11:04.672401,576637,788,,0.0
2026-07-23 08:11:04.672401,576756,65,,0.0
2026-07-23 08:11:04.672401,576980,286,,-1.0
2026-07-23 08:11:04.672401,577016,233,,0.7
2026-07-23 08:11:04.672401,577114,619,,0.0
2026-07-23 08:11:04.672401,577285,754,,-0.5
2026-07-23 08:11:04.672401,577669,552,,2.8
2026-07-23 08:11:04.672401,577725,335,,0.8
2026-07-23 08:11:04.672401,577731,60,,0.0
2026-07-23 08:11:04.672401,577974,445,,0.0
2026-07-23 08:11:04.672401,577978,838,,0.0
2026-07-23 08:11:04.672401,578153,406,,3.3
2026-07-23 08:11:04.672401,578512,483,,0.0
2026-07-23 08:11:04.672401,578614,203,,0.0
2026-07-23 08:11:04.672401,579075,274,,-1.0
2026-07-23 08:11:04.672401,580921,764,,0.5
2026-07-23 08:11:04.672401,586268,368,,0.5
2026-07-23 08:11:04.672401,586309,310,,3.8
2026-07-23 08:11:04.672401,587178,46,,0.0
2026-07-23 08:11:04.672401,587433,824,,-0.5
2026-07-23 08:11:04.672401,588555,433,,0.0
2026-07-23 08:11:04.672401,588793,14,,0.0
2026-07-23 08:11:04.672401,588796,28,,0.0
2026-07-23 08:11:04.672401,589100,155,,0.0
2026-07-23 08:11:04.672401,589121,778,,0.0
2026-07-23 08:11:04.672401,589507,657,,0.0
2026-07-23 08:11:04.672401,590012,265,,-1.0
2026-07-23 08:11:04.672401,590014,690,,-1.0
2026-07-23 08:11:04.672401,590035,751,,0.0
2026-07-23 08:11:04.672401,590039,739,,0.0
2026-07-23 08:11:04.672401,590040,836,,0.0
2026-07-23 08:11:04.672401,590760,99,,0.0
2026-07-23 08:11:04.672401,591357,134,,0.0
2026-07-23 08:11:04.672401,591384,793,,-1.0
2026-07-23 08:11:04.672401,591385,323,,0.0
2026-07-23 08:11:04.672401,591386,396,,0.5
2026-07-23 08:11:04.672401,592031,160,,4.7
2026-07-23 08:11:04.672401,592740,839,,1.3
2026-07-23 08:11:04.672401,593001,652,,0.0
2026-07-23 08:11:04.672401,593174,797,,-0.3
2026-07-23 08:11:04.672401,596042,746,,0.5
2026-07-23 08:11:04.672401,596047,467,,0.0
2026-07-23 08:11:04.672401,596054,651,,0.2
2026-07-23 08:11:04.672401,596777,441,,0.8
2026-07-23 08:11:04.672401,597320,795,,0.0
2026-07-23 08:11:04.672401,599303,501,,0.0
2026-07-23 08:11:04.672401,600882,741,,0.0
2026-07-23 08:11:04.672401,601956,766,,0.0
2026-07-23 08:11:04.672401,602903,747,,0.0
2026-07-23 08:11:04.672401,604211,775,,0.0
2026-07-23 08:11:04.672401,604988,761,,0.0
2026-07-23 08:11:04.672401,605319,767,,0.0
2026-07-23 08:11:04.672401,606689,130,,-0.5
2026-07-23 08:11:04.672401,606745,447,,0.8
2026-07-23 08:11:04.672401,606774,687,,0.0
2026-07-23 08:11:04.672401,606775,96,,0.0
2026-07-23 08:11:04.672401,606798,42,,-0.5
2026-07-23 08:11:04.672401,606921,269,,0.0
2026-07-23 08:11:04.672401,607464,110,,1.3
2026-07-23 08:11:04.672401,608181,180,,0.0
2026-07-23 08:11:04.672401,609873,305,,0.2
2026-07-23 08:11:04.672401,610799,578,,0.0
2026-07-23 08:11:04.672401,611134,248,,0.0
2026-07-23 08:11:04.672401,611695,174,,0.0
2026-07-23 08:11:04.672401,611912,743,,0.0
2026-07-23 08:11:04.672401,611917,790,,0.0
2026-07-23 08:11:04.672401,611922,686,,2.7
2026-07-23 08:11:04.672401,611926,378,,0.5
2026-07-23 08:11:04.672401,611975,562,,0.0
2026-07-23 08:11:04.672401,612534,115,,0.0
2026-07-23 08:11:04.672401,613232,818,,0.0
2026-07-23 08:11:04.672401,613804,603,,1.2
2026-07-23 08:11:04.672401,614574,801,,0.3
2026-07-23 08:11:04.672401,616065,759,,1.0
2026-07-23 08:11:04.672401,616077,700,,1.2
2026-07-23 08:11:04.672401,616221,804,,0.0
2026-07-23 08:11:04.672401,616222,412,,0.0
2026-07-23 08:11:04.672401,616286,834,,0.0
2026-07-23 08:11:04.672401,616288,742,,0.5
2026-07-23 08:11:04.672401,618027,781,,-0.5
2026-07-23 08:11:04.672401,618873,463,,0.0
2026-07-23 08:11:04.672401,619536,770,,0.0
2026-07-23 08:11:04.672401,619734,829,,0.3
2026-07-23 08:11:04.672401,620487,721,,0.0
2026-07-23 08:11:04.672401,622536,114,,0.0
2026-07-23 08:11:04.672401,622758,234,,0.0
2026-07-23 08:11:04.672401,623095,594,,0.0
2026-07-23 08:11:04.672401,623110,689,,0.0
2026-07-23 08:11:04.672401,624773,238,,0.0
2026-07-23 08:11:04.672401,626464,127,,0.0
2026-07-23 08:11:04.672401,626844,546,,0.0
2026-07-23 08:11:04.672401,627888,831,,0.0
2026-07-23 08:11:04.672401,628204,131,,0.0
2026-07-23 08:11:04.672401,629068,779,,0.0
2026-07-23 08:11:04.672401,630699,758,,0.0
2026-07-23 08:11:04.672401,631106,780,,-1.0
2026-07-23 08:11:04.672401,631786,737,,0.0
2026-07-23 08:11:04.672401,640108,492,,0.0
2026-07-23 08:11:04.672401,640419,745,,0.0
2026-07-23 08:11:04.672401,641221,640,,1.2
2026-07-23 08:11:04.672401,643135,645,,0.0
2026-07-23 08:11:04.672401,643426,773,,-1.0
2026-07-23 08:11:04.672401,643473,752,,0.0
2026-07-23 08:11:04.672401,643970,837,,0.0
2026-07-23 08:11:04.672401,644593,820,,0.0
2026-07-23 08:11:04.672401,645618,702,,-0.5
2026-07-23 08:11:04.672401,646243,711,,1.0
2026-07-23 08:11:04.672401,647671,749,,4.2
2026-07-23 08:11:04.672401,647681,692,,0.0
2026-07-23 08:11:04.672401,647850,181,,1.0
2026-07-23 08:11:04.672401,647960,776,,0.0
2026-07-23 08:11:04.672401,649240,823,,-0.5
2026-07-23 08:11:04.672401,651426,723,,1.0
2026-07-23 08:11:04.672401,653481,792,,0.0
2026-07-23 08:11:04.672401,658013,799,,0.0
2026-07-23 08:11:04.672401,660392,732,,-1.0
2026-07-23 08:11:04.672401,661712,439,,0.0
2026-07-23 08:11:04.672401,664015,768,,-0.5
2026-07-23 08:11:04.672401,666607,772,,0.0
2026-07-23 08:11:04.672401,671606,833,,0.0
2026-07-23 08:11:04.672401,672492,762,,-1.0
2026-07-23 08:11:04.672401,677945,830,,0.5
2026-07-23 08:11:04.672401,678552,756,,0.0
2026-07-23 08:11:04.672401,685628,809,,0.0
2026-07-23 08:11:04.672401,699989,800,,0.0
2026-07-23 08:11:04.672401,704232,784,,0.0
2026-07-23 08:11:04.672401,718875,832,,0.5
2026-07-23 19:02:47.182928,17761,229,1,2.8
2026-07-23 19:02:47.182928,21205,414,1,1.0
2026-07-23 19:02:47.182928,40383,58,1,1.0
2026-07-23 19:02:47.182928,49262,111,1,1.0
2026-07-23 19:02:47.182928,50093,302,1,1.0
2026-07-23 19:02:47.182928,50175,136,1,2.0
2026-07-23 19:02:47.182928,54469,64,1,1.7
2026-07-23 19:02:47.182928,56979,101,1,1.1
2026-07-23 19:02:47.182928,59735,325,1,1.5
2026-07-23 19:02:47.182928,60307,124,1,2.0
2026-07-23 19:02:47.182928,60689,490,1,2.0
2026-07-23 19:02:47.182928,67089,497,1,1.0
2026-07-23 19:02:47.182928,72147,29,1,2.0
2026-07-23 19:02:47.182928,75115,108,1,1.8
2026-07-23 19:02:47.182928,76357,266,1,1.5
2026-07-23 19:02:47.182928,78916,448,1,2.2
2026-07-23 19:02:47.182928,80178,178,1,1.0
2026-07-23 19:02:47.182928,80201,250,1,2.0
2026-07-23 19:02:47.182928,81441,443,1,2.0
2026-07-23 19:02:47.182928,83299,116,1,1.7
2026-07-23 19:02:47.182928,84450,544,1,2.0
2026-07-23 19:02:47.182928,85633,467,1,2.6
2026-07-23 19:02:47.182928,86873,251,1,1.0
2026-07-23 19:02:47.182928,88894,46,1,1.5
2026-07-23 19:02:47.182928,91651,406,1,2.0
2026-07-23 19:02:47.182928,93605,541,1,1.7
2026-07-23 19:02:47.182928,95658,418,1,2.2
2026-07-23 19:02:47.182928,97032,356,1,3.1
2026-07-23 19:02:47.182928,98747,442,1,2.6
2026-07-23 19:02:47.182928,98980,28,1,2.6
2026-07-23 19:02:47.182928,101188,30,1,1.7
2026-07-23 19:02:47.182928,101282,289,1,1.0
2026-07-23 19:02:47.182928,105666,274,1,2.0
2026-07-23 19:02:47.182928,105717,540,1,1.0
2026-07-23 19:02:47.182928,106611,231,1,2.2
2026-07-23 19:02:47.182928,106760,423,1,1.7
2026-07-23 19:02:47.182928,108413,212,1,1.0
2026-07-23 19:02:47.182928,108416,277,1,1.0
2026-07-23 19:02:47.182928,108813,300,1,2.0
2026-07-23 19:02:47.182928,109646,147,1,1.7
2026-07-23 19:02:47.182928,109745,2,1,2.6
2026-07-23 19:02:47.182928,110690,172,1,2.0
2026-07-23 19:02:47.182928,111234,226,1,3.3
2026-07-23 19:02:47.182928,111317,74,1,1.5
2026-07-23 19:02:47.182928,112520,301,1,1.0
2026-07-23 19:02:47.182928,114243,457,1,2.1
2026-07-23 19:02:47.182928,114283,238,1,2.3
2026-07-23 19:02:47.182928,115556,508,1,1.0
2026-07-23 19:02:47.182928,116535,350,1,3.3
2026-07-23 19:02:47.182928,119471,446,1,1.6
2026-07-23 19:02:47.182928,121709,199,1,2.0
2026-07-23 19:02:47.182928,122074,386,1,2.0
2026-07-23 19:02:47.182928,122798,502,1,1.7
2026-07-23 19:02:47.182928,122806,45,1,2.0
2026-07-23 19:02:47.182928,128295,21,1,1.5
2026-07-23 19:02:47.182928,135720,501,1,2.2
2026-07-23 19:02:47.182928,138001,228,1,2.0
2026-07-23 19:02:47.182928,141746,426,1,4.0
2026-07-23 19:02:47.182928,146426,279,1,1.0
2026-07-23 19:02:47.182928,147675,320,1,1.4
2026-07-23 19:02:47.182928,149484,33,1,1.7
2026-07-23 19:02:47.182928,149929,311,1,1.5
2026-07-23 19:02:47.182928,152551,213,1,1.5
2026-07-23 19:02:47.182928,153133,261,1,2.0
2026-07-23 19:02:47.182928,153366,270,1,1.0
2026-07-23 19:02:47.182928,153682,260,1,2.3
2026-07-23 19:02:47.182928,154561,1,1,4.0
2026-07-23 19:02:47.182928,154566,526,1,2.0
2026-07-23 19:02:47.182928,155405,408,1,1.5
2026-07-23 19:02:47.182928,155408,71,1,1.5
2026-07-23 19:02:47.182928,155503,352,1,1.0
2026-07-23 19:02:47.182928,158499,75,1,1.5
2026-07-23 19:02:47.182928,158983,374,1,1.1
2026-07-23 19:02:47.182928,159506,473,1,1.7
2026-07-23 19:02:47.182928,160817,285,1,1.0
2026-07-23 19:02:47.182928,166477,258,1,1.7
2026-07-23 19:02:47.182928,166989,43,1,1.6
2026-07-23 19:02:47.182928,167074,256,1,1.7
2026-07-23 19:02:47.182928,167512,539,1,1.0
2026-07-23 19:02:47.182928,167825,273,1,1.0
2026-07-23 19:02:47.182928,168144,184,1,1.5
2026-07-23 19:02:47.182928,168636,80,1,1.8
2026-07-23 19:02:47.182928,169432,295,1,1.8
2026-07-23 19:02:47.182928,169528,254,1,1.7
2026-07-23 19:02:47.182928,169593,555,1,1.0
2026-07-23 19:02:47.182928,171270,288,1,1.0
2026-07-23 19:02:47.182928,171287,359,1,2.2
2026-07-23 19:02:47.182928,171314,390,1,2.5
2026-07-23 19:02:47.182928,172453,319,1,1.5
2026-07-23 19:02:47.182928,172649,198,1,2.6
2026-07-23 19:02:47.182928,172780,515,1,2.3
2026-07-23 19:02:47.182928,173878,176,1,1.0
2026-07-23 19:02:47.182928,173879,56,1,0.0
2026-07-23 19:02:47.182928,174594,347,1,1.8
2026-07-23 19:02:47.182928,174874,253,1,0.0
2026-07-23 19:02:47.182928,176297,429,1,2.4
2026-07-23 19:02:47.182928,176412,193,1,1.8
2026-07-23 19:02:47.182928,176420,308,1,1.0
2026-07-23 19:02:47.182928,177815,346,1,2.0
2026-07-23 19:02:47.182928,178301,55,1,2.5
2026-07-23 19:02:47.182928,180135,339,1,1.5
2026-07-23 19:02:47.182928,180736,143,1,2.5
2026-07-23 19:02:47.182928,180974,458,1,1.5
2026-07-23 19:02:47.182928,183015,303,1,1.0
2026-07-23 19:02:47.182928,183656,103,1,1.5
2026-07-23 19:02:47.182928,184029,15,1,2.3
2026-07-23 19:02:47.182928,184254,494,1,2.0
2026-07-23 19:02:47.182928,184341,430,1,2.0
2026-07-23 19:02:47.182928,184349,269,1,1.7
2026-07-23 19:02:47.182928,184667,37,1,1.7
2026-07-23 19:02:47.182928,191866,87,1,1.7
2026-07-23 19:02:47.182928,193278,280,1,1.0
2026-07-23 19:02:47.182928,194010,89,1,1.7
2026-07-23 19:02:47.182928,195384,17,1,2.1
2026-07-23 19:02:47.182928,195546,41,1,2.1
2026-07-23 19:02:47.182928,198869,10,1,0.0
2026-07-23 19:02:47.182928,199598,338,1,2.0
2026-07-23 19:02:47.182928,199796,32,1,1.7
2026-07-23 19:02:47.182928,199798,31,1,1.7
2026-07-23 19:02:47.182928,200089,460,1,1.5
2026-07-23 19:02:47.182928,200617,343,1,1.5
2026-07-23 19:02:47.182928,200641,24,1,2.0
2026-07-23 19:02:47.182928,200720,82,1,2.6
2026-07-23 19:02:47.182928,200785,73,1,1.5
2026-07-23 19:02:47.182928,200834,533,1,2.5
2026-07-23 19:02:47.182928,201595,326,1,2.0
2026-07-23 19:02:47.182928,201658,68,1,2.1
2026-07-23 19:02:47.182928,201666,453,1,2.1
2026-07-23 19:02:47.182928,201895,535,1,2.2
2026-07-23 19:02:47.182928,202993,516,1,2.0
2026-07-23 19:02:47.182928,204120,114,1,1.7
2026-07-23 19:02:47.182928,204480,13,1,2.6
2026-07-23 19:02:47.182928,204580,98,1,1.5
2026-07-23 19:02:47.182928,204813,179,1,1.0
2026-07-23 19:02:47.182928,204822,476,1,1.0
2026-07-23 19:02:47.182928,204936,384,1,3.3
2026-07-23 19:02:47.182928,204968,489,1,1.0
2026-07-23 19:02:47.182928,205533,224,1,1.8
2026-07-23 19:02:47.182928,205651,27,1,2.0
2026-07-23 19:02:47.182928,206915,373,1,2.0
2026-07-23 19:02:47.182928,207189,265,1,1.5
2026-07-23 19:02:47.182928,207283,97,1,2.0
2026-07-23 19:02:47.182928,208481,292,1,1.5
2026-07-23 19:02:47.182928,208706,452,1,2.4
2026-07-23 19:02:47.182928,209036,388,1,2.8
2026-07-23 19:02:47.182928,209046,482,1,1.6
2026-07-23 19:02:47.182928,209244,398,1,2.4
2026-07-23 19:02:47.182928,209289,262,1,2.0
2026-07-23 19:02:47.182928,209365,416,1,0.0
2026-07-23 19:02:47.182928,209400,214,1,1.5
2026-07-23 19:02:47.182928,210156,492,1,1.8
2026-07-23 19:02:47.182928,210462,488,1,1.5
2026-07-23 19:02:47.182928,212314,267,1,1.5
2026-07-23 19:02:47.182928,212319,527,1,2.0
2026-07-23 19:02:47.182928,213292,296,1,1.5
2026-07-23 19:02:47.182928,214225,329,1,1.7
2026-07-23 19:02:47.182928,214285,364,1,2.2
2026-07-23 19:02:47.182928,214572,495,1,1.0
2026-07-23 19:02:47.182928,215059,140,1,2.6
2026-07-23 19:02:47.182928,215136,469,1,2.2
2026-07-23 19:02:47.182928,215379,481,1,2.3
2026-07-23 19:02:47.182928,215413,236,1,2.3
2026-07-23 19:02:47.182928,215711,44,1,2.0
2026-07-23 19:02:47.182928,216051,417,1,2.2
2026-07-23 19:02:47.182928,216094,357,1,2.5
2026-07-23 19:02:47.182928,216616,304,1,1.0
2026-07-23 19:02:47.182928,216646,464,1,2.0
2026-07-23 19:02:47.182928,218364,205,1,1.7
2026-07-23 19:02:47.182928,218997,195,1,1.4
2026-07-23 19:02:47.182928,219168,379,1,2.7
2026-07-23 19:02:47.182928,219249,126,1,2.0
2026-07-23 19:02:47.182928,219847,26,1,2.3
2026-07-23 19:02:47.182928,219924,259,1,1.0
2026-07-23 19:02:47.182928,220237,447,1,2.2
2026-07-23 19:02:47.182928,220362,153,1,1.7
2026-07-23 19:02:47.182928,220566,402,1,0.0
2026-07-23 19:02:47.182928,220583,180,1,1.0
2026-07-23 19:02:47.182928,220627,332,1,1.7
2026-07-23 19:02:47.182928,221389,468,1,2.0
2026-07-23 19:02:47.182928,221399,342,1,1.5
2026-07-23 19:02:47.182928,221466,498,1,2.8
2026-07-23 19:02:47.182928,221632,500,1,2.2
2026-07-23 19:02:47.182928,221820,419,1,2.2
2026-07-23 19:02:47.182928,222018,307,1,1.0
2026-07-23 19:02:47.182928,222531,480,1,2.8
2026-07-23 19:02:47.182928,222625,317,1,1.4
2026-07-23 19:02:47.182928,222683,70,1,2.1
2026-07-23 19:02:47.182928,222694,328,1,2.2
2026-07-23 19:02:47.182928,223094,411,1,4.0
2026-07-23 19:02:47.182928,223340,12,1,3.2
2026-07-23 19:02:47.182928,223434,118,1,1.7
2026-07-23 19:02:47.182928,223541,370,1,2.0
2026-07-23 19:02:47.182928,223827,532,1,2.2
2026-07-23 19:02:47.182928,224117,25,1,2.3
2026-07-23 19:02:47.182928,224967,233,1,1.7
2026-07-23 19:02:47.182928,225796,142,1,2.5
2026-07-23 19:02:47.182928,226182,330,1,1.7
2026-07-23 19:02:47.182928,226597,4,1,4.0
2026-07-23 19:02:47.182928,226944,47,1,1.1
2026-07-23 19:02:47.182928,226965,188,1,2.0
2026-07-23 19:02:47.182928,227444,471,1,2.5
2026-07-23 19:02:47.182928,229164,314,1,1.5
2026-07-23 19:02:47.182928,229600,227,1,2.6
2026-07-23 19:02:47.182928,230001,422,1,1.7
2026-07-23 19:02:47.182928,230730,194,1,1.4
2026-07-23 19:02:47.182928,231065,91,1,1.7
2026-07-23 19:02:47.182928,231416,113,1,1.7
2026-07-23 19:02:47.182928,231747,223,1,2.1
2026-07-23 19:02:47.182928,231899,312,1,1.0
2026-07-23 19:02:47.182928,232112,433,1,0.0
2026-07-23 19:02:47.182928,232185,208,1,2.3
2026-07-23 19:02:47.182928,232351,282,1,1.0
2026-07-23 19:02:47.182928,232413,14,1,2.3
2026-07-23 19:02:47.182928,232457,324,1,1.5
2026-07-23 19:02:47.182928,232571,530,1,1.0
2026-07-23 19:02:47.182928,232653,456,1,1.5
2026-07-23 19:02:47.182928,232787,519,1,2.0
2026-07-23 19:02:47.182928,232859,505,1,1.7
2026-07-23 19:02:47.182928,232892,257,1,1.7
2026-07-23 19:02:47.182928,232905,287,1,1.5
2026-07-23 19:02:47.182928,232928,239,1,2.1
2026-07-23 19:02:47.182928,235826,348,1,1.4
2026-07-23 19:02:47.182928,241117,310,1,1.5
2026-07-23 19:02:47.182928,241293,186,1,2.0
2026-07-23 19:02:47.182928,242313,207,1,1.7
2026-07-23 19:02:47.182928,242880,146,1,1.7
2026-07-23 19:02:47.182928,242882,62,1,2.2
2026-07-23 19:02:47.182928,242898,209,1,2.1
2026-07-23 19:02:47.182928,243016,372,1,2.0
2026-07-23 19:02:47.182928,243298,367,1,2.4
2026-07-23 19:02:47.182928,243413,290,1,1.0
2026-07-23 19:02:47.182928,243526,331,1,1.7
2026-07-23 19:02:47.182928,243571,234,1,1.7
2026-07-23 19:02:47.182928,244042,271,1,1.8
2026-07-23 19:02:47.182928,244723,204,1,1.7
2026-07-23 19:02:47.182928,244850,40,1,2.6
2026-07-23 19:02:47.182928,244851,154,1,3.2
2026-07-23 19:02:47.182928,244858,100,1,0.0
2026-07-23 19:02:47.182928,244860,247,1,2.0
2026-07-23 19:02:47.182928,244954,34,1,1.7
2026-07-23 19:02:47.182928,246301,255,1,1.7
2026-07-23 19:02:47.182928,247348,201,1,2.5
2026-07-23 19:02:47.182928,247412,222,1,2.0
2026-07-23 19:02:47.182928,247632,156,1,2.3
2026-07-23 19:02:47.182928,248056,345,1,1.5
2026-07-23 19:02:47.182928,248857,16,1,2.3
2026-07-23 19:02:47.182928,248875,400,1,2.6
2026-07-23 19:02:47.182928,249231,86,1,2.0
2026-07-23 19:02:47.182928,250199,487,1,1.5
2026-07-23 19:02:47.182928,424876,368,1,2.4
2026-07-23 19:02:47.182928,427623,202,1,2.2
2026-07-23 19:02:47.182928,427637,337,1,2.0
2026-07-23 19:02:47.182928,428580,104,1,1.5
2026-07-23 19:02:47.182928,430871,428,1,2.8
2026-07-23 19:02:47.182928,432422,455,1,2.0
2026-07-23 19:02:47.182928,432714,486,1,2.0
2026-07-23 19:02:47.182928,432720,385,1,2.6
2026-07-23 19:02:47.182928,432830,84,1,2.5
2026-07-23 19:02:47.182928,432987,354,1,1.0
2026-07-23 19:02:47.182928,433036,404,1,2.1
2026-07-23 19:02:47.182928,433154,241,1,2.0
2026-07-23 19:02:47.182928,433590,281,1,1.0
2026-07-23 19:02:47.182928,434399,536,1,1.7
2026-07-23 19:02:47.182928,434752,327,1,2.2
2026-07-23 19:02:47.182928,435997,336,1,2.1
2026-07-23 19:02:47.182928,436761,174,1,1.0
2026-07-23 19:02:47.182928,436893,65,1,1.7
2026-07-23 19:02:47.182928,437495,3,1,2.6
2026-07-23 19:02:47.182928,437499,200,1,2.8
2026-07-23 19:02:47.182928,437505,553,1,1.8
2026-07-23 19:02:47.182928,437730,397,1,2.9
2026-07-23 19:02:47.182928,437738,333,1,1.7
2026-07-23 19:02:47.182928,438098,23,1,2.0
2026-07-23 19:02:47.182928,438234,401,1,2.2
2026-07-23 19:02:47.182928,438464,218,1,1.5
2026-07-23 19:02:47.182928,439668,187,1,1.5
2026-07-23 19:02:47.182928,440089,96,1,2.0
2026-07-23 19:02:47.182928,440993,237,1,2.1
2026-07-23 19:02:47.182928,441164,499,1,2.5
2026-07-23 19:02:47.182928,441191,450,1,1.6
2026-07-23 19:02:47.182928,441264,552,1,2.0
2026-07-23 19:02:47.182928,441266,371,1,2.1
2026-07-23 19:02:47.182928,441302,36,1,1.7
2026-07-23 19:02:47.182928,443261,313,1,2.0
2026-07-23 19:02:47.182928,444102,79,1,2.0
2026-07-23 19:02:47.182928,444145,18,1,2.3
2026-07-23 19:02:47.182928,444172,59,1,1.0
2026-07-23 19:02:47.182928,444180,105,1,2.1
2026-07-23 19:02:47.182928,444307,276,1,1.0
2026-07-23 19:02:47.182928,444463,145,1,0.0
2026-07-23 19:02:47.182928,444765,85,1,2.2
2026-07-23 19:02:47.182928,444884,383,1,2.0
2026-07-23 19:02:47.182928,445044,521,1,0.0
2026-07-23 19:02:47.182928,445122,5,1,0.0
2026-07-23 19:02:47.182928,446008,427,1,2.8
2026-07-23 19:02:47.182928,448047,155,1,2.4
2026-07-23 19:02:47.182928,448089,54,1,2.0
2026-07-23 19:02:47.182928,448104,9,1,2.5
2026-07-23 19:02:47.182928,448514,392,1,2.5
2026-07-23 19:02:47.182928,449027,351,1,2.6
2026-07-23 19:02:47.182928,449428,283,1,1.0
2026-07-23 19:02:47.182928,449429,306,1,1.0
2026-07-23 19:02:47.182928,449434,454,1,2.1
2026-07-23 19:02:47.182928,449871,48,1,0.0
2026-07-23 19:02:47.182928,450542,219,1,1.5
2026-07-23 19:02:47.182928,451284,175,1,1.0
2026-07-23 19:02:47.182928,451302,413,1,2.0
2026-07-23 19:02:47.182928,451340,121,1,2.1
2026-07-23 19:02:47.182928,451490,119,1,1.7
2026-07-23 19:02:47.182928,454490,120,1,2.2
2026-07-23 19:02:47.182928,455084,305,1,1.0
2026-07-23 19:02:47.182928,456512,483,1,2.0
2026-07-23 19:02:47.182928,457569,57,1,2.0
2026-07-23 19:02:47.182928,458249,440,1,1.8
2026-07-23 19:02:47.182928,460028,149,1,2.2
2026-07-23 19:02:47.182928,460842,512,1,1.7
2026-07-23 19:02:47.182928,461102,173,1,1.0
2026-07-23 19:02:47.182928,461199,547,1,1.5
2026-07-23 19:02:47.182928,461587,323,1,1.0
2026-07-23 19:02:47.182928,462387,322,1,1.4
2026-07-23 19:02:47.182928,462424,6,1,0.0
2026-07-23 19:02:47.182928,462635,340,1,1.5
2026-07-23 19:02:47.182928,463034,167,1,1.8
2026-07-23 19:02:47.182928,463067,125,1,1.8
2026-07-23 19:02:47.182928,463936,158,1,2.1
2026-07-23 19:02:47.182928,463981,60,1,2.5
2026-07-23 19:02:47.182928,464353,355,1,1.0
2026-07-23 19:02:47.182928,465247,412,1,2.6
2026-07-23 19:02:47.182928,465351,389,1,2.8
2026-07-23 19:02:47.182928,465390,177,1,1.0
2026-07-23 19:02:47.182928,465525,291,1,0.0
2026-07-23 19:02:47.182928,465642,445,1,2.2
2026-07-23 19:02:47.182928,465680,493,1,1.8
2026-07-23 19:02:47.182928,465694,405,1,2.0
2026-07-23 19:02:47.182928,465730,115,1,1.7
2026-07-23 19:02:47.182928,466052,399,1,2.6
2026-07-23 19:02:47.182928,466075,8,1,2.5
2026-07-23 19:02:47.182928,466525,335,1,2.1
2026-07-23 19:02:47.182928,467779,130,1,2.2
2026-07-23 19:02:47.182928,469142,112,1,2.2
2026-07-23 19:02:47.182928,469247,49,1,1.5
2026-07-23 19:02:47.182928,469272,190,1,2.0
2026-07-23 19:02:47.182928,470294,297,1,1.0
2026-07-23 19:02:47.182928,470313,463,1,2.0
2026-07-23 19:02:47.182928,470315,478,1,1.7
2026-07-23 19:02:47.182928,472713,90,1,1.7
2026-07-23 19:02:47.182928,472739,110,1,2.0
2026-07-23 19:02:47.182928,472769,387,1,3.1
2026-07-23 19:02:47.182928,475168,165,1,2.3
2026-07-23 19:02:47.182928,476887,485,1,2.0
2026-07-23 19:02:47.182928,477064,395,1,1.7
2026-07-23 19:02:47.182928,477424,391,1,2.5
2026-07-23 19:02:47.182928,477547,538,1,1.0
2026-07-23 19:02:47.182928,477555,264,1,2.0
2026-07-23 19:02:47.182928,480455,230,1,2.5
2026-07-23 19:02:47.182928,480457,183,1,1.1
2026-07-23 19:02:47.182928,481624,318,1,2.0
2026-07-23 19:02:47.182928,481655,19,1,2.0
2026-07-23 19:02:47.182928,482442,518,1,1.5
2026-07-23 19:02:47.182928,482609,144,1,2.2
2026-07-23 19:02:47.182928,482973,491,1,2.0
2026-07-23 19:02:47.182928,484389,171,1,1.0
2026-07-23 19:02:47.182928,484420,542,1,2.1
2026-07-23 19:02:47.182928,485047,470,1,2.2
2026-07-23 19:02:47.182928,485055,496,1,2.0
2026-07-23 19:02:47.182928,485337,42,1,2.0
2026-07-23 19:02:47.182928,485711,439,1,1.7
2026-07-23 19:02:47.182928,486385,248,1,1.8
2026-07-23 19:02:47.182928,486520,344,1,1.5
2026-07-23 19:02:47.182928,486672,159,1,2.0
2026-07-23 19:02:47.182928,487053,506,1,1.7
2026-07-23 19:02:47.182928,487117,139,1,0.0
2026-07-23 19:02:47.182928,487676,534,1,1.7
2026-07-23 19:02:47.182928,487838,449,1,2.2
2026-07-23 19:02:47.182928,488024,211,1,2.0
2026-07-23 19:02:47.182928,489580,365,1,1.0
2026-07-23 19:02:47.182928,489639,109,1,2.0
2026-07-23 19:02:47.182928,489706,215,1,1.5
2026-07-23 19:02:47.182928,489888,77,1,1.5
2026-07-23 19:02:47.182928,490094,240,1,1.5
2026-07-23 19:02:47.182928,490145,528,1,1.0
2026-07-23 19:02:47.182928,490161,293,1,1.5
2026-07-23 19:02:47.182928,490881,436,1,1.5
2026-07-23 19:02:47.182928,491007,163,1,1.0
2026-07-23 19:02:47.182928,491279,503,1,2.2
2026-07-23 19:02:47.182928,491501,378,1,1.0
2026-07-23 19:02:47.182928,492498,191,1,1.0
2026-07-23 19:02:47.182928,492777,360,1,0.0
2026-07-23 19:02:47.182928,492859,341,1,1.5
2026-07-23 19:02:47.182928,493105,160,1,2.1
2026-07-23 19:02:47.182928,493250,431,1,2.1
2026-07-23 19:02:47.182928,493362,513,1,0.0
2026-07-23 19:02:47.182928,494307,394,1,2.2
2026-07-23 19:02:47.182928,494521,61,1,2.5
2026-07-23 19:02:47.182928,494595,366,1,2.6
2026-07-23 19:02:47.182928,494950,275,1,1.0
2026-07-23 19:02:47.182928,496208,72,1,1.5
2026-07-23 19:02:47.182928,496221,210,1,1.5
2026-07-23 19:02:47.182928,496661,245,1,2.0
2026-07-23 19:02:47.182928,498016,529,1,2.6
2026-07-23 19:02:47.182928,499169,7,1,2.0
2026-07-23 19:02:47.182928,499175,22,1,2.0
2026-07-23 19:02:47.182928,499300,235,1,1.0
2026-07-23 19:02:47.182928,499309,168,1,1.4
2026-07-23 19:02:47.182928,499604,67,1,2.3
2026-07-23 19:02:47.182928,499716,510,1,1.0
2026-07-23 19:02:47.182928,499721,523,1,1.5
2026-07-23 19:02:47.182928,499726,524,1,1.0
2026-07-23 19:02:47.182928,500040,11,1,2.5
2026-07-23 19:02:47.182928,500058,382,1,0.8
2026-07-23 19:02:47.182928,500151,475,1,0.0
2026-07-23 19:02:47.182928,500957,298,1,1.0
2026-07-23 19:02:47.182928,501390,309,1,1.5
2026-07-23 19:02:47.182928,501459,185,1,1.5
2026-07-23 19:02:47.182928,501902,278,1,1.0
2026-07-23 19:02:47.182928,502500,106,1,2.5
2026-07-23 19:02:47.182928,502697,243,1,1.5
2026-07-23 19:02:47.182928,503037,170,1,1.4
2026-07-23 19:02:47.182928,503139,69,1,2.1
2026-07-23 19:02:47.182928,503301,484,1,2.0
2026-07-23 19:02:47.182928,505079,252,1,1.0
2026-07-23 19:02:47.182928,507433,83,1,2.0
2026-07-23 19:02:47.182928,508395,102,1,1.5
2026-07-23 19:02:47.182928,508479,141,1,2.6
2026-07-23 19:02:47.182928,509416,129,1,2.0
2026-07-23 19:02:47.182928,510281,403,1,2.3
2026-07-23 19:02:47.182928,510663,380,1,0.0
2026-07-23 19:02:47.182928,511499,514,1,2.1
2026-07-23 19:02:47.182928,512462,232,1,2.2
2026-07-23 19:02:47.182928,513086,93,1,1.7
2026-07-23 19:02:47.182928,513418,94,1,2.1
2026-07-23 19:02:47.182928,513466,246,1,1.5
2026-07-23 19:02:47.182928,514254,127,1,1.5
2026-07-23 19:02:47.182928,514356,161,1,1.5
2026-07-23 19:02:47.182928,514514,381,1,1.5
2026-07-23 19:02:47.182928,515046,531,1,2.0
2026-07-23 19:02:47.182928,515597,35,1,1.5
2026-07-23 19:02:47.182928,515621,206,1,1.7
2026-07-23 19:02:47.182928,516895,432,1,2.0
2026-07-23 19:02:47.182928,517052,166,1,2.1
2026-07-23 19:02:47.182928,519440,361,1,1.0
2026-07-23 19:02:47.182928,519634,537,1,1.7
2026-07-23 19:02:47.182928,519913,438,1,1.0
2026-07-23 19:02:47.182928,522047,334,1,2.2
2026-07-23 19:02:47.182928,531442,315,1,2.0
2026-07-23 19:02:47.182928,532529,123,1,2.1
2026-07-23 19:02:47.182928,532605,162,1,1.5
2026-07-23 19:02:47.182928,533463,95,1,2.3
2026-07-23 19:02:47.182928,534392,299,1,1.0
2026-07-23 19:02:47.182928,535301,131,1,1.5
2026-07-23 19:02:47.182928,535818,546,1,1.5
2026-07-23 19:02:47.182928,535928,376,1,0.0
2026-07-23 19:02:47.182928,536661,551,1,1.5
2026-07-23 19:02:47.182928,536694,217,1,1.5
2026-07-23 19:02:47.182928,536916,128,1,1.5
2026-07-23 19:02:47.182928,538207,465,1,2.0
2026-07-23 19:02:47.182928,538638,479,1,1.0
2026-07-23 19:02:47.182928,539142,182,1,1.0
2026-07-23 19:02:47.182928,540324,286,1,1.5
2026-07-23 19:02:47.182928,543295,99,1,1.1
2026-07-23 19:02:47.182928,543968,316,1,1.8
2026-07-23 19:02:47.182928,544877,358,1,2.5
2026-07-23 19:02:47.182928,545477,451,1,1.0
2026-07-23 19:02:47.182928,546600,554,1,2.0
2026-07-23 19:02:47.182928,547027,543,1,2.0
2026-07-23 19:02:47.182928,547037,434,1,1.5
2026-07-23 19:02:47.182928,547676,425,1,1.0
2026-07-23 19:02:47.182928,547701,522,1,1.5
2026-07-23 19:02:47.182928,547719,459,1,0.0
2026-07-23 19:02:47.182928,548308,507,1,1.7
2026-07-23 19:02:47.182928,549067,477,1,1.0
2026-07-23 19:02:47.182928,549074,133,1,1.5
2026-07-23 19:02:47.182928,549653,197,1,1.0
2026-07-23 19:02:47.182928,549912,549,1,2.0
2026-07-23 19:02:47.182928,550090,117,1,1.7
2026-07-23 19:02:47.182928,550615,242,1,2.0
2026-07-23 19:02:47.182928,550839,517,1,0.0
2026-07-23 19:02:47.182928,550864,420,1,2.2
2026-07-23 19:02:47.182928,551210,148,1,1.7
2026-07-23 19:02:47.182928,551226,525,1,2.1
2026-07-23 19:02:47.182928,551262,196,1,1.4
2026-07-23 19:02:47.182928,551499,377,1,2.3
2026-07-23 19:02:47.182928,553783,294,1,1.0
2026-07-23 19:02:47.182928,554197,548,1,1.5
2026-07-23 19:02:47.182928,554578,444,1,2.0
2026-07-23 19:02:47.182928,556637,134,1,1.0
2026-07-23 19:02:47.182928,557012,321,1,1.0
2026-07-23 19:02:47.182928,560262,78,1,2.6
2026-07-23 19:02:47.182928,560552,263,1,2.0
2026-07-23 19:02:47.182928,561245,81,1,2.0
2026-07-23 19:02:47.182928,565297,349,1,1.0
2026-07-23 19:02:47.182928,567119,169,1,1.0
2026-07-23 19:02:47.182928,570241,92,1,1.7
2026-07-23 19:02:47.182928,570526,520,1,2.0
2026-07-23 19:02:47.182928,574458,150,1,1.7
2026-07-23 19:02:47.182928,575204,407,1,1.5
2026-07-23 19:02:47.182928,575458,474,1,1.7
2026-07-23 19:02:47.182928,575476,472,1,1.9
2026-07-23 19:02:47.182928,575901,66,1,1.0
2026-07-23 19:02:47.182928,576620,437,1,1.0
2026-07-23 19:02:47.182928,576628,435,1,1.5
2026-07-23 19:02:47.182928,577016,151,1,1.7
2026-07-23 19:02:47.182928,577285,51,1,1.0
2026-07-23 19:02:47.182928,577411,181,1,1.0
2026-07-23 19:02:47.182928,577669,545,1,1.5
2026-07-23 19:02:47.182928,577725,268,1,2.0
2026-07-23 19:02:47.182928,577974,424,1,1.0
2026-07-23 19:02:47.182928,578153,393,1,2.5
2026-07-23 19:02:47.182928,578545,39,1,1.0
2026-07-23 19:02:47.182928,586268,353,1,1.0
2026-07-23 19:02:47.182928,586309,249,1,1.8
2026-07-23 19:02:47.182928,590014,220,1,1.7
2026-07-23 19:02:47.182928,590039,409,1,1.0
2026-07-23 19:02:47.182928,591386,375,1,1.5
2026-07-23 19:02:47.182928,592031,122,1,2.1
2026-07-23 19:02:47.182928,593117,164,1,2.0
2026-07-23 19:02:47.182928,593174,107,1,1.0
2026-07-23 19:02:47.182928,596047,441,1,1.0
2026-07-23 19:02:47.182928,596777,415,1,2.1
2026-07-23 19:02:47.182928,597320,132,1,1.0
2026-07-23 19:02:47.182928,599303,466,1,1.0
2026-07-23 19:02:47.182928,606702,362,1,1.6
2026-07-23 19:02:47.182928,606745,421,1,1.7
2026-07-23 19:02:47.182928,606798,38,1,1.0
2026-07-23 19:02:47.182928,606921,216,1,1.5
2026-07-23 19:02:47.182928,607464,88,1,1.7
2026-07-23 19:02:47.182928,608181,137,1,1.3
2026-07-23 19:02:47.182928,609873,244,1,1.5
2026-07-23 19:02:47.182928,610799,504,1,2.2
2026-07-23 19:02:47.182928,611665,461,1,2.1
2026-07-23 19:02:47.182928,611922,369,1,2.1
2026-07-23 19:02:47.182928,614071,53,1,2.1
2026-07-23 19:02:47.182928,614574,76,1,1.5
2026-07-23 19:02:47.182928,616077,20,1,2.0
2026-07-23 19:02:47.182928,616221,511,1,1.0
2026-07-23 19:02:47.182928,616222,396,1,1.7
2026-07-23 19:02:47.182928,620109,152,1,2.5
2026-07-23 19:02:47.182928,620487,63,1,2.2
2026-07-23 19:02:47.182928,624773,157,1,2.3
2026-07-23 19:02:47.182928,629397,192,1,1.0
2026-07-23 19:02:47.182928,631786,272,1,1.0
2026-07-23 19:02:47.182928,636852,462,1,1.5
2026-07-23 19:02:47.182928,640419,509,1,1.0
2026-07-23 19:02:47.182928,645618,50,1,1.0
2026-07-23 19:02:47.182928,647681,363,1,0.0
2026-07-23 19:02:47.182928,647850,138,1,1.8
2026-07-23 19:02:47.182928,649208,410,1,1.5
2026-07-23 19:02:47.182928,651426,203,1,2.2
2026-07-23 19:02:47.182928,653481,52,1,1.5
2026-07-23 19:02:47.182928,660392,225,1,0.0
2026-07-23 19:02:47.182928,661800,284,1,1.0
2026-07-23 19:02:47.182928,672492,221,1,1.0
2026-07-23 19:02:47.182928,684268,189,1,1.0
2026-07-23 19:02:47.182928,699989,550,1,1.5
2026-07-23 19:02:47.182928,700308,135,1,1.5
2026-07-23 20:46:28.95056,17761,229,1,2.8
2026-07-23 20:46:28.95056,21205,414,1,1.0
2026-07-23 20:46:28.95056,40383,58,1,1.0
2026-07-23 20:46:28.95056,49262,111,1,1.0
2026-07-23 20:46:28.95056,50093,302,1,1.0
2026-07-23 20:46:28.95056,50175,136,1,2.0
2026-07-23 20:46:28.95056,54469,64,1,1.7
2026-07-23 20:46:28.95056,56979,101,1,1.1
2026-07-23 20:46:28.95056,59735,325,1,1.5
2026-07-23 20:46:28.95056,60307,124,1,2.0
2026-07-23 20:46:28.95056,60689,490,1,2.0
2026-07-23 20:46:28.95056,67089,497,1,1.0
2026-07-23 20:46:28.95056,72147,29,1,2.0
2026-07-23 20:46:28.95056,75115,108,1,1.8
2026-07-23 20:46:28.95056,76357,266,1,1.5
2026-07-23 20:46:28.95056,78916,448,1,2.2
2026-07-23 20:46:28.95056,80178,178,1,1.0
2026-07-23 20:46:28.95056,80201,250,1,2.0
2026-07-23 20:46:28.95056,81441,443,1,2.0
2026-07-23 20:46:28.95056,83299,116,1,1.7
2026-07-23 20:46:28.95056,84450,544,1,2.0
2026-07-23 20:46:28.95056,85633,467,1,2.6
2026-07-23 20:46:28.95056,86873,251,1,1.0
2026-07-23 20:46:28.95056,88894,46,1,1.5
2026-07-23 20:46:28.95056,91651,406,1,2.0
2026-07-23 20:46:28.95056,93605,541,1,1.7
2026-07-23 20:46:28.95056,95658,418,1,2.2
2026-07-23 20:46:28.95056,97032,356,1,3.1
2026-07-23 20:46:28.95056,98747,442,1,2.6
2026-07-23 20:46:28.95056,98980,28,1,2.6
2026-07-23 20:46:28.95056,101188,30,1,1.7
2026-07-23 20:46:28.95056,101282,289,1,1.0
2026-07-23 20:46:28.95056,105666,274,1,2.0
2026-07-23 20:46:28.95056,105717,540,1,1.0
2026-07-23 20:46:28.95056,106611,231,1,2.2
2026-07-23 20:46:28.95056,106760,423,1,1.7
2026-07-23 20:46:28.95056,108413,212,1,1.0
2026-07-23 20:46:28.95056,108416,277,1,1.0
2026-07-23 20:46:28.95056,108813,300,1,2.0
2026-07-23 20:46:28.95056,109646,147,1,1.7
2026-07-23 20:46:28.95056,109745,2,1,2.6
2026-07-23 20:46:28.95056,110690,172,1,2.0
2026-07-23 20:46:28.95056,111234,226,1,3.3
2026-07-23 20:46:28.95056,111317,74,1,1.5
2026-07-23 20:46:28.95056,112520,301,1,1.0
2026-07-23 20:46:28.95056,114243,457,1,2.1
2026-07-23 20:46:28.95056,114283,238,1,2.3
2026-07-23 20:46:28.95056,115556,508,1,1.0
2026-07-23 20:46:28.95056,116535,350,1,3.3
2026-07-23 20:46:28.95056,119471,446,1,1.6
2026-07-23 20:46:28.95056,121709,199,1,2.0
2026-07-23 20:46:28.95056,122074,386,1,2.0
2026-07-23 20:46:28.95056,122798,502,1,1.7
2026-07-23 20:46:28.95056,122806,45,1,2.0
2026-07-23 20:46:28.95056,128295,21,1,1.5
2026-07-23 20:46:28.95056,135720,501,1,2.2
2026-07-23 20:46:28.95056,138001,228,1,2.0
2026-07-23 20:46:28.95056,141746,426,1,4.0
2026-07-23 20:46:28.95056,146426,279,1,1.0
2026-07-23 20:46:28.95056,147675,320,1,1.4
2026-07-23 20:46:28.95056,149484,33,1,1.7
2026-07-23 20:46:28.95056,149929,311,1,1.5
2026-07-23 20:46:28.95056,152551,213,1,1.5
2026-07-23 20:46:28.95056,153133,261,1,2.0
2026-07-23 20:46:28.95056,153366,270,1,1.0
2026-07-23 20:46:28.95056,153682,260,1,2.3
2026-07-23 20:46:28.95056,154561,1,1,4.0
2026-07-23 20:46:28.95056,154566,526,1,2.0
2026-07-23 20:46:28.95056,155405,408,1,1.5
2026-07-23 20:46:28.95056,155408,71,1,1.5
2026-07-23 20:46:28.95056,155503,352,1,1.0
2026-07-23 20:46:28.95056,158499,75,1,1.5
2026-07-23 20:46:28.95056,158983,374,1,1.1
2026-07-23 20:46:28.95056,159506,473,1,1.7
2026-07-23 20:46:28.95056,160817,285,1,1.0
2026-07-23 20:46:28.95056,166477,258,1,1.7
2026-07-23 20:46:28.95056,166989,43,1,1.6
2026-07-23 20:46:28.95056,167074,256,1,1.7
2026-07-23 20:46:28.95056,167512,539,1,1.0
2026-07-23 20:46:28.95056,167825,273,1,1.0
2026-07-23 20:46:28.95056,168144,184,1,1.5
2026-07-23 20:46:28.95056,168636,80,1,1.8
2026-07-23 20:46:28.95056,169432,295,1,1.8
2026-07-23 20:46:28.95056,169528,254,1,1.7
2026-07-23 20:46:28.95056,169593,555,1,1.0
2026-07-23 20:46:28.95056,171270,288,1,1.0
2026-07-23 20:46:28.95056,171287,359,1,2.2
2026-07-23 20:46:28.95056,171314,390,1,2.5
2026-07-23 20:46:28.95056,172453,319,1,1.5
2026-07-23 20:46:28.95056,172649,198,1,2.6
2026-07-23 20:46:28.95056,172780,515,1,2.3
2026-07-23 20:46:28.95056,173878,176,1,1.0
2026-07-23 20:46:28.95056,173879,56,1,0.0
2026-07-23 20:46:28.95056,174594,347,1,1.8
2026-07-23 20:46:28.95056,174874,253,1,0.0
2026-07-23 20:46:28.95056,176297,429,1,2.4
2026-07-23 20:46:28.95056,176412,193,1,1.8
2026-07-23 20:46:28.95056,176420,308,1,1.0
2026-07-23 20:46:28.95056,177815,346,1,2.0
2026-07-23 20:46:28.95056,178301,55,1,2.5
2026-07-23 20:46:28.95056,180135,339,1,1.5
2026-07-23 20:46:28.95056,180736,143,1,2.5
2026-07-23 20:46:28.95056,180974,458,1,1.5
2026-07-23 20:46:28.95056,183015,303,1,1.0
2026-07-23 20:46:28.95056,183656,103,1,1.5
2026-07-23 20:46:28.95056,184029,15,1,2.3
2026-07-23 20:46:28.95056,184254,494,1,2.0
2026-07-23 20:46:28.95056,184341,430,1,2.0
2026-07-23 20:46:28.95056,184349,269,1,1.7
2026-07-23 20:46:28.95056,184667,37,1,1.7
2026-07-23 20:46:28.95056,191866,87,1,1.7
2026-07-23 20:46:28.95056,193278,280,1,1.0
2026-07-23 20:46:28.95056,194010,89,1,1.7
2026-07-23 20:46:28.95056,195384,17,1,2.1
2026-07-23 20:46:28.95056,195546,41,1,2.1
2026-07-23 20:46:28.95056,198869,10,1,0.0
2026-07-23 20:46:28.95056,199598,338,1,2.0
2026-07-23 20:46:28.95056,199796,32,1,1.7
2026-07-23 20:46:28.95056,199798,31,1,1.7
2026-07-23 20:46:28.95056,200089,460,1,1.5
2026-07-23 20:46:28.95056,200617,343,1,1.5
2026-07-23 20:46:28.95056,200641,24,1,2.0
2026-07-23 20:46:28.95056,200720,82,1,2.6
2026-07-23 20:46:28.95056,200785,73,1,1.5
2026-07-23 20:46:28.95056,200834,533,1,2.5
2026-07-23 20:46:28.95056,201595,326,1,2.0
2026-07-23 20:46:28.95056,201658,68,1,2.1
2026-07-23 20:46:28.95056,201666,453,1,2.1
2026-07-23 20:46:28.95056,201895,535,1,2.2
2026-07-23 20:46:28.95056,202993,516,1,2.0
2026-07-23 20:46:28.95056,204120,114,1,1.7
2026-07-23 20:46:28.95056,204480,13,1,2.6
2026-07-23 20:46:28.95056,204580,98,1,1.5
2026-07-23 20:46:28.95056,204813,179,1,1.0
2026-07-23 20:46:28.95056,204822,476,1,1.0
2026-07-23 20:46:28.95056,204936,384,1,3.3
2026-07-23 20:46:28.95056,204968,489,1,1.0
2026-07-23 20:46:28.95056,205533,224,1,1.8
2026-07-23 20:46:28.95056,205651,27,1,2.0
2026-07-23 20:46:28.95056,206915,373,1,2.0
2026-07-23 20:46:28.95056,207189,265,1,1.5
2026-07-23 20:46:28.95056,207283,97,1,2.0
2026-07-23 20:46:28.95056,208481,292,1,1.5
2026-07-23 20:46:28.95056,208706,452,1,2.4
2026-07-23 20:46:28.95056,209036,388,1,2.8
2026-07-23 20:46:28.95056,209046,482,1,1.6
2026-07-23 20:46:28.95056,209244,398,1,2.4
2026-07-23 20:46:28.95056,209289,262,1,2.0
2026-07-23 20:46:28.95056,209365,416,1,0.0
2026-07-23 20:46:28.95056,209400,214,1,1.5
2026-07-23 20:46:28.95056,210156,492,1,1.8
2026-07-23 20:46:28.95056,210462,488,1,1.5
2026-07-23 20:46:28.95056,212314,267,1,1.5
2026-07-23 20:46:28.95056,212319,527,1,2.0
2026-07-23 20:46:28.95056,213292,296,1,1.5
2026-07-23 20:46:28.95056,214225,329,1,1.7
2026-07-23 20:46:28.95056,214285,364,1,2.2
2026-07-23 20:46:28.95056,214572,495,1,1.0
2026-07-23 20:46:28.95056,215059,140,1,2.6
2026-07-23 20:46:28.95056,215136,469,1,2.2
2026-07-23 20:46:28.95056,215379,481,1,2.3
2026-07-23 20:46:28.95056,215413,236,1,2.3
2026-07-23 20:46:28.95056,215711,44,1,2.0
2026-07-23 20:46:28.95056,216051,417,1,2.2
2026-07-23 20:46:28.95056,216094,357,1,2.5
2026-07-23 20:46:28.95056,216616,304,1,1.0
2026-07-23 20:46:28.95056,216646,464,1,2.0
2026-07-23 20:46:28.95056,218364,205,1,1.7
2026-07-23 20:46:28.95056,218997,195,1,1.4
2026-07-23 20:46:28.95056,219168,379,1,2.7
2026-07-23 20:46:28.95056,219249,126,1,2.0
2026-07-23 20:46:28.95056,219847,26,1,2.3
2026-07-23 20:46:28.95056,219924,259,1,1.0
2026-07-23 20:46:28.95056,220237,447,1,2.2
2026-07-23 20:46:28.95056,220362,153,1,1.7
2026-07-23 20:46:28.95056,220566,402,1,0.0
2026-07-23 20:46:28.95056,220583,180,1,1.0
2026-07-23 20:46:28.95056,220627,332,1,1.7
2026-07-23 20:46:28.95056,221389,468,1,2.0
2026-07-23 20:46:28.95056,221399,342,1,1.5
2026-07-23 20:46:28.95056,221466,498,1,2.8
2026-07-23 20:46:28.95056,221632,500,1,2.2
2026-07-23 20:46:28.95056,221820,419,1,2.2
2026-07-23 20:46:28.95056,222018,307,1,1.0
2026-07-23 20:46:28.95056,222531,480,1,2.8
2026-07-23 20:46:28.95056,222625,317,1,1.4
2026-07-23 20:46:28.95056,222683,70,1,2.1
2026-07-23 20:46:28.95056,222694,328,1,2.2
2026-07-23 20:46:28.95056,223094,411,1,4.0
2026-07-23 20:46:28.95056,223340,12,1,3.2
2026-07-23 20:46:28.95056,223434,118,1,1.7
2026-07-23 20:46:28.95056,223541,370,1,2.0
2026-07-23 20:46:28.95056,223827,532,1,2.2
2026-07-23 20:46:28.95056,224117,25,1,2.3
2026-07-23 20:46:28.95056,224967,233,1,1.7
2026-07-23 20:46:28.95056,225796,142,1,2.5
2026-07-23 20:46:28.95056,226182,330,1,1.7
2026-07-23 20:46:28.95056,226597,4,1,4.0
2026-07-23 20:46:28.95056,226944,47,1,1.1
2026-07-23 20:46:28.95056,226965,188,1,2.0
2026-07-23 20:46:28.95056,227444,471,1,2.5
2026-07-23 20:46:28.95056,229164,314,1,1.5
2026-07-23 20:46:28.95056,229600,227,1,2.6
2026-07-23 20:46:28.95056,230001,422,1,1.7
2026-07-23 20:46:28.95056,230730,194,1,1.4
2026-07-23 20:46:28.95056,231065,91,1,1.7
2026-07-23 20:46:28.95056,231416,113,1,1.7
2026-07-23 20:46:28.95056,231747,223,1,2.1
2026-07-23 20:46:28.95056,231899,312,1,1.0
2026-07-23 20:46:28.95056,232112,433,1,0.0
2026-07-23 20:46:28.95056,232185,208,1,2.3
2026-07-23 20:46:28.95056,232351,282,1,1.0
2026-07-23 20:46:28.95056,232413,14,1,2.3
2026-07-23 20:46:28.95056,232457,324,1,1.5
2026-07-23 20:46:28.95056,232571,530,1,1.0
2026-07-23 20:46:28.95056,232653,456,1,1.5
2026-07-23 20:46:28.95056,232787,519,1,2.0
2026-07-23 20:46:28.95056,232859,505,1,1.7
2026-07-23 20:46:28.95056,232892,257,1,1.7
2026-07-23 20:46:28.95056,232905,287,1,1.5
2026-07-23 20:46:28.95056,232928,239,1,2.1
2026-07-23 20:46:28.95056,235826,348,1,1.4
2026-07-23 20:46:28.95056,241117,310,1,1.5
2026-07-23 20:46:28.95056,241293,186,1,2.0
2026-07-23 20:46:28.95056,242313,207,1,1.7
2026-07-23 20:46:28.95056,242880,146,1,1.7
2026-07-23 20:46:28.95056,242882,62,1,2.2
2026-07-23 20:46:28.95056,242898,209,1,2.1
2026-07-23 20:46:28.95056,243016,372,1,2.0
2026-07-23 20:46:28.95056,243298,367,1,2.4
2026-07-23 20:46:28.95056,243413,290,1,1.0
2026-07-23 20:46:28.95056,243526,331,1,1.7
2026-07-23 20:46:28.95056,243571,234,1,1.7
2026-07-23 20:46:28.95056,244042,271,1,1.8
2026-07-23 20:46:28.95056,244723,204,1,1.7
2026-07-23 20:46:28.95056,244850,40,1,2.6
2026-07-23 20:46:28.95056,244851,154,1,3.2
2026-07-23 20:46:28.95056,244858,100,1,0.0
2026-07-23 20:46:28.95056,244860,247,1,2.0
2026-07-23 20:46:28.95056,244954,34,1,1.7
2026-07-23 20:46:28.95056,246301,255,1,1.7
2026-07-23 20:46:28.95056,247348,201,1,2.5
2026-07-23 20:46:28.95056,247412,222,1,2.0
2026-07-23 20:46:28.95056,247632,156,1,2.3
2026-07-23 20:46:28.95056,248056,345,1,1.5
2026-07-23 20:46:28.95056,248857,16,1,2.3
2026-07-23 20:46:28.95056,248875,400,1,2.6
2026-07-23 20:46:28.95056,249231,86,1,2.0
2026-07-23 20:46:28.95056,250199,487,1,1.5
2026-07-23 20:46:28.95056,424876,368,1,2.4
2026-07-23 20:46:28.95056,427623,202,1,2.2
2026-07-23 20:46:28.95056,427637,337,1,2.0
2026-07-23 20:46:28.95056,428580,104,1,1.5
2026-07-23 20:46:28.95056,430871,428,1,2.8
2026-07-23 20:46:28.95056,432422,455,1,2.0
2026-07-23 20:46:28.95056,432714,486,1,2.0
2026-07-23 20:46:28.95056,432720,385,1,2.6
2026-07-23 20:46:28.95056,432830,84,1,2.5
2026-07-23 20:46:28.95056,432987,354,1,1.0
2026-07-23 20:46:28.95056,433036,404,1,2.1
2026-07-23 20:46:28.95056,433154,241,1,2.0
2026-07-23 20:46:28.95056,433590,281,1,1.0
2026-07-23 20:46:28.95056,434399,536,1,1.7
2026-07-23 20:46:28.95056,434752,327,1,2.2
2026-07-23 20:46:28.95056,435997,336,1,2.1
2026-07-23 20:46:28.95056,436761,174,1,1.0
2026-07-23 20:46:28.95056,436893,65,1,1.7
2026-07-23 20:46:28.95056,437495,3,1,2.6
2026-07-23 20:46:28.95056,437499,200,1,2.8
2026-07-23 20:46:28.95056,437505,553,1,1.8
2026-07-23 20:46:28.95056,437730,397,1,2.9
2026-07-23 20:46:28.95056,437738,333,1,1.7
2026-07-23 20:46:28.95056,438098,23,1,2.0
2026-07-23 20:46:28.95056,438234,401,1,2.2
2026-07-23 20:46:28.95056,438464,218,1,1.5
2026-07-23 20:46:28.95056,439668,187,1,1.5
2026-07-23 20:46:28.95056,440089,96,1,2.0
2026-07-23 20:46:28.95056,440993,237,1,2.1
2026-07-23 20:46:28.95056,441164,499,1,2.5
2026-07-23 20:46:28.95056,441191,450,1,1.6
2026-07-23 20:46:28.95056,441264,552,1,2.0
2026-07-23 20:46:28.95056,441266,371,1,2.1
2026-07-23 20:46:28.95056,441302,36,1,1.7
2026-07-23 20:46:28.95056,443261,313,1,2.0
2026-07-23 20:46:28.95056,444102,79,1,2.0
2026-07-23 20:46:28.95056,444145,18,1,2.3
2026-07-23 20:46:28.95056,444172,59,1,1.0
2026-07-23 20:46:28.95056,444180,105,1,2.1
2026-07-23 20:46:28.95056,444307,276,1,1.0
2026-07-23 20:46:28.95056,444463,145,1,0.0
2026-07-23 20:46:28.95056,444765,85,1,2.2
2026-07-23 20:46:28.95056,444884,383,1,2.0
2026-07-23 20:46:28.95056,445044,521,1,0.0
2026-07-23 20:46:28.95056,445122,5,1,0.0
2026-07-23 20:46:28.95056,446008,427,1,2.8
2026-07-23 20:46:28.95056,448047,155,1,2.4
2026-07-23 20:46:28.95056,448089,54,1,2.0
2026-07-23 20:46:28.95056,448104,9,1,2.5
2026-07-23 20:46:28.95056,448514,392,1,2.5
2026-07-23 20:46:28.95056,449027,351,1,2.6
2026-07-23 20:46:28.95056,449428,283,1,1.0
2026-07-23 20:46:28.95056,449429,306,1,1.0
2026-07-23 20:46:28.95056,449434,454,1,2.1
2026-07-23 20:46:28.95056,449871,48,1,0.0
2026-07-23 20:46:28.95056,450542,219,1,1.5
2026-07-23 20:46:28.95056,451284,175,1,1.0
2026-07-23 20:46:28.95056,451302,413,1,2.0
2026-07-23 20:46:28.95056,451340,121,1,2.1
2026-07-23 20:46:28.95056,451490,119,1,1.7
2026-07-23 20:46:28.95056,454490,120,1,2.2
2026-07-23 20:46:28.95056,455084,305,1,1.0
2026-07-23 20:46:28.95056,456512,483,1,2.0
2026-07-23 20:46:28.95056,457569,57,1,2.0
2026-07-23 20:46:28.95056,458249,440,1,1.8
2026-07-23 20:46:28.95056,460028,149,1,2.2
2026-07-23 20:46:28.95056,460842,512,1,1.7
2026-07-23 20:46:28.95056,461102,173,1,1.0
2026-07-23 20:46:28.95056,461199,547,1,1.5
2026-07-23 20:46:28.95056,461587,323,1,1.0
2026-07-23 20:46:28.95056,462387,322,1,1.4
2026-07-23 20:46:28.95056,462424,6,1,0.0
2026-07-23 20:46:28.95056,462635,340,1,1.5
2026-07-23 20:46:28.95056,463034,167,1,1.8
2026-07-23 20:46:28.95056,463067,125,1,1.8
2026-07-23 20:46:28.95056,463936,158,1,2.1
2026-07-23 20:46:28.95056,463981,60,1,2.5
2026-07-23 20:46:28.95056,464353,355,1,1.0
2026-07-23 20:46:28.95056,465247,412,1,2.6
2026-07-23 20:46:28.95056,465351,389,1,2.8
2026-07-23 20:46:28.95056,465390,177,1,1.0
2026-07-23 20:46:28.95056,465525,291,1,0.0
2026-07-23 20:46:28.95056,465642,445,1,2.2
2026-07-23 20:46:28.95056,465680,493,1,1.8
2026-07-23 20:46:28.95056,465694,405,1,2.0
2026-07-23 20:46:28.95056,465730,115,1,1.7
2026-07-23 20:46:28.95056,466052,399,1,2.6
2026-07-23 20:46:28.95056,466075,8,1,2.5
2026-07-23 20:46:28.95056,466525,335,1,2.1
2026-07-23 20:46:28.95056,467779,130,1,2.2
2026-07-23 20:46:28.95056,469142,112,1,2.2
2026-07-23 20:46:28.95056,469247,49,1,1.5
2026-07-23 20:46:28.95056,469272,190,1,2.0
2026-07-23 20:46:28.95056,470294,297,1,1.0
2026-07-23 20:46:28.95056,470313,463,1,2.0
2026-07-23 20:46:28.95056,470315,478,1,1.7
2026-07-23 20:46:28.95056,472713,90,1,1.7
2026-07-23 20:46:28.95056,472739,110,1,2.0
2026-07-23 20:46:28.95056,472769,387,1,3.1
2026-07-23 20:46:28.95056,475168,165,1,2.3
2026-07-23 20:46:28.95056,476887,485,1,2.0
2026-07-23 20:46:28.95056,477064,395,1,1.7
2026-07-23 20:46:28.95056,477424,391,1,2.5
2026-07-23 20:46:28.95056,477547,538,1,1.0
2026-07-23 20:46:28.95056,477555,264,1,2.0
2026-07-23 20:46:28.95056,480455,230,1,2.5
2026-07-23 20:46:28.95056,480457,183,1,1.1
2026-07-23 20:46:28.95056,481624,318,1,2.0
2026-07-23 20:46:28.95056,481655,19,1,2.0
2026-07-23 20:46:28.95056,482442,518,1,1.5
2026-07-23 20:46:28.95056,482609,144,1,2.2
2026-07-23 20:46:28.95056,482973,491,1,2.0
2026-07-23 20:46:28.95056,484389,171,1,1.0
2026-07-23 20:46:28.95056,484420,542,1,2.1
2026-07-23 20:46:28.95056,485047,470,1,2.2
2026-07-23 20:46:28.95056,485055,496,1,2.0
2026-07-23 20:46:28.95056,485337,42,1,2.0
2026-07-23 20:46:28.95056,485711,439,1,1.7
2026-07-23 20:46:28.95056,486385,248,1,1.8
2026-07-23 20:46:28.95056,486520,344,1,1.5
2026-07-23 20:46:28.95056,486672,159,1,2.0
2026-07-23 20:46:28.95056,487053,506,1,1.7
2026-07-23 20:46:28.95056,487117,139,1,0.0
2026-07-23 20:46:28.95056,487676,534,1,1.7
2026-07-23 20:46:28.95056,487838,449,1,2.2
2026-07-23 20:46:28.95056,488024,211,1,2.0
2026-07-23 20:46:28.95056,489580,365,1,1.0
2026-07-23 20:46:28.95056,489639,109,1,2.0
2026-07-23 20:46:28.95056,489706,215,1,1.5
2026-07-23 20:46:28.95056,489888,77,1,1.5
2026-07-23 20:46:28.95056,490094,240,1,1.5
2026-07-23 20:46:28.95056,490145,528,1,1.0
2026-07-23 20:46:28.95056,490161,293,1,1.5
2026-07-23 20:46:28.95056,490881,436,1,1.5
2026-07-23 20:46:28.95056,491007,163,1,1.0
2026-07-23 20:46:28.95056,491279,503,1,2.2
2026-07-23 20:46:28.95056,491501,378,1,1.0
2026-07-23 20:46:28.95056,492498,191,1,1.0
2026-07-23 20:46:28.95056,492777,360,1,0.0
2026-07-23 20:46:28.95056,492859,341,1,1.5
2026-07-23 20:46:28.95056,493105,160,1,2.1
2026-07-23 20:46:28.95056,493250,431,1,2.1
2026-07-23 20:46:28.95056,493362,513,1,0.0
2026-07-23 20:46:28.95056,494307,394,1,2.2
2026-07-23 20:46:28.95056,494521,61,1,2.5
2026-07-23 20:46:28.95056,494595,366,1,2.6
2026-07-23 20:46:28.95056,494950,275,1,1.0
2026-07-23 20:46:28.95056,496208,72,1,1.5
2026-07-23 20:46:28.95056,496221,210,1,1.5
2026-07-23 20:46:28.95056,496661,245,1,2.0
2026-07-23 20:46:28.95056,498016,529,1,2.6
2026-07-23 20:46:28.95056,499169,7,1,2.0
2026-07-23 20:46:28.95056,499175,22,1,2.0
2026-07-23 20:46:28.95056,499300,235,1,1.0
2026-07-23 20:46:28.95056,499309,168,1,1.4
2026-07-23 20:46:28.95056,499604,67,1,2.3
2026-07-23 20:46:28.95056,499716,510,1,1.0
2026-07-23 20:46:28.95056,499721,523,1,1.5
2026-07-23 20:46:28.95056,499726,524,1,1.0
2026-07-23 20:46:28.95056,500040,11,1,2.5
2026-07-23 20:46:28.95056,500058,382,1,0.8
2026-07-23 20:46:28.95056,500151,475,1,0.0
2026-07-23 20:46:28.95056,500957,298,1,1.0
2026-07-23 20:46:28.95056,501390,309,1,1.5
2026-07-23 20:46:28.95056,501459,185,1,1.5
2026-07-23 20:46:28.95056,501902,278,1,1.0
2026-07-23 20:46:28.95056,502500,106,1,2.5
2026-07-23 20:46:28.95056,502697,243,1,1.5
2026-07-23 20:46:28.95056,503037,170,1,1.4
2026-07-23 20:46:28.95056,503139,69,1,2.1
2026-07-23 20:46:28.95056,503301,484,1,2.0
2026-07-23 20:46:28.95056,505079,252,1,1.0
2026-07-23 20:46:28.95056,507433,83,1,2.0
2026-07-23 20:46:28.95056,508395,102,1,1.5
2026-07-23 20:46:28.95056,508479,141,1,2.6
2026-07-23 20:46:28.95056,509416,129,1,2.0
2026-07-23 20:46:28.95056,510281,403,1,2.3
2026-07-23 20:46:28.95056,510663,380,1,0.0
2026-07-23 20:46:28.95056,511499,514,1,2.1
2026-07-23 20:46:28.95056,512462,232,1,2.2
2026-07-23 20:46:28.95056,513086,93,1,1.7
2026-07-23 20:46:28.95056,513418,94,1,2.1
2026-07-23 20:46:28.95056,513466,246,1,1.5
2026-07-23 20:46:28.95056,514254,127,1,1.5
2026-07-23 20:46:28.95056,514356,161,1,1.5
2026-07-23 20:46:28.95056,514514,381,1,1.5
2026-07-23 20:46:28.95056,515046,531,1,2.0
2026-07-23 20:46:28.95056,515597,35,1,1.5
2026-07-23 20:46:28.95056,515621,206,1,1.7
2026-07-23 20:46:28.95056,516895,432,1,2.0
2026-07-23 20:46:28.95056,517052,166,1,2.1
2026-07-23 20:46:28.95056,519440,361,1,1.0
2026-07-23 20:46:28.95056,519634,537,1,1.7
2026-07-23 20:46:28.95056,519913,438,1,1.0
2026-07-23 20:46:28.95056,522047,334,1,2.2
2026-07-23 20:46:28.95056,531442,315,1,2.0
2026-07-23 20:46:28.95056,532529,123,1,2.1
2026-07-23 20:46:28.95056,532605,162,1,1.5
2026-07-23 20:46:28.95056,533463,95,1,2.3
2026-07-23 20:46:28.95056,534392,299,1,1.0
2026-07-23 20:46:28.95056,535301,131,1,1.5
2026-07-23 20:46:28.95056,535818,546,1,1.5
2026-07-23 20:46:28.95056,535928,376,1,0.0
2026-07-23 20:46:28.95056,536661,551,1,1.5
2026-07-23 20:46:28.95056,536694,217,1,1.5
2026-07-23 20:46:28.95056,536916,128,1,1.5
2026-07-23 20:46:28.95056,538207,465,1,2.0
2026-07-23 20:46:28.95056,538638,479,1,1.0
2026-07-23 20:46:28.95056,539142,182,1,1.0
2026-07-23 20:46:28.95056,540324,286,1,1.5
2026-07-23 20:46:28.95056,543295,99,1,1.1
2026-07-23 20:46:28.95056,543968,316,1,1.8
2026-07-23 20:46:28.95056,544877,358,1,2.5
2026-07-23 20:46:28.95056,545477,451,1,1.0
2026-07-23 20:46:28.95056,546600,554,1,2.0
2026-07-23 20:46:28.95056,547027,543,1,2.0
2026-07-23 20:46:28.95056,547037,434,1,1.5
2026-07-23 20:46:28.95056,547676,425,1,1.0
2026-07-23 20:46:28.95056,547701,522,1,1.5
2026-07-23 20:46:28.95056,547719,459,1,0.0
2026-07-23 20:46:28.95056,548308,507,1,1.7
2026-07-23 20:46:28.95056,549067,477,1,1.0
2026-07-23 20:46:28.95056,549074,133,1,1.5
2026-07-23 20:46:28.95056,549653,197,1,1.0
2026-07-23 20:46:28.95056,549912,549,1,2.0
2026-07-23 20:46:28.95056,550090,117,1,1.7
2026-07-23 20:46:28.95056,550615,242,1,2.0
2026-07-23 20:46:28.95056,550839,517,1,0.0
2026-07-23 20:46:28.95056,550864,420,1,2.2
2026-07-23 20:46:28.95056,551210,148,1,1.7
2026-07-23 20:46:28.95056,551226,525,1,2.1
2026-07-23 20:46:28.95056,551262,196,1,1.4
2026-07-23 20:46:28.95056,551499,377,1,2.3
2026-07-23 20:46:28.95056,553783,294,1,1.0
2026-07-23 20:46:28.95056,554197,548,1,1.5
2026-07-23 20:46:28.95056,554578,444,1,2.0
2026-07-23 20:46:28.95056,556637,134,1,1.0
2026-07-23 20:46:28.95056,557012,321,1,1.0
2026-07-23 20:46:28.95056,560262,78,1,2.6
2026-07-23 20:46:28.95056,560552,263,1,2.0
2026-07-23 20:46:28.95056,561245,81,1,2.0
2026-07-23 20:46:28.95056,565297,349,1,1.0
2026-07-23 20:46:28.95056,567119,169,1,1.0
2026-07-23 20:46:28.95056,570241,92,1,1.7
2026-07-23 20:46:28.95056,570526,520,1,2.0
2026-07-23 20:46:28.95056,574458,150,1,1.7
2026-07-23 20:46:28.95056,575204,407,1,1.5
2026-07-23 20:46:28.95056,575458,474,1,1.7
2026-07-23 20:46:28.95056,575476,472,1,1.9
2026-07-23 20:46:28.95056,575901,66,1,1.0
2026-07-23 20:46:28.95056,576620,437,1,1.0
2026-07-23 20:46:28.95056,576628,435,1,1.5
2026-07-23 20:46:28.95056,577016,151,1,1.7
2026-07-23 20:46:28.95056,577285,51,1,1.0
2026-07-23 20:46:28.95056,577411,181,1,1.0
2026-07-23 20:46:28.95056,577669,545,1,1.5
2026-07-23 20:46:28.95056,577725,268,1,2.0
2026-07-23 20:46:28.95056,577974,424,1,1.0
2026-07-23 20:46:28.95056,578153,393,1,2.5
2026-07-23 20:46:28.95056,578545,39,1,1.0
2026-07-23 20:46:28.95056,586268,353,1,1.0
2026-07-23 20:46:28.95056,586309,249,1,1.8
2026-07-23 20:46:28.95056,590014,220,1,1.7
2026-07-23 20:46:28.95056,590039,409,1,1.0
2026-07-23 20:46:28.95056,591386,375,1,1.5
2026-07-23 20:46:28.95056,592031,122,1,2.1
2026-07-23 20:46:28.95056,593117,164,1,2.0
2026-07-23 20:46:28.95056,593174,107,1,1.0
2026-07-23 20:46:28.95056,596047,441,1,1.0
2026-07-23 20:46:28.95056,596777,415,1,2.1
2026-07-23 20:46:28.95056,597320,132,1,1.0
2026-07-23 20:46:28.95056,599303,466,1,1.0
2026-07-23 20:46:28.95056,606702,362,1,1.6
2026-07-23 20:46:28.95056,606745,421,1,1.7
2026-07-23 20:46:28.95056,606798,38,1,1.0
2026-07-23 20:46:28.95056,606921,216,1,1.5
2026-07-23 20:46:28.95056,607464,88,1,1.7
2026-07-23 20:46:28.95056,608181,137,1,1.3
2026-07-23 20:46:28.95056,609873,244,1,1.5
2026-07-23 20:46:28.95056,610799,504,1,2.2
2026-07-23 20:46:28.95056,611665,461,1,2.1
2026-07-23 20:46:28.95056,611922,369,1,2.1
2026-07-23 20:46:28.95056,614071,53,1,2.1
2026-07-23 20:46:28.95056,614574,76,1,1.5
2026-07-23 20:46:28.95056,616077,20,1,2.0
2026-07-23 20:46:28.95056,616221,511,1,1.0
2026-07-23 20:46:28.95056,616222,396,1,1.7
2026-07-23 20:46:28.95056,620109,152,1,2.5
2026-07-23 20:46:28.95056,620487,63,1,2.2
2026-07-23 20:46:28.95056,624773,157,1,2.3
2026-07-23 20:46:28.95056,629397,192,1,1.0
2026-07-23 20:46:28.95056,631786,272,1,1.0
2026-07-23 20:46:28.95056,636852,462,1,1.5
2026-07-23 20:46:28.95056,640419,509,1,1.0
2026-07-23 20:46:28.95056,645618,50,1,1.0
2026-07-23 20:46:28.95056,647681,363,1,0.0
2026-07-23 20:46:28.95056,647850,138,1,1.8
2026-07-23 20:46:28.95056,649208,410,1,1.5
2026-07-23 20:46:28.95056,651426,203,1,2.2
2026-07-23 20:46:28.95056,653481,52,1,1.5
2026-07-23 20:46:28.95056,660392,225,1,0.0
2026-07-23 20:46:28.95056,661800,284,1,1.0
2026-07-23 20:46:28.95056,672492,221,1,1.0
2026-07-23 20:46:28.95056,684268,189,1,1.0
2026-07-23 20:46:28.95056,699989,550,1,1.5
2026-07-23 20:46:28.95056,700308,135,1,1.5
2026-07-23 20:55:59.707525,17761,229,1,2.8
2026-07-23 20:55:59.707525,21205,414,1,1.0
2026-07-23 20:55:59.707525,40383,58,1,1.0
2026-07-23 20:55:59.707525,49262,111,1,1.0
2026-07-23 20:55:59.707525,50093,302,1,1.0
2026-07-23 20:55:59.707525,50175,136,1,2.0
2026-07-23 20:55:59.707525,54469,64,1,1.7
2026-07-23 20:55:59.707525,56979,101,1,1.1
2026-07-23 20:55:59.707525,59735,325,1,1.5
2026-07-23 20:55:59.707525,60307,124,1,2.0
2026-07-23 20:55:59.707525,60689,490,1,2.0
2026-07-23 20:55:59.707525,67089,497,1,1.0
2026-07-23 20:55:59.707525,72147,29,1,2.0
2026-07-23 20:55:59.707525,75115,108,1,1.8
2026-07-23 20:55:59.707525,76357,266,1,1.5
2026-07-23 20:55:59.707525,78916,448,1,2.2
2026-07-23 20:55:59.707525,80178,178,1,1.0
2026-07-23 20:55:59.707525,80201,250,1,2.0
2026-07-23 20:55:59.707525,81441,443,1,2.0
2026-07-23 20:55:59.707525,83299,116,1,1.7
2026-07-23 20:55:59.707525,84450,544,1,2.0
2026-07-23 20:55:59.707525,85633,467,1,2.6
2026-07-23 20:55:59.707525,86873,251,1,1.0
2026-07-23 20:55:59.707525,88894,46,1,1.5
2026-07-23 20:55:59.707525,91651,406,1,2.0
2026-07-23 20:55:59.707525,93605,541,1,1.7
2026-07-23 20:55:59.707525,95658,418,1,2.2
2026-07-23 20:55:59.707525,97032,356,1,3.1
2026-07-23 20:55:59.707525,98747,442,1,2.6
2026-07-23 20:55:59.707525,98980,28,1,2.6
2026-07-23 20:55:59.707525,101188,30,1,1.7
2026-07-23 20:55:59.707525,101282,289,1,1.0
2026-07-23 20:55:59.707525,105666,274,1,2.0
2026-07-23 20:55:59.707525,105717,540,1,1.0
2026-07-23 20:55:59.707525,106611,231,1,2.2
2026-07-23 20:55:59.707525,106760,423,1,1.7
2026-07-23 20:55:59.707525,108413,212,1,1.0
2026-07-23 20:55:59.707525,108416,277,1,1.0
2026-07-23 20:55:59.707525,108813,300,1,2.0
2026-07-23 20:55:59.707525,109646,147,1,1.7
2026-07-23 20:55:59.707525,109745,2,1,2.6
2026-07-23 20:55:59.707525,110690,172,1,2.0
2026-07-23 20:55:59.707525,111234,226,1,3.3
2026-07-23 20:55:59.707525,111317,74,1,1.5
2026-07-23 20:55:59.707525,112520,301,1,1.0
2026-07-23 20:55:59.707525,114243,457,1,2.1
2026-07-23 20:55:59.707525,114283,238,1,2.3
2026-07-23 20:55:59.707525,115556,508,1,1.0
2026-07-23 20:55:59.707525,116535,350,1,3.3
2026-07-23 20:55:59.707525,119471,446,1,1.6
2026-07-23 20:55:59.707525,121709,199,1,2.0
2026-07-23 20:55:59.707525,122074,386,1,2.0
2026-07-23 20:55:59.707525,122798,502,1,1.7
2026-07-23 20:55:59.707525,122806,45,1,2.0
2026-07-23 20:55:59.707525,128295,21,1,1.5
2026-07-23 20:55:59.707525,135720,501,1,2.2
2026-07-23 20:55:59.707525,138001,228,1,2.0
2026-07-23 20:55:59.707525,141746,426,1,4.0
2026-07-23 20:55:59.707525,146426,279,1,1.0
2026-07-23 20:55:59.707525,147675,320,1,1.4
2026-07-23 20:55:59.707525,149484,33,1,1.7
2026-07-23 20:55:59.707525,149929,311,1,1.5
2026-07-23 20:55:59.707525,152551,213,1,1.5
2026-07-23 20:55:59.707525,153133,261,1,2.0
2026-07-23 20:55:59.707525,153366,270,1,1.0
2026-07-23 20:55:59.707525,153682,260,1,2.3
2026-07-23 20:55:59.707525,154561,1,1,4.0
2026-07-23 20:55:59.707525,154566,526,1,2.0
2026-07-23 20:55:59.707525,155405,408,1,1.5
2026-07-23 20:55:59.707525,155408,71,1,1.5
2026-07-23 20:55:59.707525,155503,352,1,1.0
2026-07-23 20:55:59.707525,158499,75,1,1.5
2026-07-23 20:55:59.707525,158983,374,1,1.1
2026-07-23 20:55:59.707525,159506,473,1,1.7
2026-07-23 20:55:59.707525,160817,285,1,1.0
2026-07-23 20:55:59.707525,166477,258,1,1.7
2026-07-23 20:55:59.707525,166989,43,1,1.6
2026-07-23 20:55:59.707525,167074,256,1,1.7
2026-07-23 20:55:59.707525,167512,539,1,1.0
2026-07-23 20:55:59.707525,167825,273,1,1.0
2026-07-23 20:55:59.707525,168144,184,1,1.5
2026-07-23 20:55:59.707525,168636,80,1,1.8
2026-07-23 20:55:59.707525,169432,295,1,1.8
2026-07-23 20:55:59.707525,169528,254,1,1.7
2026-07-23 20:55:59.707525,169593,555,1,1.0
2026-07-23 20:55:59.707525,171270,288,1,1.0
2026-07-23 20:55:59.707525,171287,359,1,2.2
2026-07-23 20:55:59.707525,171314,390,1,2.5
2026-07-23 20:55:59.707525,172453,319,1,1.5
2026-07-23 20:55:59.707525,172649,198,1,2.6
2026-07-23 20:55:59.707525,172780,515,1,2.3
2026-07-23 20:55:59.707525,173878,176,1,1.0
2026-07-23 20:55:59.707525,173879,56,1,0.0
2026-07-23 20:55:59.707525,174594,347,1,1.8
2026-07-23 20:55:59.707525,174874,253,1,0.0
2026-07-23 20:55:59.707525,176297,429,1,2.4
2026-07-23 20:55:59.707525,176412,193,1,1.8
2026-07-23 20:55:59.707525,176420,308,1,1.0
2026-07-23 20:55:59.707525,177815,346,1,2.0
2026-07-23 20:55:59.707525,178301,55,1,2.5
2026-07-23 20:55:59.707525,180135,339,1,1.5
2026-07-23 20:55:59.707525,180736,143,1,2.5
2026-07-23 20:55:59.707525,180974,458,1,1.5
2026-07-23 20:55:59.707525,183015,303,1,1.0
2026-07-23 20:55:59.707525,183656,103,1,1.5
2026-07-23 20:55:59.707525,184029,15,1,2.3
2026-07-23 20:55:59.707525,184254,494,1,2.0
2026-07-23 20:55:59.707525,184341,430,1,2.0
2026-07-23 20:55:59.707525,184349,269,1,1.7
2026-07-23 20:55:59.707525,184667,37,1,1.7
2026-07-23 20:55:59.707525,191866,87,1,1.7
2026-07-23 20:55:59.707525,193278,280,1,1.0
2026-07-23 20:55:59.707525,194010,89,1,1.7
2026-07-23 20:55:59.707525,195384,17,1,2.1
2026-07-23 20:55:59.707525,195546,41,1,2.1
2026-07-23 20:55:59.707525,198869,10,1,0.0
2026-07-23 20:55:59.707525,199598,338,1,2.0
2026-07-23 20:55:59.707525,199796,32,1,1.7
2026-07-23 20:55:59.707525,199798,31,1,1.7
2026-07-23 20:55:59.707525,200089,460,1,1.5
2026-07-23 20:55:59.707525,200617,343,1,1.5
2026-07-23 20:55:59.707525,200641,24,1,2.0
2026-07-23 20:55:59.707525,200720,82,1,2.6
2026-07-23 20:55:59.707525,200785,73,1,1.5
2026-07-23 20:55:59.707525,200834,533,1,2.5
2026-07-23 20:55:59.707525,201595,326,1,2.0
2026-07-23 20:55:59.707525,201658,68,1,2.1
2026-07-23 20:55:59.707525,201666,453,1,2.1
2026-07-23 20:55:59.707525,201895,535,1,2.2
2026-07-23 20:55:59.707525,202993,516,1,2.0
2026-07-23 20:55:59.707525,204120,114,1,1.7
2026-07-23 20:55:59.707525,204480,13,1,2.6
2026-07-23 20:55:59.707525,204580,98,1,1.5
2026-07-23 20:55:59.707525,204813,179,1,1.0
2026-07-23 20:55:59.707525,204822,476,1,1.0
2026-07-23 20:55:59.707525,204936,384,1,3.3
2026-07-23 20:55:59.707525,204968,489,1,1.0
2026-07-23 20:55:59.707525,205533,224,1,1.8
2026-07-23 20:55:59.707525,205651,27,1,2.0
2026-07-23 20:55:59.707525,206915,373,1,2.0
2026-07-23 20:55:59.707525,207189,265,1,1.5
2026-07-23 20:55:59.707525,207283,97,1,2.0
2026-07-23 20:55:59.707525,208481,292,1,1.5
2026-07-23 20:55:59.707525,208706,452,1,2.4
2026-07-23 20:55:59.707525,209036,388,1,2.8
2026-07-23 20:55:59.707525,209046,482,1,1.6
2026-07-23 20:55:59.707525,209244,398,1,2.4
2026-07-23 20:55:59.707525,209289,262,1,2.0
2026-07-23 20:55:59.707525,209365,416,1,0.0
2026-07-23 20:55:59.707525,209400,214,1,1.5
2026-07-23 20:55:59.707525,210156,492,1,1.8
2026-07-23 20:55:59.707525,210462,488,1,1.5
2026-07-23 20:55:59.707525,212314,267,1,1.5
2026-07-23 20:55:59.707525,212319,527,1,2.0
2026-07-23 20:55:59.707525,213292,296,1,1.5
2026-07-23 20:55:59.707525,214225,329,1,1.7
2026-07-23 20:55:59.707525,214285,364,1,2.2
2026-07-23 20:55:59.707525,214572,495,1,1.0
2026-07-23 20:55:59.707525,215059,140,1,2.6
2026-07-23 20:55:59.707525,215136,469,1,2.2
2026-07-23 20:55:59.707525,215379,481,1,2.3
2026-07-23 20:55:59.707525,215413,236,1,2.3
2026-07-23 20:55:59.707525,215711,44,1,2.0
2026-07-23 20:55:59.707525,216051,417,1,2.2
2026-07-23 20:55:59.707525,216094,357,1,2.5
2026-07-23 20:55:59.707525,216616,304,1,1.0
2026-07-23 20:55:59.707525,216646,464,1,2.0
2026-07-23 20:55:59.707525,218364,205,1,1.7
2026-07-23 20:55:59.707525,218997,195,1,1.4
2026-07-23 20:55:59.707525,219168,379,1,2.7
2026-07-23 20:55:59.707525,219249,126,1,2.0
2026-07-23 20:55:59.707525,219847,26,1,2.3
2026-07-23 20:55:59.707525,219924,259,1,1.0
2026-07-23 20:55:59.707525,220237,447,1,2.2
2026-07-23 20:55:59.707525,220362,153,1,1.7
2026-07-23 20:55:59.707525,220566,402,1,0.0
2026-07-23 20:55:59.707525,220583,180,1,1.0
2026-07-23 20:55:59.707525,220627,332,1,1.7
2026-07-23 20:55:59.707525,221389,468,1,2.0
2026-07-23 20:55:59.707525,221399,342,1,1.5
2026-07-23 20:55:59.707525,221466,498,1,2.8
2026-07-23 20:55:59.707525,221632,500,1,2.2
2026-07-23 20:55:59.707525,221820,419,1,2.2
2026-07-23 20:55:59.707525,222018,307,1,1.0
2026-07-23 20:55:59.707525,222531,480,1,2.8
2026-07-23 20:55:59.707525,222625,317,1,1.4
2026-07-23 20:55:59.707525,222683,70,1,2.1
2026-07-23 20:55:59.707525,222694,328,1,2.2
2026-07-23 20:55:59.707525,223094,411,1,4.0
2026-07-23 20:55:59.707525,223340,12,1,3.2
2026-07-23 20:55:59.707525,223434,118,1,1.7
2026-07-23 20:55:59.707525,223541,370,1,2.0
2026-07-23 20:55:59.707525,223827,532,1,2.2
2026-07-23 20:55:59.707525,224117,25,1,2.3
2026-07-23 20:55:59.707525,224967,233,1,1.7
2026-07-23 20:55:59.707525,225796,142,1,2.5
2026-07-23 20:55:59.707525,226182,330,1,1.7
2026-07-23 20:55:59.707525,226597,4,1,4.0
2026-07-23 20:55:59.707525,226944,47,1,1.1
2026-07-23 20:55:59.707525,226965,188,1,2.0
2026-07-23 20:55:59.707525,227444,471,1,2.5
2026-07-23 20:55:59.707525,229164,314,1,1.5
2026-07-23 20:55:59.707525,229600,227,1,2.6
2026-07-23 20:55:59.707525,230001,422,1,1.7
2026-07-23 20:55:59.707525,230730,194,1,1.4
2026-07-23 20:55:59.707525,231065,91,1,1.7
2026-07-23 20:55:59.707525,231416,113,1,1.7
2026-07-23 20:55:59.707525,231747,223,1,2.1
2026-07-23 20:55:59.707525,231899,312,1,1.0
2026-07-23 20:55:59.707525,232112,433,1,0.0
2026-07-23 20:55:59.707525,232185,208,1,2.3
2026-07-23 20:55:59.707525,232351,282,1,1.0
2026-07-23 20:55:59.707525,232413,14,1,2.3
2026-07-23 20:55:59.707525,232457,324,1,1.5
2026-07-23 20:55:59.707525,232571,530,1,1.0
2026-07-23 20:55:59.707525,232653,456,1,1.5
2026-07-23 20:55:59.707525,232787,519,1,2.0
2026-07-23 20:55:59.707525,232859,505,1,1.7
2026-07-23 20:55:59.707525,232892,257,1,1.7
2026-07-23 20:55:59.707525,232905,287,1,1.5
2026-07-23 20:55:59.707525,232928,239,1,2.1
2026-07-23 20:55:59.707525,235826,348,1,1.4
2026-07-23 20:55:59.707525,241117,310,1,1.5
2026-07-23 20:55:59.707525,241293,186,1,2.0
2026-07-23 20:55:59.707525,242313,207,1,1.7
2026-07-23 20:55:59.707525,242880,146,1,1.7
2026-07-23 20:55:59.707525,242882,62,1,2.2
2026-07-23 20:55:59.707525,242898,209,1,2.1
2026-07-23 20:55:59.707525,243016,372,1,2.0
2026-07-23 20:55:59.707525,243298,367,1,2.4
2026-07-23 20:55:59.707525,243413,290,1,1.0
2026-07-23 20:55:59.707525,243526,331,1,1.7
2026-07-23 20:55:59.707525,243571,234,1,1.7
2026-07-23 20:55:59.707525,244042,271,1,1.8
2026-07-23 20:55:59.707525,244723,204,1,1.7
2026-07-23 20:55:59.707525,244850,40,1,2.6
2026-07-23 20:55:59.707525,244851,154,1,3.2
2026-07-23 20:55:59.707525,244858,100,1,0.0
2026-07-23 20:55:59.707525,244860,247,1,2.0
2026-07-23 20:55:59.707525,244954,34,1,1.7
2026-07-23 20:55:59.707525,246301,255,1,1.7
2026-07-23 20:55:59.707525,247348,201,1,2.5
2026-07-23 20:55:59.707525,247412,222,1,2.0
2026-07-23 20:55:59.707525,247632,156,1,2.3
2026-07-23 20:55:59.707525,248056,345,1,1.5
2026-07-23 20:55:59.707525,248857,16,1,2.3
2026-07-23 20:55:59.707525,248875,400,1,2.6
2026-07-23 20:55:59.707525,249231,86,1,2.0
2026-07-23 20:55:59.707525,250199,487,1,1.5
2026-07-23 20:55:59.707525,424876,368,1,2.4
2026-07-23 20:55:59.707525,427623,202,1,2.2
2026-07-23 20:55:59.707525,427637,337,1,2.0
2026-07-23 20:55:59.707525,428580,104,1,1.5
2026-07-23 20:55:59.707525,430871,428,1,2.8
2026-07-23 20:55:59.707525,432422,455,1,2.0
2026-07-23 20:55:59.707525,432714,486,1,2.0
2026-07-23 20:55:59.707525,432720,385,1,2.6
2026-07-23 20:55:59.707525,432830,84,1,2.5
2026-07-23 20:55:59.707525,432987,354,1,1.0
2026-07-23 20:55:59.707525,433036,404,1,2.1
2026-07-23 20:55:59.707525,433154,241,1,2.0
2026-07-23 20:55:59.707525,433590,281,1,1.0
2026-07-23 20:55:59.707525,434399,536,1,1.7
2026-07-23 20:55:59.707525,434752,327,1,2.2
2026-07-23 20:55:59.707525,435997,336,1,2.1
2026-07-23 20:55:59.707525,436761,174,1,1.0
2026-07-23 20:55:59.707525,436893,65,1,1.7
2026-07-23 20:55:59.707525,437495,3,1,2.6
2026-07-23 20:55:59.707525,437499,200,1,2.8
2026-07-23 20:55:59.707525,437505,553,1,1.8
2026-07-23 20:55:59.707525,437730,397,1,2.9
2026-07-23 20:55:59.707525,437738,333,1,1.7
2026-07-23 20:55:59.707525,438098,23,1,2.0
2026-07-23 20:55:59.707525,438234,401,1,2.2
2026-07-23 20:55:59.707525,438464,218,1,1.5
2026-07-23 20:55:59.707525,439668,187,1,1.5
2026-07-23 20:55:59.707525,440089,96,1,2.0
2026-07-23 20:55:59.707525,440993,237,1,2.1
2026-07-23 20:55:59.707525,441164,499,1,2.5
2026-07-23 20:55:59.707525,441191,450,1,1.6
2026-07-23 20:55:59.707525,441264,552,1,2.0
2026-07-23 20:55:59.707525,441266,371,1,2.1
2026-07-23 20:55:59.707525,441302,36,1,1.7
2026-07-23 20:55:59.707525,443261,313,1,2.0
2026-07-23 20:55:59.707525,444102,79,1,2.0
2026-07-23 20:55:59.707525,444145,18,1,2.3
2026-07-23 20:55:59.707525,444172,59,1,1.0
2026-07-23 20:55:59.707525,444180,105,1,2.1
2026-07-23 20:55:59.707525,444307,276,1,1.0
2026-07-23 20:55:59.707525,444463,145,1,0.0
2026-07-23 20:55:59.707525,444765,85,1,2.2
2026-07-23 20:55:59.707525,444884,383,1,2.0
2026-07-23 20:55:59.707525,445044,521,1,0.0
2026-07-23 20:55:59.707525,445122,5,1,0.0
2026-07-23 20:55:59.707525,446008,427,1,2.8
2026-07-23 20:55:59.707525,448047,155,1,2.4
2026-07-23 20:55:59.707525,448089,54,1,2.0
2026-07-23 20:55:59.707525,448104,9,1,2.5
2026-07-23 20:55:59.707525,448514,392,1,2.5
2026-07-23 20:55:59.707525,449027,351,1,2.6
2026-07-23 20:55:59.707525,449428,283,1,1.0
2026-07-23 20:55:59.707525,449429,306,1,1.0
2026-07-23 20:55:59.707525,449434,454,1,2.1
2026-07-23 20:55:59.707525,449871,48,1,0.0
2026-07-23 20:55:59.707525,450542,219,1,1.5
2026-07-23 20:55:59.707525,451284,175,1,1.0
2026-07-23 20:55:59.707525,451302,413,1,2.0
2026-07-23 20:55:59.707525,451340,121,1,2.1
2026-07-23 20:55:59.707525,451490,119,1,1.7
2026-07-23 20:55:59.707525,454490,120,1,2.2
2026-07-23 20:55:59.707525,455084,305,1,1.0
2026-07-23 20:55:59.707525,456512,483,1,2.0
2026-07-23 20:55:59.707525,457569,57,1,2.0
2026-07-23 20:55:59.707525,458249,440,1,1.8
2026-07-23 20:55:59.707525,460028,149,1,2.2
2026-07-23 20:55:59.707525,460842,512,1,1.7
2026-07-23 20:55:59.707525,461102,173,1,1.0
2026-07-23 20:55:59.707525,461199,547,1,1.5
2026-07-23 20:55:59.707525,461587,323,1,1.0
2026-07-23 20:55:59.707525,462387,322,1,1.4
2026-07-23 20:55:59.707525,462424,6,1,0.0
2026-07-23 20:55:59.707525,462635,340,1,1.5
2026-07-23 20:55:59.707525,463034,167,1,1.8
2026-07-23 20:55:59.707525,463067,125,1,1.8
2026-07-23 20:55:59.707525,463936,158,1,2.1
2026-07-23 20:55:59.707525,463981,60,1,2.5
2026-07-23 20:55:59.707525,464353,355,1,1.0
2026-07-23 20:55:59.707525,465247,412,1,2.6
2026-07-23 20:55:59.707525,465351,389,1,2.8
2026-07-23 20:55:59.707525,465390,177,1,1.0
2026-07-23 20:55:59.707525,465525,291,1,0.0
2026-07-23 20:55:59.707525,465642,445,1,2.2
2026-07-23 20:55:59.707525,465680,493,1,1.8
2026-07-23 20:55:59.707525,465694,405,1,2.0
2026-07-23 20:55:59.707525,465730,115,1,1.7
2026-07-23 20:55:59.707525,466052,399,1,2.6
2026-07-23 20:55:59.707525,466075,8,1,2.5
2026-07-23 20:55:59.707525,466525,335,1,2.1
2026-07-23 20:55:59.707525,467779,130,1,2.2
2026-07-23 20:55:59.707525,469142,112,1,2.2
2026-07-23 20:55:59.707525,469247,49,1,1.5
2026-07-23 20:55:59.707525,469272,190,1,2.0
2026-07-23 20:55:59.707525,470294,297,1,1.0
2026-07-23 20:55:59.707525,470313,463,1,2.0
2026-07-23 20:55:59.707525,470315,478,1,1.7
2026-07-23 20:55:59.707525,472713,90,1,1.7
2026-07-23 20:55:59.707525,472739,110,1,2.0
2026-07-23 20:55:59.707525,472769,387,1,3.1
2026-07-23 20:55:59.707525,475168,165,1,2.3
2026-07-23 20:55:59.707525,476887,485,1,2.0
2026-07-23 20:55:59.707525,477064,395,1,1.7
2026-07-23 20:55:59.707525,477424,391,1,2.5
2026-07-23 20:55:59.707525,477547,538,1,1.0
2026-07-23 20:55:59.707525,477555,264,1,2.0
2026-07-23 20:55:59.707525,480455,230,1,2.5
2026-07-23 20:55:59.707525,480457,183,1,1.1
2026-07-23 20:55:59.707525,481624,318,1,2.0
2026-07-23 20:55:59.707525,481655,19,1,2.0
2026-07-23 20:55:59.707525,482442,518,1,1.5
2026-07-23 20:55:59.707525,482609,144,1,2.2
2026-07-23 20:55:59.707525,482973,491,1,2.0
2026-07-23 20:55:59.707525,484389,171,1,1.0
2026-07-23 20:55:59.707525,484420,542,1,2.1
2026-07-23 20:55:59.707525,485047,470,1,2.2
2026-07-23 20:55:59.707525,485055,496,1,2.0
2026-07-23 20:55:59.707525,485337,42,1,2.0
2026-07-23 20:55:59.707525,485711,439,1,1.7
2026-07-23 20:55:59.707525,486385,248,1,1.8
2026-07-23 20:55:59.707525,486520,344,1,1.5
2026-07-23 20:55:59.707525,486672,159,1,2.0
2026-07-23 20:55:59.707525,487053,506,1,1.7
2026-07-23 20:55:59.707525,487117,139,1,0.0
2026-07-23 20:55:59.707525,487676,534,1,1.7
2026-07-23 20:55:59.707525,487838,449,1,2.2
2026-07-23 20:55:59.707525,488024,211,1,2.0
2026-07-23 20:55:59.707525,489580,365,1,1.0
2026-07-23 20:55:59.707525,489639,109,1,2.0
2026-07-23 20:55:59.707525,489706,215,1,1.5
2026-07-23 20:55:59.707525,489888,77,1,1.5
2026-07-23 20:55:59.707525,490094,240,1,1.5
2026-07-23 20:55:59.707525,490145,528,1,1.0
2026-07-23 20:55:59.707525,490161,293,1,1.5
2026-07-23 20:55:59.707525,490881,436,1,1.5
2026-07-23 20:55:59.707525,491007,163,1,1.0
2026-07-23 20:55:59.707525,491279,503,1,2.2
2026-07-23 20:55:59.707525,491501,378,1,1.0
2026-07-23 20:55:59.707525,492498,191,1,1.0
2026-07-23 20:55:59.707525,492777,360,1,0.0
2026-07-23 20:55:59.707525,492859,341,1,1.5
2026-07-23 20:55:59.707525,493105,160,1,2.1
2026-07-23 20:55:59.707525,493250,431,1,2.1
2026-07-23 20:55:59.707525,493362,513,1,0.0
2026-07-23 20:55:59.707525,494307,394,1,2.2
2026-07-23 20:55:59.707525,494521,61,1,2.5
2026-07-23 20:55:59.707525,494595,366,1,2.6
2026-07-23 20:55:59.707525,494950,275,1,1.0
2026-07-23 20:55:59.707525,496208,72,1,1.5
2026-07-23 20:55:59.707525,496221,210,1,1.5
2026-07-23 20:55:59.707525,496661,245,1,2.0
2026-07-23 20:55:59.707525,498016,529,1,2.6
2026-07-23 20:55:59.707525,499169,7,1,2.0
2026-07-23 20:55:59.707525,499175,22,1,2.0
2026-07-23 20:55:59.707525,499300,235,1,1.0
2026-07-23 20:55:59.707525,499309,168,1,1.4
2026-07-23 20:55:59.707525,499604,67,1,2.3
2026-07-23 20:55:59.707525,499716,510,1,1.0
2026-07-23 20:55:59.707525,499721,523,1,1.5
2026-07-23 20:55:59.707525,499726,524,1,1.0
2026-07-23 20:55:59.707525,500040,11,1,2.5
2026-07-23 20:55:59.707525,500058,382,1,0.8
2026-07-23 20:55:59.707525,500151,475,1,0.0
2026-07-23 20:55:59.707525,500957,298,1,1.0
2026-07-23 20:55:59.707525,501390,309,1,1.5
2026-07-23 20:55:59.707525,501459,185,1,1.5
2026-07-23 20:55:59.707525,501902,278,1,1.0
2026-07-23 20:55:59.707525,502500,106,1,2.5
2026-07-23 20:55:59.707525,502697,243,1,1.5
2026-07-23 20:55:59.707525,503037,170,1,1.4
2026-07-23 20:55:59.707525,503139,69,1,2.1
2026-07-23 20:55:59.707525,503301,484,1,2.0
2026-07-23 20:55:59.707525,505079,252,1,1.0
2026-07-23 20:55:59.707525,507433,83,1,2.0
2026-07-23 20:55:59.707525,508395,102,1,1.5
2026-07-23 20:55:59.707525,508479,141,1,2.6
2026-07-23 20:55:59.707525,509416,129,1,2.0
2026-07-23 20:55:59.707525,510281,403,1,2.3
2026-07-23 20:55:59.707525,510663,380,1,0.0
2026-07-23 20:55:59.707525,511499,514,1,2.1
2026-07-23 20:55:59.707525,512462,232,1,2.2
2026-07-23 20:55:59.707525,513086,93,1,1.7
2026-07-23 20:55:59.707525,513418,94,1,2.1
2026-07-23 20:55:59.707525,513466,246,1,1.5
2026-07-23 20:55:59.707525,514254,127,1,1.5
2026-07-23 20:55:59.707525,514356,161,1,1.5
2026-07-23 20:55:59.707525,514514,381,1,1.5
2026-07-23 20:55:59.707525,515046,531,1,2.0
2026-07-23 20:55:59.707525,515597,35,1,1.5
2026-07-23 20:55:59.707525,515621,206,1,1.7
2026-07-23 20:55:59.707525,516895,432,1,2.0
2026-07-23 20:55:59.707525,517052,166,1,2.1
2026-07-23 20:55:59.707525,519440,361,1,1.0
2026-07-23 20:55:59.707525,519634,537,1,1.7
2026-07-23 20:55:59.707525,519913,438,1,1.0
2026-07-23 20:55:59.707525,522047,334,1,2.2
2026-07-23 20:55:59.707525,531442,315,1,2.0
2026-07-23 20:55:59.707525,532529,123,1,2.1
2026-07-23 20:55:59.707525,532605,162,1,1.5
2026-07-23 20:55:59.707525,533463,95,1,2.3
2026-07-23 20:55:59.707525,534392,299,1,1.0
2026-07-23 20:55:59.707525,535301,131,1,1.5
2026-07-23 20:55:59.707525,535818,546,1,1.5
2026-07-23 20:55:59.707525,535928,376,1,0.0
2026-07-23 20:55:59.707525,536661,551,1,1.5
2026-07-23 20:55:59.707525,536694,217,1,1.5
2026-07-23 20:55:59.707525,536916,128,1,1.5
2026-07-23 20:55:59.707525,538207,465,1,2.0
2026-07-23 20:55:59.707525,538638,479,1,1.0
2026-07-23 20:55:59.707525,539142,182,1,1.0
2026-07-23 20:55:59.707525,540324,286,1,1.5
2026-07-23 20:55:59.707525,543295,99,1,1.1
2026-07-23 20:55:59.707525,543968,316,1,1.8
2026-07-23 20:55:59.707525,544877,358,1,2.5
2026-07-23 20:55:59.707525,545477,451,1,1.0
2026-07-23 20:55:59.707525,546600,554,1,2.0
2026-07-23 20:55:59.707525,547027,543,1,2.0
2026-07-23 20:55:59.707525,547037,434,1,1.5
2026-07-23 20:55:59.707525,547676,425,1,1.0
2026-07-23 20:55:59.707525,547701,522,1,1.5
2026-07-23 20:55:59.707525,547719,459,1,0.0
2026-07-23 20:55:59.707525,548308,507,1,1.7
2026-07-23 20:55:59.707525,549067,477,1,1.0
2026-07-23 20:55:59.707525,549074,133,1,1.5
2026-07-23 20:55:59.707525,549653,197,1,1.0
2026-07-23 20:55:59.707525,549912,549,1,2.0
2026-07-23 20:55:59.707525,550090,117,1,1.7
2026-07-23 20:55:59.707525,550615,242,1,2.0
2026-07-23 20:55:59.707525,550839,517,1,0.0
2026-07-23 20:55:59.707525,550864,420,1,2.2
2026-07-23 20:55:59.707525,551210,148,1,1.7
2026-07-23 20:55:59.707525,551226,525,1,2.1
2026-07-23 20:55:59.707525,551262,196,1,1.4
2026-07-23 20:55:59.707525,551499,377,1,2.3
2026-07-23 20:55:59.707525,553783,294,1,1.0
2026-07-23 20:55:59.707525,554197,548,1,1.5
2026-07-23 20:55:59.707525,554578,444,1,2.0
2026-07-23 20:55:59.707525,556637,134,1,1.0
2026-07-23 20:55:59.707525,557012,321,1,1.0
2026-07-23 20:55:59.707525,560262,78,1,2.6
2026-07-23 20:55:59.707525,560552,263,1,2.0
2026-07-23 20:55:59.707525,561245,81,1,2.0
2026-07-23 20:55:59.707525,565297,349,1,1.0
2026-07-23 20:55:59.707525,567119,169,1,1.0
2026-07-23 20:55:59.707525,570241,92,1,1.7
2026-07-23 20:55:59.707525,570526,520,1,2.0
2026-07-23 20:55:59.707525,574458,150,1,1.7
2026-07-23 20:55:59.707525,575204,407,1,1.5
2026-07-23 20:55:59.707525,575458,474,1,1.7
2026-07-23 20:55:59.707525,575476,472,1,1.9
2026-07-23 20:55:59.707525,575901,66,1,1.0
2026-07-23 20:55:59.707525,576620,437,1,1.0
2026-07-23 20:55:59.707525,576628,435,1,1.5
2026-07-23 20:55:59.707525,577016,151,1,1.7
2026-07-23 20:55:59.707525,577285,51,1,1.0
2026-07-23 20:55:59.707525,577411,181,1,1.0
2026-07-23 20:55:59.707525,577669,545,1,1.5
2026-07-23 20:55:59.707525,577725,268,1,2.0
2026-07-23 20:55:59.707525,577974,424,1,1.0
2026-07-23 20:55:59.707525,578153,393,1,2.5
2026-07-23 20:55:59.707525,578545,39,1,1.0
2026-07-23 20:55:59.707525,586268,353,1,1.0
2026-07-23 20:55:59.707525,586309,249,1,1.8
2026-07-23 20:55:59.707525,590014,220,1,1.7
2026-07-23 20:55:59.707525,590039,409,1,1.0
2026-07-23 20:55:59.707525,591386,375,1,1.5
2026-07-23 20:55:59.707525,592031,122,1,2.1
2026-07-23 20:55:59.707525,593117,164,1,2.0
2026-07-23 20:55:59.707525,593174,107,1,1.0
2026-07-23 20:55:59.707525,596047,441,1,1.0
2026-07-23 20:55:59.707525,596777,415,1,2.1
2026-07-23 20:55:59.707525,597320,132,1,1.0
2026-07-23 20:55:59.707525,599303,466,1,1.0
2026-07-23 20:55:59.707525,606702,362,1,1.6
2026-07-23 20:55:59.707525,606745,421,1,1.7
2026-07-23 20:55:59.707525,606798,38,1,1.0
2026-07-23 20:55:59.707525,606921,216,1,1.5
2026-07-23 20:55:59.707525,607464,88,1,1.7
2026-07-23 20:55:59.707525,608181,137,1,1.3
2026-07-23 20:55:59.707525,609873,244,1,1.5
2026-07-23 20:55:59.707525,610799,504,1,2.2
2026-07-23 20:55:59.707525,611665,461,1,2.1
2026-07-23 20:55:59.707525,611922,369,1,2.1
2026-07-23 20:55:59.707525,614071,53,1,2.1
2026-07-23 20:55:59.707525,614574,76,1,1.5
2026-07-23 20:55:59.707525,616077,20,1,2.0
2026-07-23 20:55:59.707525,616221,511,1,1.0
2026-07-23 20:55:59.707525,616222,396,1,1.7
2026-07-23 20:55:59.707525,620109,152,1,2.5
2026-07-23 20:55:59.707525,620487,63,1,2.2
2026-07-23 20:55:59.707525,624773,157,1,2.3
2026-07-23 20:55:59.707525,629397,192,1,1.0
2026-07-23 20:55:59.707525,631786,272,1,1.0
2026-07-23 20:55:59.707525,636852,462,1,1.5
2026-07-23 20:55:59.707525,640419,509,1,1.0
2026-07-23 20:55:59.707525,645618,50,1,1.0
2026-07-23 20:55:59.707525,647681,363,1,0.0
2026-07-23 20:55:59.707525,647850,138,1,1.8
2026-07-23 20:55:59.707525,649208,410,1,1.5
2026-07-23 20:55:59.707525,651426,203,1,2.2
2026-07-23 20:55:59.707525,653481,52,1,1.5
2026-07-23 20:55:59.707525,660392,225,1,0.0
2026-07-23 20:55:59.707525,661800,284,1,1.0
2026-07-23 20:55:59.707525,672492,221,1,1.0
2026-07-23 20:55:59.707525,684268,189,1,1.0
2026-07-23 20:55:59.707525,699989,550,1,1.5
2026-07-23 20:55:59.707525,700308,135,1,1.5
2026-07-23 21:00:28.73446,17761,229,1,2.8
2026-07-23 21:00:28.73446,21205,414,1,1.0
2026-07-23 21:00:28.73446,40383,58,1,1.0
2026-07-23 21:00:28.73446,49262,111,1,1.0
2026-07-23 21:00:28.73446,50093,302,1,1.0
2026-07-23 21:00:28.73446,50175,136,1,2.0
2026-07-23 21:00:28.73446,54469,64,1,1.7
2026-07-23 21:00:28.73446,56979,101,1,1.1
2026-07-23 21:00:28.73446,59735,325,1,1.5
2026-07-23 21:00:28.73446,60307,124,1,2.0
2026-07-23 21:00:28.73446,60689,490,1,2.0
2026-07-23 21:00:28.73446,67089,497,1,1.0
2026-07-23 21:00:28.73446,72147,29,1,2.0
2026-07-23 21:00:28.73446,75115,108,1,1.8
2026-07-23 21:00:28.73446,76357,266,1,1.5
2026-07-23 21:00:28.73446,78916,448,1,2.2
2026-07-23 21:00:28.73446,80178,178,1,1.0
2026-07-23 21:00:28.73446,80201,250,1,2.0
2026-07-23 21:00:28.73446,81441,443,1,2.0
2026-07-23 21:00:28.73446,83299,116,1,1.7
2026-07-23 21:00:28.73446,84450,544,1,2.0
2026-07-23 21:00:28.73446,85633,467,1,2.6
2026-07-23 21:00:28.73446,86873,251,1,1.0
2026-07-23 21:00:28.73446,88894,46,1,1.5
2026-07-23 21:00:28.73446,91651,406,1,2.0
2026-07-23 21:00:28.73446,93605,541,1,1.7
2026-07-23 21:00:28.73446,95658,418,1,2.2
2026-07-23 21:00:28.73446,97032,356,1,3.1
2026-07-23 21:00:28.73446,98747,442,1,2.6
2026-07-23 21:00:28.73446,98980,28,1,2.6
2026-07-23 21:00:28.73446,101188,30,1,1.7
2026-07-23 21:00:28.73446,101282,289,1,1.0
2026-07-23 21:00:28.73446,105666,274,1,2.0
2026-07-23 21:00:28.73446,105717,540,1,1.0
2026-07-23 21:00:28.73446,106611,231,1,2.2
2026-07-23 21:00:28.73446,106760,423,1,1.7
2026-07-23 21:00:28.73446,108413,212,1,1.0
2026-07-23 21:00:28.73446,108416,277,1,1.0
2026-07-23 21:00:28.73446,108813,300,1,2.0
2026-07-23 21:00:28.73446,109646,147,1,1.7
2026-07-23 21:00:28.73446,109745,2,1,2.6
2026-07-23 21:00:28.73446,110690,172,1,2.0
2026-07-23 21:00:28.73446,111234,226,1,3.3
2026-07-23 21:00:28.73446,111317,74,1,1.5
2026-07-23 21:00:28.73446,112520,301,1,1.0
2026-07-23 21:00:28.73446,114243,457,1,2.1
2026-07-23 21:00:28.73446,114283,238,1,2.3
2026-07-23 21:00:28.73446,115556,508,1,1.0
2026-07-23 21:00:28.73446,116535,350,1,3.3
2026-07-23 21:00:28.73446,119471,446,1,1.6
2026-07-23 21:00:28.73446,121709,199,1,2.0
2026-07-23 21:00:28.73446,122074,386,1,2.0
2026-07-23 21:00:28.73446,122798,502,1,1.7
2026-07-23 21:00:28.73446,122806,45,1,2.0
2026-07-23 21:00:28.73446,128295,21,1,1.5
2026-07-23 21:00:28.73446,135720,501,1,2.2
2026-07-23 21:00:28.73446,138001,228,1,2.0
2026-07-23 21:00:28.73446,141746,426,1,4.0
2026-07-23 21:00:28.73446,146426,279,1,1.0
2026-07-23 21:00:28.73446,147675,320,1,1.4
2026-07-23 21:00:28.73446,149484,33,1,1.7
2026-07-23 21:00:28.73446,149929,311,1,1.5
2026-07-23 21:00:28.73446,152551,213,1,1.5
2026-07-23 21:00:28.73446,153133,261,1,2.0
2026-07-23 21:00:28.73446,153366,270,1,1.0
2026-07-23 21:00:28.73446,153682,260,1,2.3
2026-07-23 21:00:28.73446,154561,1,1,4.0
2026-07-23 21:00:28.73446,154566,526,1,2.0
2026-07-23 21:00:28.73446,155405,408,1,1.5
2026-07-23 21:00:28.73446,155408,71,1,1.5
2026-07-23 21:00:28.73446,155503,352,1,1.0
2026-07-23 21:00:28.73446,158499,75,1,1.5
2026-07-23 21:00:28.73446,158983,374,1,1.1
2026-07-23 21:00:28.73446,159506,473,1,1.7
2026-07-23 21:00:28.73446,160817,285,1,1.0
2026-07-23 21:00:28.73446,166477,258,1,1.7
2026-07-23 21:00:28.73446,166989,43,1,1.6
2026-07-23 21:00:28.73446,167074,256,1,1.7
2026-07-23 21:00:28.73446,167512,539,1,1.0
2026-07-23 21:00:28.73446,167825,273,1,1.0
2026-07-23 21:00:28.73446,168144,184,1,1.5
2026-07-23 21:00:28.73446,168636,80,1,1.8
2026-07-23 21:00:28.73446,169432,295,1,1.8
2026-07-23 21:00:28.73446,169528,254,1,1.7
2026-07-23 21:00:28.73446,169593,555,1,1.0
2026-07-23 21:00:28.73446,171270,288,1,1.0
2026-07-23 21:00:28.73446,171287,359,1,2.2
2026-07-23 21:00:28.73446,171314,390,1,2.5
2026-07-23 21:00:28.73446,172453,319,1,1.5
2026-07-23 21:00:28.73446,172649,198,1,2.6
2026-07-23 21:00:28.73446,172780,515,1,2.3
2026-07-23 21:00:28.73446,173878,176,1,1.0
2026-07-23 21:00:28.73446,173879,56,1,0.0
2026-07-23 21:00:28.73446,174594,347,1,1.8
2026-07-23 21:00:28.73446,174874,253,1,0.0
2026-07-23 21:00:28.73446,176297,429,1,2.4
2026-07-23 21:00:28.73446,176412,193,1,1.8
2026-07-23 21:00:28.73446,176420,308,1,1.0
2026-07-23 21:00:28.73446,177815,346,1,2.0
2026-07-23 21:00:28.73446,178301,55,1,2.5
2026-07-23 21:00:28.73446,180135,339,1,1.5
2026-07-23 21:00:28.73446,180736,143,1,2.5
2026-07-23 21:00:28.73446,180974,458,1,1.5
2026-07-23 21:00:28.73446,183015,303,1,1.0
2026-07-23 21:00:28.73446,183656,103,1,1.5
2026-07-23 21:00:28.73446,184029,15,1,2.3
2026-07-23 21:00:28.73446,184254,494,1,2.0
2026-07-23 21:00:28.73446,184341,430,1,2.0
2026-07-23 21:00:28.73446,184349,269,1,1.7
2026-07-23 21:00:28.73446,184667,37,1,1.7
2026-07-23 21:00:28.73446,191866,87,1,1.7
2026-07-23 21:00:28.73446,193278,280,1,1.0
2026-07-23 21:00:28.73446,194010,89,1,1.7
2026-07-23 21:00:28.73446,195384,17,1,2.1
2026-07-23 21:00:28.73446,195546,41,1,2.1
2026-07-23 21:00:28.73446,198869,10,1,0.0
2026-07-23 21:00:28.73446,199598,338,1,2.0
2026-07-23 21:00:28.73446,199796,32,1,1.7
2026-07-23 21:00:28.73446,199798,31,1,1.7
2026-07-23 21:00:28.73446,200089,460,1,1.5
2026-07-23 21:00:28.73446,200617,343,1,1.5
2026-07-23 21:00:28.73446,200641,24,1,2.0
2026-07-23 21:00:28.73446,200720,82,1,2.6
2026-07-23 21:00:28.73446,200785,73,1,1.5
2026-07-23 21:00:28.73446,200834,533,1,2.5
2026-07-23 21:00:28.73446,201595,326,1,2.0
2026-07-23 21:00:28.73446,201658,68,1,2.1
2026-07-23 21:00:28.73446,201666,453,1,2.1
2026-07-23 21:00:28.73446,201895,535,1,2.2
2026-07-23 21:00:28.73446,202993,516,1,2.0
2026-07-23 21:00:28.73446,204120,114,1,1.7
2026-07-23 21:00:28.73446,204480,13,1,2.6
2026-07-23 21:00:28.73446,204580,98,1,1.5
2026-07-23 21:00:28.73446,204813,179,1,1.0
2026-07-23 21:00:28.73446,204822,476,1,1.0
2026-07-23 21:00:28.73446,204936,384,1,3.3
2026-07-23 21:00:28.73446,204968,489,1,1.0
2026-07-23 21:00:28.73446,205533,224,1,1.8
2026-07-23 21:00:28.73446,205651,27,1,2.0
2026-07-23 21:00:28.73446,206915,373,1,2.0
2026-07-23 21:00:28.73446,207189,265,1,1.5
2026-07-23 21:00:28.73446,207283,97,1,2.0
2026-07-23 21:00:28.73446,208481,292,1,1.5
2026-07-23 21:00:28.73446,208706,452,1,2.4
2026-07-23 21:00:28.73446,209036,388,1,2.8
2026-07-23 21:00:28.73446,209046,482,1,1.6
2026-07-23 21:00:28.73446,209244,398,1,2.4
2026-07-23 21:00:28.73446,209289,262,1,2.0
2026-07-23 21:00:28.73446,209365,416,1,0.0
2026-07-23 21:00:28.73446,209400,214,1,1.5
2026-07-23 21:00:28.73446,210156,492,1,1.8
2026-07-23 21:00:28.73446,210462,488,1,1.5
2026-07-23 21:00:28.73446,212314,267,1,1.5
2026-07-23 21:00:28.73446,212319,527,1,2.0
2026-07-23 21:00:28.73446,213292,296,1,1.5
2026-07-23 21:00:28.73446,214225,329,1,1.7
2026-07-23 21:00:28.73446,214285,364,1,2.2
2026-07-23 21:00:28.73446,214572,495,1,1.0
2026-07-23 21:00:28.73446,215059,140,1,2.6
2026-07-23 21:00:28.73446,215136,469,1,2.2
2026-07-23 21:00:28.73446,215379,481,1,2.3
2026-07-23 21:00:28.73446,215413,236,1,2.3
2026-07-23 21:00:28.73446,215711,44,1,2.0
2026-07-23 21:00:28.73446,216051,417,1,2.2
2026-07-23 21:00:28.73446,216094,357,1,2.5
2026-07-23 21:00:28.73446,216616,304,1,1.0
2026-07-23 21:00:28.73446,216646,464,1,2.0
2026-07-23 21:00:28.73446,218364,205,1,1.7
2026-07-23 21:00:28.73446,218997,195,1,1.4
2026-07-23 21:00:28.73446,219168,379,1,2.7
2026-07-23 21:00:28.73446,219249,126,1,2.0
2026-07-23 21:00:28.73446,219847,26,1,2.3
2026-07-23 21:00:28.73446,219924,259,1,1.0
2026-07-23 21:00:28.73446,220237,447,1,2.2
2026-07-23 21:00:28.73446,220362,153,1,1.7
2026-07-23 21:00:28.73446,220566,402,1,0.0
2026-07-23 21:00:28.73446,220583,180,1,1.0
2026-07-23 21:00:28.73446,220627,332,1,1.7
2026-07-23 21:00:28.73446,221389,468,1,2.0
2026-07-23 21:00:28.73446,221399,342,1,1.5
2026-07-23 21:00:28.73446,221466,498,1,2.8
2026-07-23 21:00:28.73446,221632,500,1,2.2
2026-07-23 21:00:28.73446,221820,419,1,2.2
2026-07-23 21:00:28.73446,222018,307,1,1.0
2026-07-23 21:00:28.73446,222531,480,1,2.8
2026-07-23 21:00:28.73446,222625,317,1,1.4
2026-07-23 21:00:28.73446,222683,70,1,2.1
2026-07-23 21:00:28.73446,222694,328,1,2.2
2026-07-23 21:00:28.73446,223094,411,1,4.0
2026-07-23 21:00:28.73446,223340,12,1,3.2
2026-07-23 21:00:28.73446,223434,118,1,1.7
2026-07-23 21:00:28.73446,223541,370,1,2.0
2026-07-23 21:00:28.73446,223827,532,1,2.2
2026-07-23 21:00:28.73446,224117,25,1,2.3
2026-07-23 21:00:28.73446,224967,233,1,1.7
2026-07-23 21:00:28.73446,225796,142,1,2.5
2026-07-23 21:00:28.73446,226182,330,1,1.7
2026-07-23 21:00:28.73446,226597,4,1,4.0
2026-07-23 21:00:28.73446,226944,47,1,1.1
2026-07-23 21:00:28.73446,226965,188,1,2.0
2026-07-23 21:00:28.73446,227444,471,1,2.5
2026-07-23 21:00:28.73446,229164,314,1,1.5
2026-07-23 21:00:28.73446,229600,227,1,2.6
2026-07-23 21:00:28.73446,230001,422,1,1.7
2026-07-23 21:00:28.73446,230730,194,1,1.4
2026-07-23 21:00:28.73446,231065,91,1,1.7
2026-07-23 21:00:28.73446,231416,113,1,1.7
2026-07-23 21:00:28.73446,231747,223,1,2.1
2026-07-23 21:00:28.73446,231899,312,1,1.0
2026-07-23 21:00:28.73446,232112,433,1,0.0
2026-07-23 21:00:28.73446,232185,208,1,2.3
2026-07-23 21:00:28.73446,232351,282,1,1.0
2026-07-23 21:00:28.73446,232413,14,1,2.3
2026-07-23 21:00:28.73446,232457,324,1,1.5
2026-07-23 21:00:28.73446,232571,530,1,1.0
2026-07-23 21:00:28.73446,232653,456,1,1.5
2026-07-23 21:00:28.73446,232787,519,1,2.0
2026-07-23 21:00:28.73446,232859,505,1,1.7
2026-07-23 21:00:28.73446,232892,257,1,1.7
2026-07-23 21:00:28.73446,232905,287,1,1.5
2026-07-23 21:00:28.73446,232928,239,1,2.1
2026-07-23 21:00:28.73446,235826,348,1,1.4
2026-07-23 21:00:28.73446,241117,310,1,1.5
2026-07-23 21:00:28.73446,241293,186,1,2.0
2026-07-23 21:00:28.73446,242313,207,1,1.7
2026-07-23 21:00:28.73446,242880,146,1,1.7
2026-07-23 21:00:28.73446,242882,62,1,2.2
2026-07-23 21:00:28.73446,242898,209,1,2.1
2026-07-23 21:00:28.73446,243016,372,1,2.0
2026-07-23 21:00:28.73446,243298,367,1,2.4
2026-07-23 21:00:28.73446,243413,290,1,1.0
2026-07-23 21:00:28.73446,243526,331,1,1.7
2026-07-23 21:00:28.73446,243571,234,1,1.7
2026-07-23 21:00:28.73446,244042,271,1,1.8
2026-07-23 21:00:28.73446,244723,204,1,1.7
2026-07-23 21:00:28.73446,244850,40,1,2.6
2026-07-23 21:00:28.73446,244851,154,1,3.2
2026-07-23 21:00:28.73446,244858,100,1,0.0
2026-07-23 21:00:28.73446,244860,247,1,2.0
2026-07-23 21:00:28.73446,244954,34,1,1.7
2026-07-23 21:00:28.73446,246301,255,1,1.7
2026-07-23 21:00:28.73446,247348,201,1,2.5
2026-07-23 21:00:28.73446,247412,222,1,2.0
2026-07-23 21:00:28.73446,247632,156,1,2.3
2026-07-23 21:00:28.73446,248056,345,1,1.5
2026-07-23 21:00:28.73446,248857,16,1,2.3
2026-07-23 21:00:28.73446,248875,400,1,2.6
2026-07-23 21:00:28.73446,249231,86,1,2.0
2026-07-23 21:00:28.73446,250199,487,1,1.5
2026-07-23 21:00:28.73446,424876,368,1,2.4
2026-07-23 21:00:28.73446,427623,202,1,2.2
2026-07-23 21:00:28.73446,427637,337,1,2.0
2026-07-23 21:00:28.73446,428580,104,1,1.5
2026-07-23 21:00:28.73446,430871,428,1,2.8
2026-07-23 21:00:28.73446,432422,455,1,2.0
2026-07-23 21:00:28.73446,432714,486,1,2.0
2026-07-23 21:00:28.73446,432720,385,1,2.6
2026-07-23 21:00:28.73446,432830,84,1,2.5
2026-07-23 21:00:28.73446,432987,354,1,1.0
2026-07-23 21:00:28.73446,433036,404,1,2.1
2026-07-23 21:00:28.73446,433154,241,1,2.0
2026-07-23 21:00:28.73446,433590,281,1,1.0
2026-07-23 21:00:28.73446,434399,536,1,1.7
2026-07-23 21:00:28.73446,434752,327,1,2.2
2026-07-23 21:00:28.73446,435997,336,1,2.1
2026-07-23 21:00:28.73446,436761,174,1,1.0
2026-07-23 21:00:28.73446,436893,65,1,1.7
2026-07-23 21:00:28.73446,437495,3,1,2.6
2026-07-23 21:00:28.73446,437499,200,1,2.8
2026-07-23 21:00:28.73446,437505,553,1,1.8
2026-07-23 21:00:28.73446,437730,397,1,2.9
2026-07-23 21:00:28.73446,437738,333,1,1.7
2026-07-23 21:00:28.73446,438098,23,1,2.0
2026-07-23 21:00:28.73446,438234,401,1,2.2
2026-07-23 21:00:28.73446,438464,218,1,1.5
2026-07-23 21:00:28.73446,439668,187,1,1.5
2026-07-23 21:00:28.73446,440089,96,1,2.0
2026-07-23 21:00:28.73446,440993,237,1,2.1
2026-07-23 21:00:28.73446,441164,499,1,2.5
2026-07-23 21:00:28.73446,441191,450,1,1.6
2026-07-23 21:00:28.73446,441264,552,1,2.0
2026-07-23 21:00:28.73446,441266,371,1,2.1
2026-07-23 21:00:28.73446,441302,36,1,1.7
2026-07-23 21:00:28.73446,443261,313,1,2.0
2026-07-23 21:00:28.73446,444102,79,1,2.0
2026-07-23 21:00:28.73446,444145,18,1,2.3
2026-07-23 21:00:28.73446,444172,59,1,1.0
2026-07-23 21:00:28.73446,444180,105,1,2.1
2026-07-23 21:00:28.73446,444307,276,1,1.0
2026-07-23 21:00:28.73446,444463,145,1,0.0
2026-07-23 21:00:28.73446,444765,85,1,2.2
2026-07-23 21:00:28.73446,444884,383,1,2.0
2026-07-23 21:00:28.73446,445044,521,1,0.0
2026-07-23 21:00:28.73446,445122,5,1,0.0
2026-07-23 21:00:28.73446,446008,427,1,2.8
2026-07-23 21:00:28.73446,448047,155,1,2.4
2026-07-23 21:00:28.73446,448089,54,1,2.0
2026-07-23 21:00:28.73446,448104,9,1,2.5
2026-07-23 21:00:28.73446,448514,392,1,2.5
2026-07-23 21:00:28.73446,449027,351,1,2.6
2026-07-23 21:00:28.73446,449428,283,1,1.0
2026-07-23 21:00:28.73446,449429,306,1,1.0
2026-07-23 21:00:28.73446,449434,454,1,2.1
2026-07-23 21:00:28.73446,449871,48,1,0.0
2026-07-23 21:00:28.73446,450542,219,1,1.5
2026-07-23 21:00:28.73446,451284,175,1,1.0
2026-07-23 21:00:28.73446,451302,413,1,2.0
2026-07-23 21:00:28.73446,451340,121,1,2.1
2026-07-23 21:00:28.73446,451490,119,1,1.7
2026-07-23 21:00:28.73446,454490,120,1,2.2
2026-07-23 21:00:28.73446,455084,305,1,1.0
2026-07-23 21:00:28.73446,456512,483,1,2.0
2026-07-23 21:00:28.73446,457569,57,1,2.0
2026-07-23 21:00:28.73446,458249,440,1,1.8
2026-07-23 21:00:28.73446,460028,149,1,2.2
2026-07-23 21:00:28.73446,460842,512,1,1.7
2026-07-23 21:00:28.73446,461102,173,1,1.0
2026-07-23 21:00:28.73446,461199,547,1,1.5
2026-07-23 21:00:28.73446,461587,323,1,1.0
2026-07-23 21:00:28.73446,462387,322,1,1.4
2026-07-23 21:00:28.73446,462424,6,1,0.0
2026-07-23 21:00:28.73446,462635,340,1,1.5
2026-07-23 21:00:28.73446,463034,167,1,1.8
2026-07-23 21:00:28.73446,463067,125,1,1.8
2026-07-23 21:00:28.73446,463936,158,1,2.1
2026-07-23 21:00:28.73446,463981,60,1,2.5
2026-07-23 21:00:28.73446,464353,355,1,1.0
2026-07-23 21:00:28.73446,465247,412,1,2.6
2026-07-23 21:00:28.73446,465351,389,1,2.8
2026-07-23 21:00:28.73446,465390,177,1,1.0
2026-07-23 21:00:28.73446,465525,291,1,0.0
2026-07-23 21:00:28.73446,465642,445,1,2.2
2026-07-23 21:00:28.73446,465680,493,1,1.8
2026-07-23 21:00:28.73446,465694,405,1,2.0
2026-07-23 21:00:28.73446,465730,115,1,1.7
2026-07-23 21:00:28.73446,466052,399,1,2.6
2026-07-23 21:00:28.73446,466075,8,1,2.5
2026-07-23 21:00:28.73446,466525,335,1,2.1
2026-07-23 21:00:28.73446,467779,130,1,2.2
2026-07-23 21:00:28.73446,469142,112,1,2.2
2026-07-23 21:00:28.73446,469247,49,1,1.5
2026-07-23 21:00:28.73446,469272,190,1,2.0
2026-07-23 21:00:28.73446,470294,297,1,1.0
2026-07-23 21:00:28.73446,470313,463,1,2.0
2026-07-23 21:00:28.73446,470315,478,1,1.7
2026-07-23 21:00:28.73446,472713,90,1,1.7
2026-07-23 21:00:28.73446,472739,110,1,2.0
2026-07-23 21:00:28.73446,472769,387,1,3.1
2026-07-23 21:00:28.73446,475168,165,1,2.3
2026-07-23 21:00:28.73446,476887,485,1,2.0
2026-07-23 21:00:28.73446,477064,395,1,1.7
2026-07-23 21:00:28.73446,477424,391,1,2.5
2026-07-23 21:00:28.73446,477547,538,1,1.0
2026-07-23 21:00:28.73446,477555,264,1,2.0
2026-07-23 21:00:28.73446,480455,230,1,2.5
2026-07-23 21:00:28.73446,480457,183,1,1.1
2026-07-23 21:00:28.73446,481624,318,1,2.0
2026-07-23 21:00:28.73446,481655,19,1,2.0
2026-07-23 21:00:28.73446,482442,518,1,1.5
2026-07-23 21:00:28.73446,482609,144,1,2.2
2026-07-23 21:00:28.73446,482973,491,1,2.0
2026-07-23 21:00:28.73446,484389,171,1,1.0
2026-07-23 21:00:28.73446,484420,542,1,2.1
2026-07-23 21:00:28.73446,485047,470,1,2.2
2026-07-23 21:00:28.73446,485055,496,1,2.0
2026-07-23 21:00:28.73446,485337,42,1,2.0
2026-07-23 21:00:28.73446,485711,439,1,1.7
2026-07-23 21:00:28.73446,486385,248,1,1.8
2026-07-23 21:00:28.73446,486520,344,1,1.5
2026-07-23 21:00:28.73446,486672,159,1,2.0
2026-07-23 21:00:28.73446,487053,506,1,1.7
2026-07-23 21:00:28.73446,487117,139,1,0.0
2026-07-23 21:00:28.73446,487676,534,1,1.7
2026-07-23 21:00:28.73446,487838,449,1,2.2
2026-07-23 21:00:28.73446,488024,211,1,2.0
2026-07-23 21:00:28.73446,489580,365,1,1.0
2026-07-23 21:00:28.73446,489639,109,1,2.0
2026-07-23 21:00:28.73446,489706,215,1,1.5
2026-07-23 21:00:28.73446,489888,77,1,1.5
2026-07-23 21:00:28.73446,490094,240,1,1.5
2026-07-23 21:00:28.73446,490145,528,1,1.0
2026-07-23 21:00:28.73446,490161,293,1,1.5
2026-07-23 21:00:28.73446,490881,436,1,1.5
2026-07-23 21:00:28.73446,491007,163,1,1.0
2026-07-23 21:00:28.73446,491279,503,1,2.2
2026-07-23 21:00:28.73446,491501,378,1,1.0
2026-07-23 21:00:28.73446,492498,191,1,1.0
2026-07-23 21:00:28.73446,492777,360,1,0.0
2026-07-23 21:00:28.73446,492859,341,1,1.5
2026-07-23 21:00:28.73446,493105,160,1,2.1
2026-07-23 21:00:28.73446,493250,431,1,2.1
2026-07-23 21:00:28.73446,493362,513,1,0.0
2026-07-23 21:00:28.73446,494307,394,1,2.2
2026-07-23 21:00:28.73446,494521,61,1,2.5
2026-07-23 21:00:28.73446,494595,366,1,2.6
2026-07-23 21:00:28.73446,494950,275,1,1.0
2026-07-23 21:00:28.73446,496208,72,1,1.5
2026-07-23 21:00:28.73446,496221,210,1,1.5
2026-07-23 21:00:28.73446,496661,245,1,2.0
2026-07-23 21:00:28.73446,498016,529,1,2.6
2026-07-23 21:00:28.73446,499169,7,1,2.0
2026-07-23 21:00:28.73446,499175,22,1,2.0
2026-07-23 21:00:28.73446,499300,235,1,1.0
2026-07-23 21:00:28.73446,499309,168,1,1.4
2026-07-23 21:00:28.73446,499604,67,1,2.3
2026-07-23 21:00:28.73446,499716,510,1,1.0
2026-07-23 21:00:28.73446,499721,523,1,1.5
2026-07-23 21:00:28.73446,499726,524,1,1.0
2026-07-23 21:00:28.73446,500040,11,1,2.5
2026-07-23 21:00:28.73446,500058,382,1,0.8
2026-07-23 21:00:28.73446,500151,475,1,0.0
2026-07-23 21:00:28.73446,500957,298,1,1.0
2026-07-23 21:00:28.73446,501390,309,1,1.5
2026-07-23 21:00:28.73446,501459,185,1,1.5
2026-07-23 21:00:28.73446,501902,278,1,1.0
2026-07-23 21:00:28.73446,502500,106,1,2.5
2026-07-23 21:00:28.73446,502697,243,1,1.5
2026-07-23 21:00:28.73446,503037,170,1,1.4
2026-07-23 21:00:28.73446,503139,69,1,2.1
2026-07-23 21:00:28.73446,503301,484,1,2.0
2026-07-23 21:00:28.73446,505079,252,1,1.0
2026-07-23 21:00:28.73446,507433,83,1,2.0
2026-07-23 21:00:28.73446,508395,102,1,1.5
2026-07-23 21:00:28.73446,508479,141,1,2.6
2026-07-23 21:00:28.73446,509416,129,1,2.0
2026-07-23 21:00:28.73446,510281,403,1,2.3
2026-07-23 21:00:28.73446,510663,380,1,0.0
2026-07-23 21:00:28.73446,511499,514,1,2.1
2026-07-23 21:00:28.73446,512462,232,1,2.2
2026-07-23 21:00:28.73446,513086,93,1,1.7
2026-07-23 21:00:28.73446,513418,94,1,2.1
2026-07-23 21:00:28.73446,513466,246,1,1.5
2026-07-23 21:00:28.73446,514254,127,1,1.5
2026-07-23 21:00:28.73446,514356,161,1,1.5
2026-07-23 21:00:28.73446,514514,381,1,1.5
2026-07-23 21:00:28.73446,515046,531,1,2.0
2026-07-23 21:00:28.73446,515597,35,1,1.5
2026-07-23 21:00:28.73446,515621,206,1,1.7
2026-07-23 21:00:28.73446,516895,432,1,2.0
2026-07-23 21:00:28.73446,517052,166,1,2.1
2026-07-23 21:00:28.73446,519440,361,1,1.0
2026-07-23 21:00:28.73446,519634,537,1,1.7
2026-07-23 21:00:28.73446,519913,438,1,1.0
2026-07-23 21:00:28.73446,522047,334,1,2.2
2026-07-23 21:00:28.73446,531442,315,1,2.0
2026-07-23 21:00:28.73446,532529,123,1,2.1
2026-07-23 21:00:28.73446,532605,162,1,1.5
2026-07-23 21:00:28.73446,533463,95,1,2.3
2026-07-23 21:00:28.73446,534392,299,1,1.0
2026-07-23 21:00:28.73446,535301,131,1,1.5
2026-07-23 21:00:28.73446,535818,546,1,1.5
2026-07-23 21:00:28.73446,535928,376,1,0.0
2026-07-23 21:00:28.73446,536661,551,1,1.5
2026-07-23 21:00:28.73446,536694,217,1,1.5
2026-07-23 21:00:28.73446,536916,128,1,1.5
2026-07-23 21:00:28.73446,538207,465,1,2.0
2026-07-23 21:00:28.73446,538638,479,1,1.0
2026-07-23 21:00:28.73446,539142,182,1,1.0
2026-07-23 21:00:28.73446,540324,286,1,1.5
2026-07-23 21:00:28.73446,543295,99,1,1.1
2026-07-23 21:00:28.73446,543968,316,1,1.8
2026-07-23 21:00:28.73446,544877,358,1,2.5
2026-07-23 21:00:28.73446,545477,451,1,1.0
2026-07-23 21:00:28.73446,546600,554,1,2.0
2026-07-23 21:00:28.73446,547027,543,1,2.0
2026-07-23 21:00:28.73446,547037,434,1,1.5
2026-07-23 21:00:28.73446,547676,425,1,1.0
2026-07-23 21:00:28.73446,547701,522,1,1.5
2026-07-23 21:00:28.73446,547719,459,1,0.0
2026-07-23 21:00:28.73446,548308,507,1,1.7
2026-07-23 21:00:28.73446,549067,477,1,1.0
2026-07-23 21:00:28.73446,549074,133,1,1.5
2026-07-23 21:00:28.73446,549653,197,1,1.0
2026-07-23 21:00:28.73446,549912,549,1,2.0
2026-07-23 21:00:28.73446,550090,117,1,1.7
2026-07-23 21:00:28.73446,550615,242,1,2.0
2026-07-23 21:00:28.73446,550839,517,1,0.0
2026-07-23 21:00:28.73446,550864,420,1,2.2
2026-07-23 21:00:28.73446,551210,148,1,1.7
2026-07-23 21:00:28.73446,551226,525,1,2.1
2026-07-23 21:00:28.73446,551262,196,1,1.4
2026-07-23 21:00:28.73446,551499,377,1,2.3
2026-07-23 21:00:28.73446,553783,294,1,1.0
2026-07-23 21:00:28.73446,554197,548,1,1.5
2026-07-23 21:00:28.73446,554578,444,1,2.0
2026-07-23 21:00:28.73446,556637,134,1,1.0
2026-07-23 21:00:28.73446,557012,321,1,1.0
2026-07-23 21:00:28.73446,560262,78,1,2.6
2026-07-23 21:00:28.73446,560552,263,1,2.0
2026-07-23 21:00:28.73446,561245,81,1,2.0
2026-07-23 21:00:28.73446,565297,349,1,1.0
2026-07-23 21:00:28.73446,567119,169,1,1.0
2026-07-23 21:00:28.73446,570241,92,1,1.7
2026-07-23 21:00:28.73446,570526,520,1,2.0
2026-07-23 21:00:28.73446,574458,150,1,1.7
2026-07-23 21:00:28.73446,575204,407,1,1.5
2026-07-23 21:00:28.73446,575458,474,1,1.7
2026-07-23 21:00:28.73446,575476,472,1,1.9
2026-07-23 21:00:28.73446,575901,66,1,1.0
2026-07-23 21:00:28.73446,576620,437,1,1.0
2026-07-23 21:00:28.73446,576628,435,1,1.5
2026-07-23 21:00:28.73446,577016,151,1,1.7
2026-07-23 21:00:28.73446,577285,51,1,1.0
2026-07-23 21:00:28.73446,577411,181,1,1.0
2026-07-23 21:00:28.73446,577669,545,1,1.5
2026-07-23 21:00:28.73446,577725,268,1,2.0
2026-07-23 21:00:28.73446,577974,424,1,1.0
2026-07-23 21:00:28.73446,578153,393,1,2.5
2026-07-23 21:00:28.73446,578545,39,1,1.0
2026-07-23 21:00:28.73446,586268,353,1,1.0
2026-07-23 21:00:28.73446,586309,249,1,1.8
2026-07-23 21:00:28.73446,590014,220,1,1.7
2026-07-23 21:00:28.73446,590039,409,1,1.0
2026-07-23 21:00:28.73446,591386,375,1,1.5
2026-07-23 21:00:28.73446,592031,122,1,2.1
2026-07-23 21:00:28.73446,593117,164,1,2.0
2026-07-23 21:00:28.73446,593174,107,1,1.0
2026-07-23 21:00:28.73446,596047,441,1,1.0
2026-07-23 21:00:28.73446,596777,415,1,2.1
2026-07-23 21:00:28.73446,597320,132,1,1.0
2026-07-23 21:00:28.73446,599303,466,1,1.0
2026-07-23 21:00:28.73446,606702,362,1,1.6
2026-07-23 21:00:28.73446,606745,421,1,1.7
2026-07-23 21:00:28.73446,606798,38,1,1.0
2026-07-23 21:00:28.73446,606921,216,1,1.5
2026-07-23 21:00:28.73446,607464,88,1,1.7
2026-07-23 21:00:28.73446,608181,137,1,1.3
2026-07-23 21:00:28.73446,609873,244,1,1.5
2026-07-23 21:00:28.73446,610799,504,1,2.2
2026-07-23 21:00:28.73446,611665,461,1,2.1
2026-07-23 21:00:28.73446,611922,369,1,2.1
2026-07-23 21:00:28.73446,614071,53,1,2.1
2026-07-23 21:00:28.73446,614574,76,1,1.5
2026-07-23 21:00:28.73446,616077,20,1,2.0
2026-07-23 21:00:28.73446,616221,511,1,1.0
2026-07-23 21:00:28.73446,616222,396,1,1.7
2026-07-23 21:00:28.73446,620109,152,1,2.5
2026-07-23 21:00:28.73446,620487,63,1,2.2
2026-07-23 21:00:28.73446,624773,157,1,2.3
2026-07-23 21:00:28.73446,629397,192,1,1.0
2026-07-23 21:00:28.73446,631786,272,1,1.0
2026-07-23 21:00:28.73446,636852,462,1,1.5
2026-07-23 21:00:28.73446,640419,509,1,1.0
2026-07-23 21:00:28.73446,645618,50,1,1.0
2026-07-23 21:00:28.73446,647681,363,1,0.0
2026-07-23 21:00:28.73446,647850,138,1,1.8
2026-07-23 21:00:28.73446,649208,410,1,1.5
2026-07-23 21:00:28.73446,651426,203,1,2.2
2026-07-23 21:00:28.73446,653481,52,1,1.5
2026-07-23 21:00:28.73446,660392,225,1,0.0
2026-07-23 21:00:28.73446,661800,284,1,1.0
2026-07-23 21:00:28.73446,672492,221,1,1.0
2026-07-23 21:00:28.73446,684268,189,1,1.0
2026-07-23 21:00:28.73446,699989,550,1,1.5
2026-07-23 21:00:28.73446,700308,135,1,1.5
2026-07-24 03:09:30.606002,17761,229,1,2.8
2026-07-24 03:09:30.606002,21205,414,1,1.0
2026-07-24 03:09:30.606002,40383,58,1,1.0
2026-07-24 03:09:30.606002,49262,111,1,1.0
2026-07-24 03:09:30.606002,50093,302,1,1.0
2026-07-24 03:09:30.606002,50175,136,1,2.0
2026-07-24 03:09:30.606002,54469,64,1,1.7
2026-07-24 03:09:30.606002,56979,101,1,1.1
2026-07-24 03:09:30.606002,59735,325,1,1.5
2026-07-24 03:09:30.606002,60307,124,1,2.0
2026-07-24 03:09:30.606002,60689,490,1,2.0
2026-07-24 03:09:30.606002,67089,497,1,1.0
2026-07-24 03:09:30.606002,72147,29,1,2.0
2026-07-24 03:09:30.606002,75115,108,1,1.8
2026-07-24 03:09:30.606002,76357,266,1,1.5
2026-07-24 03:09:30.606002,78916,448,1,2.2
2026-07-24 03:09:30.606002,80178,178,1,1.0
2026-07-24 03:09:30.606002,80201,250,1,2.0
2026-07-24 03:09:30.606002,81441,443,1,2.0
2026-07-24 03:09:30.606002,83299,116,1,1.7
2026-07-24 03:09:30.606002,84450,544,1,2.0
2026-07-24 03:09:30.606002,85633,467,1,2.6
2026-07-24 03:09:30.606002,86873,251,1,1.0
2026-07-24 03:09:30.606002,88894,46,1,1.5
2026-07-24 03:09:30.606002,91651,406,1,2.0
2026-07-24 03:09:30.606002,93605,541,1,1.7
2026-07-24 03:09:30.606002,95658,418,1,2.2
2026-07-24 03:09:30.606002,97032,356,1,3.1
2026-07-24 03:09:30.606002,98747,442,1,2.6
2026-07-24 03:09:30.606002,98980,28,1,2.6
2026-07-24 03:09:30.606002,101188,30,1,1.7
2026-07-24 03:09:30.606002,101282,289,1,1.0
2026-07-24 03:09:30.606002,105666,274,1,2.0
2026-07-24 03:09:30.606002,105717,540,1,1.0
2026-07-24 03:09:30.606002,106611,231,1,2.2
2026-07-24 03:09:30.606002,106760,423,1,1.7
2026-07-24 03:09:30.606002,108413,212,1,1.0
2026-07-24 03:09:30.606002,108416,277,1,1.0
2026-07-24 03:09:30.606002,108813,300,1,2.0
2026-07-24 03:09:30.606002,109646,147,1,1.7
2026-07-24 03:09:30.606002,109745,2,1,2.6
2026-07-24 03:09:30.606002,110690,172,1,2.0
2026-07-24 03:09:30.606002,111234,226,1,3.3
2026-07-24 03:09:30.606002,111317,74,1,1.5
2026-07-24 03:09:30.606002,112520,301,1,1.0
2026-07-24 03:09:30.606002,114243,457,1,2.1
2026-07-24 03:09:30.606002,114283,238,1,2.3
2026-07-24 03:09:30.606002,115556,508,1,1.0
2026-07-24 03:09:30.606002,116535,350,1,3.3
2026-07-24 03:09:30.606002,119471,446,1,1.6
2026-07-24 03:09:30.606002,121709,199,1,2.0
2026-07-24 03:09:30.606002,122074,386,1,2.0
2026-07-24 03:09:30.606002,122798,502,1,1.7
2026-07-24 03:09:30.606002,122806,45,1,2.0
2026-07-24 03:09:30.606002,128295,21,1,1.5
2026-07-24 03:09:30.606002,135720,501,1,2.2
2026-07-24 03:09:30.606002,138001,228,1,2.0
2026-07-24 03:09:30.606002,141746,426,1,4.0
2026-07-24 03:09:30.606002,146426,279,1,1.0
2026-07-24 03:09:30.606002,147675,320,1,1.4
2026-07-24 03:09:30.606002,149484,33,1,1.7
2026-07-24 03:09:30.606002,149929,311,1,1.5
2026-07-24 03:09:30.606002,152551,213,1,1.5
2026-07-24 03:09:30.606002,153133,261,1,2.0
2026-07-24 03:09:30.606002,153366,270,1,1.0
2026-07-24 03:09:30.606002,153682,260,1,2.3
2026-07-24 03:09:30.606002,154561,1,1,4.0
2026-07-24 03:09:30.606002,154566,526,1,2.0
2026-07-24 03:09:30.606002,155405,408,1,1.5
2026-07-24 03:09:30.606002,155408,71,1,1.5
2026-07-24 03:09:30.606002,155503,352,1,1.0
2026-07-24 03:09:30.606002,158499,75,1,1.5
2026-07-24 03:09:30.606002,158983,374,1,1.1
2026-07-24 03:09:30.606002,159506,473,1,1.7
2026-07-24 03:09:30.606002,160817,285,1,1.0
2026-07-24 03:09:30.606002,166477,258,1,1.7
2026-07-24 03:09:30.606002,166989,43,1,1.6
2026-07-24 03:09:30.606002,167074,256,1,1.7
2026-07-24 03:09:30.606002,167512,539,1,1.0
2026-07-24 03:09:30.606002,167825,273,1,1.0
2026-07-24 03:09:30.606002,168144,184,1,1.5
2026-07-24 03:09:30.606002,168636,80,1,1.8
2026-07-24 03:09:30.606002,169432,295,1,1.8
2026-07-24 03:09:30.606002,169528,254,1,1.7
2026-07-24 03:09:30.606002,169593,555,1,1.0
2026-07-24 03:09:30.606002,171270,288,1,1.0
2026-07-24 03:09:30.606002,171287,359,1,2.2
2026-07-24 03:09:30.606002,171314,390,1,2.5
2026-07-24 03:09:30.606002,172453,319,1,1.5
2026-07-24 03:09:30.606002,172649,198,1,2.6
2026-07-24 03:09:30.606002,172780,515,1,2.3
2026-07-24 03:09:30.606002,173878,176,1,1.0
2026-07-24 03:09:30.606002,173879,56,1,0.0
2026-07-24 03:09:30.606002,174594,347,1,1.8
2026-07-24 03:09:30.606002,174874,253,1,0.0
2026-07-24 03:09:30.606002,176297,429,1,2.4
2026-07-24 03:09:30.606002,176412,193,1,1.8
2026-07-24 03:09:30.606002,176420,308,1,1.0
2026-07-24 03:09:30.606002,177815,346,1,2.0
2026-07-24 03:09:30.606002,178301,55,1,2.5
2026-07-24 03:09:30.606002,180135,339,1,1.5
2026-07-24 03:09:30.606002,180736,143,1,2.5
2026-07-24 03:09:30.606002,180974,458,1,1.5
2026-07-24 03:09:30.606002,183015,303,1,1.0
2026-07-24 03:09:30.606002,183656,103,1,1.5
2026-07-24 03:09:30.606002,184029,15,1,2.3
2026-07-24 03:09:30.606002,184254,494,1,2.0
2026-07-24 03:09:30.606002,184341,430,1,2.0
2026-07-24 03:09:30.606002,184349,269,1,1.7
2026-07-24 03:09:30.606002,184667,37,1,1.7
2026-07-24 03:09:30.606002,191866,87,1,1.7
2026-07-24 03:09:30.606002,193278,280,1,1.0
2026-07-24 03:09:30.606002,194010,89,1,1.7
2026-07-24 03:09:30.606002,195384,17,1,2.1
2026-07-24 03:09:30.606002,195546,41,1,2.1
2026-07-24 03:09:30.606002,198869,10,1,0.0
2026-07-24 03:09:30.606002,199598,338,1,2.0
2026-07-24 03:09:30.606002,199796,32,1,1.7
2026-07-24 03:09:30.606002,199798,31,1,1.7
2026-07-24 03:09:30.606002,200089,460,1,1.5
2026-07-24 03:09:30.606002,200617,343,1,1.5
2026-07-24 03:09:30.606002,200641,24,1,2.0
2026-07-24 03:09:30.606002,200720,82,1,2.6
2026-07-24 03:09:30.606002,200785,73,1,1.5
2026-07-24 03:09:30.606002,200834,533,1,2.5
2026-07-24 03:09:30.606002,201595,326,1,2.0
2026-07-24 03:09:30.606002,201658,68,1,2.1
2026-07-24 03:09:30.606002,201666,453,1,2.1
2026-07-24 03:09:30.606002,201895,535,1,2.2
2026-07-24 03:09:30.606002,202993,516,1,2.0
2026-07-24 03:09:30.606002,204120,114,1,1.7
2026-07-24 03:09:30.606002,204480,13,1,2.6
2026-07-24 03:09:30.606002,204580,98,1,1.5
2026-07-24 03:09:30.606002,204813,179,1,1.0
2026-07-24 03:09:30.606002,204822,476,1,1.0
2026-07-24 03:09:30.606002,204936,384,1,3.3
2026-07-24 03:09:30.606002,204968,489,1,1.0
2026-07-24 03:09:30.606002,205533,224,1,1.8
2026-07-24 03:09:30.606002,205651,27,1,2.0
2026-07-24 03:09:30.606002,206915,373,1,2.0
2026-07-24 03:09:30.606002,207189,265,1,1.5
2026-07-24 03:09:30.606002,207283,97,1,2.0
2026-07-24 03:09:30.606002,208481,292,1,1.5
2026-07-24 03:09:30.606002,208706,452,1,2.4
2026-07-24 03:09:30.606002,209036,388,1,2.8
2026-07-24 03:09:30.606002,209046,482,1,1.6
2026-07-24 03:09:30.606002,209244,398,1,2.4
2026-07-24 03:09:30.606002,209289,262,1,2.0
2026-07-24 03:09:30.606002,209365,416,1,0.0
2026-07-24 03:09:30.606002,209400,214,1,1.5
2026-07-24 03:09:30.606002,210156,492,1,1.8
2026-07-24 03:09:30.606002,210462,488,1,1.5
2026-07-24 03:09:30.606002,212314,267,1,1.5
2026-07-24 03:09:30.606002,212319,527,1,2.0
2026-07-24 03:09:30.606002,213292,296,1,1.5
2026-07-24 03:09:30.606002,214225,329,1,1.7
2026-07-24 03:09:30.606002,214285,364,1,2.2
2026-07-24 03:09:30.606002,214572,495,1,1.0
2026-07-24 03:09:30.606002,215059,140,1,2.6
2026-07-24 03:09:30.606002,215136,469,1,2.2
2026-07-24 03:09:30.606002,215379,481,1,2.3
2026-07-24 03:09:30.606002,215413,236,1,2.3
2026-07-24 03:09:30.606002,215711,44,1,2.0
2026-07-24 03:09:30.606002,216051,417,1,2.2
2026-07-24 03:09:30.606002,216094,357,1,2.5
2026-07-24 03:09:30.606002,216616,304,1,1.0
2026-07-24 03:09:30.606002,216646,464,1,2.0
2026-07-24 03:09:30.606002,218364,205,1,1.7
2026-07-24 03:09:30.606002,218997,195,1,1.4
2026-07-24 03:09:30.606002,219168,379,1,2.7
2026-07-24 03:09:30.606002,219249,126,1,2.0
2026-07-24 03:09:30.606002,219847,26,1,2.3
2026-07-24 03:09:30.606002,219924,259,1,1.0
2026-07-24 03:09:30.606002,220237,447,1,2.2
2026-07-24 03:09:30.606002,220362,153,1,1.7
2026-07-24 03:09:30.606002,220566,402,1,0.0
2026-07-24 03:09:30.606002,220583,180,1,1.0
2026-07-24 03:09:30.606002,220627,332,1,1.7
2026-07-24 03:09:30.606002,221389,468,1,2.0
2026-07-24 03:09:30.606002,221399,342,1,1.5
2026-07-24 03:09:30.606002,221466,498,1,2.8
2026-07-24 03:09:30.606002,221632,500,1,2.2
2026-07-24 03:09:30.606002,221820,419,1,2.2
2026-07-24 03:09:30.606002,222018,307,1,1.0
2026-07-24 03:09:30.606002,222531,480,1,2.8
2026-07-24 03:09:30.606002,222625,317,1,1.4
2026-07-24 03:09:30.606002,222683,70,1,2.1
2026-07-24 03:09:30.606002,222694,328,1,2.2
2026-07-24 03:09:30.606002,223094,411,1,4.0
2026-07-24 03:09:30.606002,223340,12,1,3.2
2026-07-24 03:09:30.606002,223434,118,1,1.7
2026-07-24 03:09:30.606002,223541,370,1,2.0
2026-07-24 03:09:30.606002,223827,532,1,2.2
2026-07-24 03:09:30.606002,224117,25,1,2.3
2026-07-24 03:09:30.606002,224967,233,1,1.7
2026-07-24 03:09:30.606002,225796,142,1,2.5
2026-07-24 03:09:30.606002,226182,330,1,1.7
2026-07-24 03:09:30.606002,226597,4,1,4.0
2026-07-24 03:09:30.606002,226944,47,1,1.1
2026-07-24 03:09:30.606002,226965,188,1,2.0
2026-07-24 03:09:30.606002,227444,471,1,2.5
2026-07-24 03:09:30.606002,229164,314,1,1.5
2026-07-24 03:09:30.606002,229600,227,1,2.6
2026-07-24 03:09:30.606002,230001,422,1,1.7
2026-07-24 03:09:30.606002,230730,194,1,1.4
2026-07-24 03:09:30.606002,231065,91,1,1.7
2026-07-24 03:09:30.606002,231416,113,1,1.7
2026-07-24 03:09:30.606002,231747,223,1,2.1
2026-07-24 03:09:30.606002,231899,312,1,1.0
2026-07-24 03:09:30.606002,232112,433,1,0.0
2026-07-24 03:09:30.606002,232185,208,1,2.3
2026-07-24 03:09:30.606002,232351,282,1,1.0
2026-07-24 03:09:30.606002,232413,14,1,2.3
2026-07-24 03:09:30.606002,232457,324,1,1.5
2026-07-24 03:09:30.606002,232571,530,1,1.0
2026-07-24 03:09:30.606002,232653,456,1,1.5
2026-07-24 03:09:30.606002,232787,519,1,2.0
2026-07-24 03:09:30.606002,232859,505,1,1.7
2026-07-24 03:09:30.606002,232892,257,1,1.7
2026-07-24 03:09:30.606002,232905,287,1,1.5
2026-07-24 03:09:30.606002,232928,239,1,2.1
2026-07-24 03:09:30.606002,235826,348,1,1.4
2026-07-24 03:09:30.606002,241117,310,1,1.5
2026-07-24 03:09:30.606002,241293,186,1,2.0
2026-07-24 03:09:30.606002,242313,207,1,1.7
2026-07-24 03:09:30.606002,242880,146,1,1.7
2026-07-24 03:09:30.606002,242882,62,1,2.2
2026-07-24 03:09:30.606002,242898,209,1,2.1
2026-07-24 03:09:30.606002,243016,372,1,2.0
2026-07-24 03:09:30.606002,243298,367,1,2.4
2026-07-24 03:09:30.606002,243413,290,1,1.0
2026-07-24 03:09:30.606002,243526,331,1,1.7
2026-07-24 03:09:30.606002,243571,234,1,1.7
2026-07-24 03:09:30.606002,244042,271,1,1.8
2026-07-24 03:09:30.606002,244723,204,1,1.7
2026-07-24 03:09:30.606002,244850,40,1,2.6
2026-07-24 03:09:30.606002,244851,154,1,3.2
2026-07-24 03:09:30.606002,244858,100,1,0.0
2026-07-24 03:09:30.606002,244860,247,1,2.0
2026-07-24 03:09:30.606002,244954,34,1,1.7
2026-07-24 03:09:30.606002,246301,255,1,1.7
2026-07-24 03:09:30.606002,247348,201,1,2.5
2026-07-24 03:09:30.606002,247412,222,1,2.0
2026-07-24 03:09:30.606002,247632,156,1,2.3
2026-07-24 03:09:30.606002,248056,345,1,1.5
2026-07-24 03:09:30.606002,248857,16,1,2.3
2026-07-24 03:09:30.606002,248875,400,1,2.6
2026-07-24 03:09:30.606002,249231,86,1,2.0
2026-07-24 03:09:30.606002,250199,487,1,1.5
2026-07-24 03:09:30.606002,424876,368,1,2.4
2026-07-24 03:09:30.606002,427623,202,1,2.2
2026-07-24 03:09:30.606002,427637,337,1,2.0
2026-07-24 03:09:30.606002,428580,104,1,1.5
2026-07-24 03:09:30.606002,430871,428,1,2.8
2026-07-24 03:09:30.606002,432422,455,1,2.0
2026-07-24 03:09:30.606002,432714,486,1,2.0
2026-07-24 03:09:30.606002,432720,385,1,2.6
2026-07-24 03:09:30.606002,432830,84,1,2.5
2026-07-24 03:09:30.606002,432987,354,1,1.0
2026-07-24 03:09:30.606002,433036,404,1,2.1
2026-07-24 03:09:30.606002,433154,241,1,2.0
2026-07-24 03:09:30.606002,433590,281,1,1.0
2026-07-24 03:09:30.606002,434399,536,1,1.7
2026-07-24 03:09:30.606002,434752,327,1,2.2
2026-07-24 03:09:30.606002,435997,336,1,2.1
2026-07-24 03:09:30.606002,436761,174,1,1.0
2026-07-24 03:09:30.606002,436893,65,1,1.7
2026-07-24 03:09:30.606002,437495,3,1,2.6
2026-07-24 03:09:30.606002,437499,200,1,2.8
2026-07-24 03:09:30.606002,437505,553,1,1.8
2026-07-24 03:09:30.606002,437730,397,1,2.9
2026-07-24 03:09:30.606002,437738,333,1,1.7
2026-07-24 03:09:30.606002,438098,23,1,2.0
2026-07-24 03:09:30.606002,438234,401,1,2.2
2026-07-24 03:09:30.606002,438464,218,1,1.5
2026-07-24 03:09:30.606002,439668,187,1,1.5
2026-07-24 03:09:30.606002,440089,96,1,2.0
2026-07-24 03:09:30.606002,440993,237,1,2.1
2026-07-24 03:09:30.606002,441164,499,1,2.5
2026-07-24 03:09:30.606002,441191,450,1,1.6
2026-07-24 03:09:30.606002,441264,552,1,2.0
2026-07-24 03:09:30.606002,441266,371,1,2.1
2026-07-24 03:09:30.606002,441302,36,1,1.7
2026-07-24 03:09:30.606002,443261,313,1,2.0
2026-07-24 03:09:30.606002,444102,79,1,2.0
2026-07-24 03:09:30.606002,444145,18,1,2.3
2026-07-24 03:09:30.606002,444172,59,1,1.0
2026-07-24 03:09:30.606002,444180,105,1,2.1
2026-07-24 03:09:30.606002,444307,276,1,1.0
2026-07-24 03:09:30.606002,444463,145,1,0.0
2026-07-24 03:09:30.606002,444765,85,1,2.2
2026-07-24 03:09:30.606002,444884,383,1,2.0
2026-07-24 03:09:30.606002,445044,521,1,0.0
2026-07-24 03:09:30.606002,445122,5,1,0.0
2026-07-24 03:09:30.606002,446008,427,1,2.8
2026-07-24 03:09:30.606002,448047,155,1,2.4
2026-07-24 03:09:30.606002,448089,54,1,2.0
2026-07-24 03:09:30.606002,448104,9,1,2.5
2026-07-24 03:09:30.606002,448514,392,1,2.5
2026-07-24 03:09:30.606002,449027,351,1,2.6
2026-07-24 03:09:30.606002,449428,283,1,1.0
2026-07-24 03:09:30.606002,449429,306,1,1.0
2026-07-24 03:09:30.606002,449434,454,1,2.1
2026-07-24 03:09:30.606002,449871,48,1,0.0
2026-07-24 03:09:30.606002,450542,219,1,1.5
2026-07-24 03:09:30.606002,451284,175,1,1.0
2026-07-24 03:09:30.606002,451302,413,1,2.0
2026-07-24 03:09:30.606002,451340,121,1,2.1
2026-07-24 03:09:30.606002,451490,119,1,1.7
2026-07-24 03:09:30.606002,454490,120,1,2.2
2026-07-24 03:09:30.606002,455084,305,1,1.0
2026-07-24 03:09:30.606002,456512,483,1,2.0
2026-07-24 03:09:30.606002,457569,57,1,2.0
2026-07-24 03:09:30.606002,458249,440,1,1.8
2026-07-24 03:09:30.606002,460028,149,1,2.2
2026-07-24 03:09:30.606002,460842,512,1,1.7
2026-07-24 03:09:30.606002,461102,173,1,1.0
2026-07-24 03:09:30.606002,461199,547,1,1.5
2026-07-24 03:09:30.606002,461587,323,1,1.0
2026-07-24 03:09:30.606002,462387,322,1,1.4
2026-07-24 03:09:30.606002,462424,6,1,0.0
2026-07-24 03:09:30.606002,462635,340,1,1.5
2026-07-24 03:09:30.606002,463034,167,1,1.8
2026-07-24 03:09:30.606002,463067,125,1,1.8
2026-07-24 03:09:30.606002,463936,158,1,2.1
2026-07-24 03:09:30.606002,463981,60,1,2.5
2026-07-24 03:09:30.606002,464353,355,1,1.0
2026-07-24 03:09:30.606002,465247,412,1,2.6
2026-07-24 03:09:30.606002,465351,389,1,2.8
2026-07-24 03:09:30.606002,465390,177,1,1.0
2026-07-24 03:09:30.606002,465525,291,1,0.0
2026-07-24 03:09:30.606002,465642,445,1,2.2
2026-07-24 03:09:30.606002,465680,493,1,1.8
2026-07-24 03:09:30.606002,465694,405,1,2.0
2026-07-24 03:09:30.606002,465730,115,1,1.7
2026-07-24 03:09:30.606002,466052,399,1,2.6
2026-07-24 03:09:30.606002,466075,8,1,2.5
2026-07-24 03:09:30.606002,466525,335,1,2.1
2026-07-24 03:09:30.606002,467779,130,1,2.2
2026-07-24 03:09:30.606002,469142,112,1,2.2
2026-07-24 03:09:30.606002,469247,49,1,1.5
2026-07-24 03:09:30.606002,469272,190,1,2.0
2026-07-24 03:09:30.606002,470294,297,1,1.0
2026-07-24 03:09:30.606002,470313,463,1,2.0
2026-07-24 03:09:30.606002,470315,478,1,1.7
2026-07-24 03:09:30.606002,472713,90,1,1.7
2026-07-24 03:09:30.606002,472739,110,1,2.0
2026-07-24 03:09:30.606002,472769,387,1,3.1
2026-07-24 03:09:30.606002,475168,165,1,2.3
2026-07-24 03:09:30.606002,476887,485,1,2.0
2026-07-24 03:09:30.606002,477064,395,1,1.7
2026-07-24 03:09:30.606002,477424,391,1,2.5
2026-07-24 03:09:30.606002,477547,538,1,1.0
2026-07-24 03:09:30.606002,477555,264,1,2.0
2026-07-24 03:09:30.606002,480455,230,1,2.5
2026-07-24 03:09:30.606002,480457,183,1,1.1
2026-07-24 03:09:30.606002,481624,318,1,2.0
2026-07-24 03:09:30.606002,481655,19,1,2.0
2026-07-24 03:09:30.606002,482442,518,1,1.5
2026-07-24 03:09:30.606002,482609,144,1,2.2
2026-07-24 03:09:30.606002,482973,491,1,2.0
2026-07-24 03:09:30.606002,484389,171,1,1.0
2026-07-24 03:09:30.606002,484420,542,1,2.1
2026-07-24 03:09:30.606002,485047,470,1,2.2
2026-07-24 03:09:30.606002,485055,496,1,2.0
2026-07-24 03:09:30.606002,485337,42,1,2.0
2026-07-24 03:09:30.606002,485711,439,1,1.7
2026-07-24 03:09:30.606002,486385,248,1,1.8
2026-07-24 03:09:30.606002,486520,344,1,1.5
2026-07-24 03:09:30.606002,486672,159,1,2.0
2026-07-24 03:09:30.606002,487053,506,1,1.7
2026-07-24 03:09:30.606002,487117,139,1,0.0
2026-07-24 03:09:30.606002,487676,534,1,1.7
2026-07-24 03:09:30.606002,487838,449,1,2.2
2026-07-24 03:09:30.606002,488024,211,1,2.0
2026-07-24 03:09:30.606002,489580,365,1,1.0
2026-07-24 03:09:30.606002,489639,109,1,2.0
2026-07-24 03:09:30.606002,489706,215,1,1.5
2026-07-24 03:09:30.606002,489888,77,1,1.5
2026-07-24 03:09:30.606002,490094,240,1,1.5
2026-07-24 03:09:30.606002,490145,528,1,1.0
2026-07-24 03:09:30.606002,490161,293,1,1.5
2026-07-24 03:09:30.606002,490881,436,1,1.5
2026-07-24 03:09:30.606002,491007,163,1,1.0
2026-07-24 03:09:30.606002,491279,503,1,2.2
2026-07-24 03:09:30.606002,491501,378,1,1.0
2026-07-24 03:09:30.606002,492498,191,1,1.0
2026-07-24 03:09:30.606002,492777,360,1,0.0
2026-07-24 03:09:30.606002,492859,341,1,1.5
2026-07-24 03:09:30.606002,493105,160,1,2.1
2026-07-24 03:09:30.606002,493250,431,1,2.1
2026-07-24 03:09:30.606002,493362,513,1,0.0
2026-07-24 03:09:30.606002,494307,394,1,2.2
2026-07-24 03:09:30.606002,494521,61,1,2.5
2026-07-24 03:09:30.606002,494595,366,1,2.6
2026-07-24 03:09:30.606002,494950,275,1,1.0
2026-07-24 03:09:30.606002,496208,72,1,1.5
2026-07-24 03:09:30.606002,496221,210,1,1.5
2026-07-24 03:09:30.606002,496661,245,1,2.0
2026-07-24 03:09:30.606002,498016,529,1,2.6
2026-07-24 03:09:30.606002,499169,7,1,2.0
2026-07-24 03:09:30.606002,499175,22,1,2.0
2026-07-24 03:09:30.606002,499300,235,1,1.0
2026-07-24 03:09:30.606002,499309,168,1,1.4
2026-07-24 03:09:30.606002,499604,67,1,2.3
2026-07-24 03:09:30.606002,499716,510,1,1.0
2026-07-24 03:09:30.606002,499721,523,1,1.5
2026-07-24 03:09:30.606002,499726,524,1,1.0
2026-07-24 03:09:30.606002,500040,11,1,2.5
2026-07-24 03:09:30.606002,500058,382,1,0.8
2026-07-24 03:09:30.606002,500151,475,1,0.0
2026-07-24 03:09:30.606002,500957,298,1,1.0
2026-07-24 03:09:30.606002,501390,309,1,1.5
2026-07-24 03:09:30.606002,501459,185,1,1.5
2026-07-24 03:09:30.606002,501902,278,1,1.0
2026-07-24 03:09:30.606002,502500,106,1,2.5
2026-07-24 03:09:30.606002,502697,243,1,1.5
2026-07-24 03:09:30.606002,503037,170,1,1.4
2026-07-24 03:09:30.606002,503139,69,1,2.1
2026-07-24 03:09:30.606002,503301,484,1,2.0
2026-07-24 03:09:30.606002,505079,252,1,1.0
2026-07-24 03:09:30.606002,507433,83,1,2.0
2026-07-24 03:09:30.606002,508395,102,1,1.5
2026-07-24 03:09:30.606002,508479,141,1,2.6
2026-07-24 03:09:30.606002,509416,129,1,2.0
2026-07-24 03:09:30.606002,510281,403,1,2.3
2026-07-24 03:09:30.606002,510663,380,1,0.0
2026-07-24 03:09:30.606002,511499,514,1,2.1
2026-07-24 03:09:30.606002,512462,232,1,2.2
2026-07-24 03:09:30.606002,513086,93,1,1.7
2026-07-24 03:09:30.606002,513418,94,1,2.1
2026-07-24 03:09:30.606002,513466,246,1,1.5
2026-07-24 03:09:30.606002,514254,127,1,1.5
2026-07-24 03:09:30.606002,514356,161,1,1.5
2026-07-24 03:09:30.606002,514514,381,1,1.5
2026-07-24 03:09:30.606002,515046,531,1,2.0
2026-07-24 03:09:30.606002,515597,35,1,1.5
2026-07-24 03:09:30.606002,515621,206,1,1.7
2026-07-24 03:09:30.606002,516895,432,1,2.0
2026-07-24 03:09:30.606002,517052,166,1,2.1
2026-07-24 03:09:30.606002,519440,361,1,1.0
2026-07-24 03:09:30.606002,519634,537,1,1.7
2026-07-24 03:09:30.606002,519913,438,1,1.0
2026-07-24 03:09:30.606002,522047,334,1,2.2
2026-07-24 03:09:30.606002,531442,315,1,2.0
2026-07-24 03:09:30.606002,532529,123,1,2.1
2026-07-24 03:09:30.606002,532605,162,1,1.5
2026-07-24 03:09:30.606002,533463,95,1,2.3
2026-07-24 03:09:30.606002,534392,299,1,1.0
2026-07-24 03:09:30.606002,535301,131,1,1.5
2026-07-24 03:09:30.606002,535818,546,1,1.5
2026-07-24 03:09:30.606002,535928,376,1,0.0
2026-07-24 03:09:30.606002,536661,551,1,1.5
2026-07-24 03:09:30.606002,536694,217,1,1.5
2026-07-24 03:09:30.606002,536916,128,1,1.5
2026-07-24 03:09:30.606002,538207,465,1,2.0
2026-07-24 03:09:30.606002,538638,479,1,1.0
2026-07-24 03:09:30.606002,539142,182,1,1.0
2026-07-24 03:09:30.606002,540324,286,1,1.5
2026-07-24 03:09:30.606002,543295,99,1,1.1
2026-07-24 03:09:30.606002,543968,316,1,1.8
2026-07-24 03:09:30.606002,544877,358,1,2.5
2026-07-24 03:09:30.606002,545477,451,1,1.0
2026-07-24 03:09:30.606002,546600,554,1,2.0
2026-07-24 03:09:30.606002,547027,543,1,2.0
2026-07-24 03:09:30.606002,547037,434,1,1.5
2026-07-24 03:09:30.606002,547676,425,1,1.0
2026-07-24 03:09:30.606002,547701,522,1,1.5
2026-07-24 03:09:30.606002,547719,459,1,0.0
2026-07-24 03:09:30.606002,548308,507,1,1.7
2026-07-24 03:09:30.606002,549067,477,1,1.0
2026-07-24 03:09:30.606002,549074,133,1,1.5
2026-07-24 03:09:30.606002,549653,197,1,1.0
2026-07-24 03:09:30.606002,549912,549,1,2.0
2026-07-24 03:09:30.606002,550090,117,1,1.7
2026-07-24 03:09:30.606002,550615,242,1,2.0
2026-07-24 03:09:30.606002,550839,517,1,0.0
2026-07-24 03:09:30.606002,550864,420,1,2.2
2026-07-24 03:09:30.606002,551210,148,1,1.7
2026-07-24 03:09:30.606002,551226,525,1,2.1
2026-07-24 03:09:30.606002,551262,196,1,1.4
2026-07-24 03:09:30.606002,551499,377,1,2.3
2026-07-24 03:09:30.606002,553783,294,1,1.0
2026-07-24 03:09:30.606002,554197,548,1,1.5
2026-07-24 03:09:30.606002,554578,444,1,2.0
2026-07-24 03:09:30.606002,556637,134,1,1.0
2026-07-24 03:09:30.606002,557012,321,1,1.0
2026-07-24 03:09:30.606002,560262,78,1,2.6
2026-07-24 03:09:30.606002,560552,263,1,2.0
2026-07-24 03:09:30.606002,561245,81,1,2.0
2026-07-24 03:09:30.606002,565297,349,1,1.0
2026-07-24 03:09:30.606002,567119,169,1,1.0
2026-07-24 03:09:30.606002,570241,92,1,1.7
2026-07-24 03:09:30.606002,570526,520,1,2.0
2026-07-24 03:09:30.606002,574458,150,1,1.7
2026-07-24 03:09:30.606002,575204,407,1,1.5
2026-07-24 03:09:30.606002,575458,474,1,1.7
2026-07-24 03:09:30.606002,575476,472,1,1.9
2026-07-24 03:09:30.606002,575901,66,1,1.0
2026-07-24 03:09:30.606002,576620,437,1,1.0
2026-07-24 03:09:30.606002,576628,435,1,1.5
2026-07-24 03:09:30.606002,577016,151,1,1.7
2026-07-24 03:09:30.606002,577285,51,1,1.0
2026-07-24 03:09:30.606002,577411,181,1,1.0
2026-07-24 03:09:30.606002,577669,545,1,1.5
2026-07-24 03:09:30.606002,577725,268,1,2.0
2026-07-24 03:09:30.606002,577974,424,1,1.0
2026-07-24 03:09:30.606002,578153,393,1,2.5
2026-07-24 03:09:30.606002,578545,39,1,1.0
2026-07-24 03:09:30.606002,586268,353,1,1.0
2026-07-24 03:09:30.606002,586309,249,1,1.8
2026-07-24 03:09:30.606002,590014,220,1,1.7
2026-07-24 03:09:30.606002,590039,409,1,1.0
2026-07-24 03:09:30.606002,591386,375,1,1.5
2026-07-24 03:09:30.606002,592031,122,1,2.1
2026-07-24 03:09:30.606002,593117,164,1,2.0
2026-07-24 03:09:30.606002,593174,107,1,1.0
2026-07-24 03:09:30.606002,596047,441,1,1.0
2026-07-24 03:09:30.606002,596777,415,1,2.1
2026-07-24 03:09:30.606002,597320,132,1,1.0
2026-07-24 03:09:30.606002,599303,466,1,1.0
2026-07-24 03:09:30.606002,606702,362,1,1.6
2026-07-24 03:09:30.606002,606745,421,1,1.7
2026-07-24 03:09:30.606002,606798,38,1,1.0
2026-07-24 03:09:30.606002,606921,216,1,1.5
2026-07-24 03:09:30.606002,607464,88,1,1.7
2026-07-24 03:09:30.606002,608181,137,1,1.3
2026-07-24 03:09:30.606002,609873,244,1,1.5
2026-07-24 03:09:30.606002,610799,504,1,2.2
2026-07-24 03:09:30.606002,611665,461,1,2.1
2026-07-24 03:09:30.606002,611922,369,1,2.1
2026-07-24 03:09:30.606002,614071,53,1,2.1
2026-07-24 03:09:30.606002,614574,76,1,1.5
2026-07-24 03:09:30.606002,616077,20,1,2.0
2026-07-24 03:09:30.606002,616221,511,1,1.0
2026-07-24 03:09:30.606002,616222,396,1,1.7
2026-07-24 03:09:30.606002,620109,152,1,2.5
2026-07-24 03:09:30.606002,620487,63,1,2.2
2026-07-24 03:09:30.606002,624773,157,1,2.3
2026-07-24 03:09:30.606002,629397,192,1,1.0
2026-07-24 03:09:30.606002,631786,272,1,1.0
2026-07-24 03:09:30.606002,636852,462,1,1.5
2026-07-24 03:09:30.606002,640419,509,1,1.0
2026-07-24 03:09:30.606002,645618,50,1,1.0
2026-07-24 03:09:30.606002,647681,363,1,0.0
2026-07-24 03:09:30.606002,647850,138,1,1.8
2026-07-24 03:09:30.606002,649208,410,1,1.5
2026-07-24 03:09:30.606002,651426,203,1,2.2
2026-07-24 03:09:30.606002,653481,52,1,1.5
2026-07-24 03:09:30.606002,660392,225,1,0.0
2026-07-24 03:09:30.606002,661800,284,1,1.0
2026-07-24 03:09:30.606002,672492,221,1,1.0
2026-07-24 03:09:30.606002,684268,189,1,1.0
2026-07-24 03:09:30.606002,699989,550,1,1.5
2026-07-24 03:09:30.606002,700308,135,1,1.5
2026-07-24 08:06:46.635659,17761,229,1,2.8
2026-07-24 08:06:46.635659,21205,414,1,1.0
2026-07-24 08:06:46.635659,40383,58,1,1.0
2026-07-24 08:06:46.635659,49262,111,1,1.0
2026-07-24 08:06:46.635659,50093,302,1,1.0
2026-07-24 08:06:46.635659,50175,136,1,2.0
2026-07-24 08:06:46.635659,54469,64,1,1.7
2026-07-24 08:06:46.635659,56979,101,1,1.1
2026-07-24 08:06:46.635659,59735,325,1,1.5
2026-07-24 08:06:46.635659,60307,124,1,2.0
2026-07-24 08:06:46.635659,60689,490,1,2.0
2026-07-24 08:06:46.635659,67089,497,1,1.0
2026-07-24 08:06:46.635659,72147,29,1,2.0
2026-07-24 08:06:46.635659,75115,108,1,1.8
2026-07-24 08:06:46.635659,76357,266,1,1.5
2026-07-24 08:06:46.635659,78916,448,1,2.2
2026-07-24 08:06:46.635659,80178,178,1,1.0
2026-07-24 08:06:46.635659,80201,250,1,2.0
2026-07-24 08:06:46.635659,81441,443,1,2.0
2026-07-24 08:06:46.635659,83299,116,1,1.7
2026-07-24 08:06:46.635659,84450,544,1,2.0
2026-07-24 08:06:46.635659,85633,467,1,2.6
2026-07-24 08:06:46.635659,86873,251,1,1.0
2026-07-24 08:06:46.635659,88894,46,1,1.5
2026-07-24 08:06:46.635659,91651,406,1,2.0
2026-07-24 08:06:46.635659,93605,541,1,1.7
2026-07-24 08:06:46.635659,95658,418,1,2.2
2026-07-24 08:06:46.635659,97032,356,1,3.1
2026-07-24 08:06:46.635659,98747,442,1,2.6
2026-07-24 08:06:46.635659,98980,28,1,2.6
2026-07-24 08:06:46.635659,101188,30,1,1.7
2026-07-24 08:06:46.635659,101282,289,1,1.0
2026-07-24 08:06:46.635659,105666,274,1,2.0
2026-07-24 08:06:46.635659,105717,540,1,1.0
2026-07-24 08:06:46.635659,106611,231,1,2.2
2026-07-24 08:06:46.635659,106760,423,1,1.7
2026-07-24 08:06:46.635659,108413,212,1,1.0
2026-07-24 08:06:46.635659,108416,277,1,1.0
2026-07-24 08:06:46.635659,108813,300,1,2.0
2026-07-24 08:06:46.635659,109646,147,1,1.7
2026-07-24 08:06:46.635659,109745,2,1,2.6
2026-07-24 08:06:46.635659,110690,172,1,2.0
2026-07-24 08:06:46.635659,111234,226,1,3.3
2026-07-24 08:06:46.635659,111317,74,1,1.5
2026-07-24 08:06:46.635659,112520,301,1,1.0
2026-07-24 08:06:46.635659,114243,457,1,2.1
2026-07-24 08:06:46.635659,114283,238,1,2.3
2026-07-24 08:06:46.635659,115556,508,1,1.0
2026-07-24 08:06:46.635659,116535,350,1,3.3
2026-07-24 08:06:46.635659,119471,446,1,1.6
2026-07-24 08:06:46.635659,121709,199,1,2.0
2026-07-24 08:06:46.635659,122074,386,1,2.0
2026-07-24 08:06:46.635659,122798,502,1,1.7
2026-07-24 08:06:46.635659,122806,45,1,2.0
2026-07-24 08:06:46.635659,128295,21,1,1.5
2026-07-24 08:06:46.635659,135720,501,1,2.2
2026-07-24 08:06:46.635659,138001,228,1,2.0
2026-07-24 08:06:46.635659,141746,426,1,4.0
2026-07-24 08:06:46.635659,146426,279,1,1.0
2026-07-24 08:06:46.635659,147675,320,1,1.4
2026-07-24 08:06:46.635659,149484,33,1,1.7
2026-07-24 08:06:46.635659,149929,311,1,1.5
2026-07-24 08:06:46.635659,152551,213,1,1.5
2026-07-24 08:06:46.635659,153133,261,1,2.0
2026-07-24 08:06:46.635659,153366,270,1,1.0
2026-07-24 08:06:46.635659,153682,260,1,2.3
2026-07-24 08:06:46.635659,154561,1,1,4.0
2026-07-24 08:06:46.635659,154566,526,1,2.0
2026-07-24 08:06:46.635659,155405,408,1,1.5
2026-07-24 08:06:46.635659,155408,71,1,1.5
2026-07-24 08:06:46.635659,155503,352,1,1.0
2026-07-24 08:06:46.635659,158499,75,1,1.5
2026-07-24 08:06:46.635659,158983,374,1,1.1
2026-07-24 08:06:46.635659,159506,473,1,1.7
2026-07-24 08:06:46.635659,160817,285,1,1.0
2026-07-24 08:06:46.635659,166477,258,1,1.7
2026-07-24 08:06:46.635659,166989,43,1,1.6
2026-07-24 08:06:46.635659,167074,256,1,1.7
2026-07-24 08:06:46.635659,167512,539,1,1.0
2026-07-24 08:06:46.635659,167825,273,1,1.0
2026-07-24 08:06:46.635659,168144,184,1,1.5
2026-07-24 08:06:46.635659,168636,80,1,1.8
2026-07-24 08:06:46.635659,169432,295,1,1.8
2026-07-24 08:06:46.635659,169528,254,1,1.7
2026-07-24 08:06:46.635659,169593,555,1,1.0
2026-07-24 08:06:46.635659,171270,288,1,1.0
2026-07-24 08:06:46.635659,171287,359,1,2.2
2026-07-24 08:06:46.635659,171314,390,1,2.5
2026-07-24 08:06:46.635659,172453,319,1,1.5
2026-07-24 08:06:46.635659,172649,198,1,2.6
2026-07-24 08:06:46.635659,172780,515,1,2.3
2026-07-24 08:06:46.635659,173878,176,1,1.0
2026-07-24 08:06:46.635659,173879,56,1,0.0
2026-07-24 08:06:46.635659,174594,347,1,1.8
2026-07-24 08:06:46.635659,174874,253,1,0.0
2026-07-24 08:06:46.635659,176297,429,1,2.4
2026-07-24 08:06:46.635659,176412,193,1,1.8
2026-07-24 08:06:46.635659,176420,308,1,1.0
2026-07-24 08:06:46.635659,177815,346,1,2.0
2026-07-24 08:06:46.635659,178301,55,1,2.5
2026-07-24 08:06:46.635659,180135,339,1,1.5
2026-07-24 08:06:46.635659,180736,143,1,2.5
2026-07-24 08:06:46.635659,180974,458,1,1.5
2026-07-24 08:06:46.635659,183015,303,1,1.0
2026-07-24 08:06:46.635659,183656,103,1,1.5
2026-07-24 08:06:46.635659,184029,15,1,2.3
2026-07-24 08:06:46.635659,184254,494,1,2.0
2026-07-24 08:06:46.635659,184341,430,1,2.0
2026-07-24 08:06:46.635659,184349,269,1,1.7
2026-07-24 08:06:46.635659,184667,37,1,1.7
2026-07-24 08:06:46.635659,191866,87,1,1.7
2026-07-24 08:06:46.635659,193278,280,1,1.0
2026-07-24 08:06:46.635659,194010,89,1,1.7
2026-07-24 08:06:46.635659,195384,17,1,2.1
2026-07-24 08:06:46.635659,195546,41,1,2.1
2026-07-24 08:06:46.635659,198869,10,1,0.0
2026-07-24 08:06:46.635659,199598,338,1,2.0
2026-07-24 08:06:46.635659,199796,32,1,1.7
2026-07-24 08:06:46.635659,199798,31,1,1.7
2026-07-24 08:06:46.635659,200089,460,1,1.5
2026-07-24 08:06:46.635659,200617,343,1,1.5
2026-07-24 08:06:46.635659,200641,24,1,2.0
2026-07-24 08:06:46.635659,200720,82,1,2.6
2026-07-24 08:06:46.635659,200785,73,1,1.5
2026-07-24 08:06:46.635659,200834,533,1,2.5
2026-07-24 08:06:46.635659,201595,326,1,2.0
2026-07-24 08:06:46.635659,201658,68,1,2.1
2026-07-24 08:06:46.635659,201666,453,1,2.1
2026-07-24 08:06:46.635659,201895,535,1,2.2
2026-07-24 08:06:46.635659,202993,516,1,2.0
2026-07-24 08:06:46.635659,204120,114,1,1.7
2026-07-24 08:06:46.635659,204480,13,1,2.6
2026-07-24 08:06:46.635659,204580,98,1,1.5
2026-07-24 08:06:46.635659,204813,179,1,1.0
2026-07-24 08:06:46.635659,204822,476,1,1.0
2026-07-24 08:06:46.635659,204936,384,1,3.3
2026-07-24 08:06:46.635659,204968,489,1,1.0
2026-07-24 08:06:46.635659,205533,224,1,1.8
2026-07-24 08:06:46.635659,205651,27,1,2.0
2026-07-24 08:06:46.635659,206915,373,1,2.0
2026-07-24 08:06:46.635659,207189,265,1,1.5
2026-07-24 08:06:46.635659,207283,97,1,2.0
2026-07-24 08:06:46.635659,208481,292,1,1.5
2026-07-24 08:06:46.635659,208706,452,1,2.4
2026-07-24 08:06:46.635659,209036,388,1,2.8
2026-07-24 08:06:46.635659,209046,482,1,1.6
2026-07-24 08:06:46.635659,209244,398,1,2.4
2026-07-24 08:06:46.635659,209289,262,1,2.0
2026-07-24 08:06:46.635659,209365,416,1,0.0
2026-07-24 08:06:46.635659,209400,214,1,1.5
2026-07-24 08:06:46.635659,210156,492,1,1.8
2026-07-24 08:06:46.635659,210462,488,1,1.5
2026-07-24 08:06:46.635659,212314,267,1,1.5
2026-07-24 08:06:46.635659,212319,527,1,2.0
2026-07-24 08:06:46.635659,213292,296,1,1.5
2026-07-24 08:06:46.635659,214225,329,1,1.7
2026-07-24 08:06:46.635659,214285,364,1,2.2
2026-07-24 08:06:46.635659,214572,495,1,1.0
2026-07-24 08:06:46.635659,215059,140,1,2.6
2026-07-24 08:06:46.635659,215136,469,1,2.2
2026-07-24 08:06:46.635659,215379,481,1,2.3
2026-07-24 08:06:46.635659,215413,236,1,2.3
2026-07-24 08:06:46.635659,215711,44,1,2.0
2026-07-24 08:06:46.635659,216051,417,1,2.2
2026-07-24 08:06:46.635659,216094,357,1,2.5
2026-07-24 08:06:46.635659,216616,304,1,1.0
2026-07-24 08:06:46.635659,216646,464,1,2.0
2026-07-24 08:06:46.635659,218364,205,1,1.7
2026-07-24 08:06:46.635659,218997,195,1,1.4
2026-07-24 08:06:46.635659,219168,379,1,2.7
2026-07-24 08:06:46.635659,219249,126,1,2.0
2026-07-24 08:06:46.635659,219847,26,1,2.3
2026-07-24 08:06:46.635659,219924,259,1,1.0
2026-07-24 08:06:46.635659,220237,447,1,2.2
2026-07-24 08:06:46.635659,220362,153,1,1.7
2026-07-24 08:06:46.635659,220566,402,1,0.0
2026-07-24 08:06:46.635659,220583,180,1,1.0
2026-07-24 08:06:46.635659,220627,332,1,1.7
2026-07-24 08:06:46.635659,221389,468,1,2.0
2026-07-24 08:06:46.635659,221399,342,1,1.5
2026-07-24 08:06:46.635659,221466,498,1,2.8
2026-07-24 08:06:46.635659,221632,500,1,2.2
2026-07-24 08:06:46.635659,221820,419,1,2.2
2026-07-24 08:06:46.635659,222018,307,1,1.0
2026-07-24 08:06:46.635659,222531,480,1,2.8
2026-07-24 08:06:46.635659,222625,317,1,1.4
2026-07-24 08:06:46.635659,222683,70,1,2.1
2026-07-24 08:06:46.635659,222694,328,1,2.2
2026-07-24 08:06:46.635659,223094,411,1,4.0
2026-07-24 08:06:46.635659,223340,12,1,3.2
2026-07-24 08:06:46.635659,223434,118,1,1.7
2026-07-24 08:06:46.635659,223541,370,1,2.0
2026-07-24 08:06:46.635659,223827,532,1,2.2
2026-07-24 08:06:46.635659,224117,25,1,2.3
2026-07-24 08:06:46.635659,224967,233,1,1.7
2026-07-24 08:06:46.635659,225796,142,1,2.5
2026-07-24 08:06:46.635659,226182,330,1,1.7
2026-07-24 08:06:46.635659,226597,4,1,4.0
2026-07-24 08:06:46.635659,226944,47,1,1.1
2026-07-24 08:06:46.635659,226965,188,1,2.0
2026-07-24 08:06:46.635659,227444,471,1,2.5
2026-07-24 08:06:46.635659,229164,314,1,1.5
2026-07-24 08:06:46.635659,229600,227,1,2.6
2026-07-24 08:06:46.635659,230001,422,1,1.7
2026-07-24 08:06:46.635659,230730,194,1,1.4
2026-07-24 08:06:46.635659,231065,91,1,1.7
2026-07-24 08:06:46.635659,231416,113,1,1.7
2026-07-24 08:06:46.635659,231747,223,1,2.1
2026-07-24 08:06:46.635659,231899,312,1,1.0
2026-07-24 08:06:46.635659,232112,433,1,0.0
2026-07-24 08:06:46.635659,232185,208,1,2.3
2026-07-24 08:06:46.635659,232351,282,1,1.0
2026-07-24 08:06:46.635659,232413,14,1,2.3
2026-07-24 08:06:46.635659,232457,324,1,1.5
2026-07-24 08:06:46.635659,232571,530,1,1.0
2026-07-24 08:06:46.635659,232653,456,1,1.5
2026-07-24 08:06:46.635659,232787,519,1,2.0
2026-07-24 08:06:46.635659,232859,505,1,1.7
2026-07-24 08:06:46.635659,232892,257,1,1.7
2026-07-24 08:06:46.635659,232905,287,1,1.5
2026-07-24 08:06:46.635659,232928,239,1,2.1
2026-07-24 08:06:46.635659,235826,348,1,1.4
2026-07-24 08:06:46.635659,241117,310,1,1.5
2026-07-24 08:06:46.635659,241293,186,1,2.0
2026-07-24 08:06:46.635659,242313,207,1,1.7
2026-07-24 08:06:46.635659,242880,146,1,1.7
2026-07-24 08:06:46.635659,242882,62,1,2.2
2026-07-24 08:06:46.635659,242898,209,1,2.1
2026-07-24 08:06:46.635659,243016,372,1,2.0
2026-07-24 08:06:46.635659,243298,367,1,2.4
2026-07-24 08:06:46.635659,243413,290,1,1.0
2026-07-24 08:06:46.635659,243526,331,1,1.7
2026-07-24 08:06:46.635659,243571,234,1,1.7
2026-07-24 08:06:46.635659,244042,271,1,1.8
2026-07-24 08:06:46.635659,244723,204,1,1.7
2026-07-24 08:06:46.635659,244850,40,1,2.6
2026-07-24 08:06:46.635659,244851,154,1,3.2
2026-07-24 08:06:46.635659,244858,100,1,0.0
2026-07-24 08:06:46.635659,244860,247,1,2.0
2026-07-24 08:06:46.635659,244954,34,1,1.7
2026-07-24 08:06:46.635659,246301,255,1,1.7
2026-07-24 08:06:46.635659,247348,201,1,2.5
2026-07-24 08:06:46.635659,247412,222,1,2.0
2026-07-24 08:06:46.635659,247632,156,1,2.3
2026-07-24 08:06:46.635659,248056,345,1,1.5
2026-07-24 08:06:46.635659,248857,16,1,2.3
2026-07-24 08:06:46.635659,248875,400,1,2.6
2026-07-24 08:06:46.635659,249231,86,1,2.0
2026-07-24 08:06:46.635659,250199,487,1,1.5
2026-07-24 08:06:46.635659,424876,368,1,2.4
2026-07-24 08:06:46.635659,427623,202,1,2.2
2026-07-24 08:06:46.635659,427637,337,1,2.0
2026-07-24 08:06:46.635659,428580,104,1,1.5
2026-07-24 08:06:46.635659,430871,428,1,2.8
2026-07-24 08:06:46.635659,432422,455,1,2.0
2026-07-24 08:06:46.635659,432714,486,1,2.0
2026-07-24 08:06:46.635659,432720,385,1,2.6
2026-07-24 08:06:46.635659,432830,84,1,2.5
2026-07-24 08:06:46.635659,432987,354,1,1.0
2026-07-24 08:06:46.635659,433036,404,1,2.1
2026-07-24 08:06:46.635659,433154,241,1,2.0
2026-07-24 08:06:46.635659,433590,281,1,1.0
2026-07-24 08:06:46.635659,434399,536,1,1.7
2026-07-24 08:06:46.635659,434752,327,1,2.2
2026-07-24 08:06:46.635659,435997,336,1,2.1
2026-07-24 08:06:46.635659,436761,174,1,1.0
2026-07-24 08:06:46.635659,436893,65,1,1.7
2026-07-24 08:06:46.635659,437495,3,1,2.6
2026-07-24 08:06:46.635659,437499,200,1,2.8
2026-07-24 08:06:46.635659,437505,553,1,1.8
2026-07-24 08:06:46.635659,437730,397,1,2.9
2026-07-24 08:06:46.635659,437738,333,1,1.7
2026-07-24 08:06:46.635659,438098,23,1,2.0
2026-07-24 08:06:46.635659,438234,401,1,2.2
2026-07-24 08:06:46.635659,438464,218,1,1.5
2026-07-24 08:06:46.635659,439668,187,1,1.5
2026-07-24 08:06:46.635659,440089,96,1,2.0
2026-07-24 08:06:46.635659,440993,237,1,2.1
2026-07-24 08:06:46.635659,441164,499,1,2.5
2026-07-24 08:06:46.635659,441191,450,1,1.6
2026-07-24 08:06:46.635659,441264,552,1,2.0
2026-07-24 08:06:46.635659,441266,371,1,2.1
2026-07-24 08:06:46.635659,441302,36,1,1.7
2026-07-24 08:06:46.635659,443261,313,1,2.0
2026-07-24 08:06:46.635659,444102,79,1,2.0
2026-07-24 08:06:46.635659,444145,18,1,2.3
2026-07-24 08:06:46.635659,444172,59,1,1.0
2026-07-24 08:06:46.635659,444180,105,1,2.1
2026-07-24 08:06:46.635659,444307,276,1,1.0
2026-07-24 08:06:46.635659,444463,145,1,0.0
2026-07-24 08:06:46.635659,444765,85,1,2.2
2026-07-24 08:06:46.635659,444884,383,1,2.0
2026-07-24 08:06:46.635659,445044,521,1,0.0
2026-07-24 08:06:46.635659,445122,5,1,0.0
2026-07-24 08:06:46.635659,446008,427,1,2.8
2026-07-24 08:06:46.635659,448047,155,1,2.4
2026-07-24 08:06:46.635659,448089,54,1,2.0
2026-07-24 08:06:46.635659,448104,9,1,2.5
2026-07-24 08:06:46.635659,448514,392,1,2.5
2026-07-24 08:06:46.635659,449027,351,1,2.6
2026-07-24 08:06:46.635659,449428,283,1,1.0
2026-07-24 08:06:46.635659,449429,306,1,1.0
2026-07-24 08:06:46.635659,449434,454,1,2.1
2026-07-24 08:06:46.635659,449871,48,1,0.0
2026-07-24 08:06:46.635659,450542,219,1,1.5
2026-07-24 08:06:46.635659,451284,175,1,1.0
2026-07-24 08:06:46.635659,451302,413,1,2.0
2026-07-24 08:06:46.635659,451340,121,1,2.1
2026-07-24 08:06:46.635659,451490,119,1,1.7
2026-07-24 08:06:46.635659,454490,120,1,2.2
2026-07-24 08:06:46.635659,455084,305,1,1.0
2026-07-24 08:06:46.635659,456512,483,1,2.0
2026-07-24 08:06:46.635659,457569,57,1,2.0
2026-07-24 08:06:46.635659,458249,440,1,1.8
2026-07-24 08:06:46.635659,460028,149,1,2.2
2026-07-24 08:06:46.635659,460842,512,1,1.7
2026-07-24 08:06:46.635659,461102,173,1,1.0
2026-07-24 08:06:46.635659,461199,547,1,1.5
2026-07-24 08:06:46.635659,461587,323,1,1.0
2026-07-24 08:06:46.635659,462387,322,1,1.4
2026-07-24 08:06:46.635659,462424,6,1,0.0
2026-07-24 08:06:46.635659,462635,340,1,1.5
2026-07-24 08:06:46.635659,463034,167,1,1.8
2026-07-24 08:06:46.635659,463067,125,1,1.8
2026-07-24 08:06:46.635659,463936,158,1,2.1
2026-07-24 08:06:46.635659,463981,60,1,2.5
2026-07-24 08:06:46.635659,464353,355,1,1.0
2026-07-24 08:06:46.635659,465247,412,1,2.6
2026-07-24 08:06:46.635659,465351,389,1,2.8
2026-07-24 08:06:46.635659,465390,177,1,1.0
2026-07-24 08:06:46.635659,465525,291,1,0.0
2026-07-24 08:06:46.635659,465642,445,1,2.2
2026-07-24 08:06:46.635659,465680,493,1,1.8
2026-07-24 08:06:46.635659,465694,405,1,2.0
2026-07-24 08:06:46.635659,465730,115,1,1.7
2026-07-24 08:06:46.635659,466052,399,1,2.6
2026-07-24 08:06:46.635659,466075,8,1,2.5
2026-07-24 08:06:46.635659,466525,335,1,2.1
2026-07-24 08:06:46.635659,467779,130,1,2.2
2026-07-24 08:06:46.635659,469142,112,1,2.2
2026-07-24 08:06:46.635659,469247,49,1,1.5
2026-07-24 08:06:46.635659,469272,190,1,2.0
2026-07-24 08:06:46.635659,470294,297,1,1.0
2026-07-24 08:06:46.635659,470313,463,1,2.0
2026-07-24 08:06:46.635659,470315,478,1,1.7
2026-07-24 08:06:46.635659,472713,90,1,1.7
2026-07-24 08:06:46.635659,472739,110,1,2.0
2026-07-24 08:06:46.635659,472769,387,1,3.1
2026-07-24 08:06:46.635659,475168,165,1,2.3
2026-07-24 08:06:46.635659,476887,485,1,2.0
2026-07-24 08:06:46.635659,477064,395,1,1.7
2026-07-24 08:06:46.635659,477424,391,1,2.5
2026-07-24 08:06:46.635659,477547,538,1,1.0
2026-07-24 08:06:46.635659,477555,264,1,2.0
2026-07-24 08:06:46.635659,480455,230,1,2.5
2026-07-24 08:06:46.635659,480457,183,1,1.1
2026-07-24 08:06:46.635659,481624,318,1,2.0
2026-07-24 08:06:46.635659,481655,19,1,2.0
2026-07-24 08:06:46.635659,482442,518,1,1.5
2026-07-24 08:06:46.635659,482609,144,1,2.2
2026-07-24 08:06:46.635659,482973,491,1,2.0
2026-07-24 08:06:46.635659,484389,171,1,1.0
2026-07-24 08:06:46.635659,484420,542,1,2.1
2026-07-24 08:06:46.635659,485047,470,1,2.2
2026-07-24 08:06:46.635659,485055,496,1,2.0
2026-07-24 08:06:46.635659,485337,42,1,2.0
2026-07-24 08:06:46.635659,485711,439,1,1.7
2026-07-24 08:06:46.635659,486385,248,1,1.8
2026-07-24 08:06:46.635659,486520,344,1,1.5
2026-07-24 08:06:46.635659,486672,159,1,2.0
2026-07-24 08:06:46.635659,487053,506,1,1.7
2026-07-24 08:06:46.635659,487117,139,1,0.0
2026-07-24 08:06:46.635659,487676,534,1,1.7
2026-07-24 08:06:46.635659,487838,449,1,2.2
2026-07-24 08:06:46.635659,488024,211,1,2.0
2026-07-24 08:06:46.635659,489580,365,1,1.0
2026-07-24 08:06:46.635659,489639,109,1,2.0
2026-07-24 08:06:46.635659,489706,215,1,1.5
2026-07-24 08:06:46.635659,489888,77,1,1.5
2026-07-24 08:06:46.635659,490094,240,1,1.5
2026-07-24 08:06:46.635659,490145,528,1,1.0
2026-07-24 08:06:46.635659,490161,293,1,1.5
2026-07-24 08:06:46.635659,490881,436,1,1.5
2026-07-24 08:06:46.635659,491007,163,1,1.0
2026-07-24 08:06:46.635659,491279,503,1,2.2
2026-07-24 08:06:46.635659,491501,378,1,1.0
2026-07-24 08:06:46.635659,492498,191,1,1.0
2026-07-24 08:06:46.635659,492777,360,1,0.0
2026-07-24 08:06:46.635659,492859,341,1,1.5
2026-07-24 08:06:46.635659,493105,160,1,2.1
2026-07-24 08:06:46.635659,493250,431,1,2.1
2026-07-24 08:06:46.635659,493362,513,1,0.0
2026-07-24 08:06:46.635659,494307,394,1,2.2
2026-07-24 08:06:46.635659,494521,61,1,2.5
2026-07-24 08:06:46.635659,494595,366,1,2.6
2026-07-24 08:06:46.635659,494950,275,1,1.0
2026-07-24 08:06:46.635659,496208,72,1,1.5
2026-07-24 08:06:46.635659,496221,210,1,1.5
2026-07-24 08:06:46.635659,496661,245,1,2.0
2026-07-24 08:06:46.635659,498016,529,1,2.6
2026-07-24 08:06:46.635659,499169,7,1,2.0
2026-07-24 08:06:46.635659,499175,22,1,2.0
2026-07-24 08:06:46.635659,499300,235,1,1.0
2026-07-24 08:06:46.635659,499309,168,1,1.4
2026-07-24 08:06:46.635659,499604,67,1,2.3
2026-07-24 08:06:46.635659,499716,510,1,1.0
2026-07-24 08:06:46.635659,499721,523,1,1.5
2026-07-24 08:06:46.635659,499726,524,1,1.0
2026-07-24 08:06:46.635659,500040,11,1,2.5
2026-07-24 08:06:46.635659,500058,382,1,0.8
2026-07-24 08:06:46.635659,500151,475,1,0.0
2026-07-24 08:06:46.635659,500957,298,1,1.0
2026-07-24 08:06:46.635659,501390,309,1,1.5
2026-07-24 08:06:46.635659,501459,185,1,1.5
2026-07-24 08:06:46.635659,501902,278,1,1.0
2026-07-24 08:06:46.635659,502500,106,1,2.5
2026-07-24 08:06:46.635659,502697,243,1,1.5
2026-07-24 08:06:46.635659,503037,170,1,1.4
2026-07-24 08:06:46.635659,503139,69,1,2.1
2026-07-24 08:06:46.635659,503301,484,1,2.0
2026-07-24 08:06:46.635659,505079,252,1,1.0
2026-07-24 08:06:46.635659,507433,83,1,2.0
2026-07-24 08:06:46.635659,508395,102,1,1.5
2026-07-24 08:06:46.635659,508479,141,1,2.6
2026-07-24 08:06:46.635659,509416,129,1,2.0
2026-07-24 08:06:46.635659,510281,403,1,2.3
2026-07-24 08:06:46.635659,510663,380,1,0.0
2026-07-24 08:06:46.635659,511499,514,1,2.1
2026-07-24 08:06:46.635659,512462,232,1,2.2
2026-07-24 08:06:46.635659,513086,93,1,1.7
2026-07-24 08:06:46.635659,513418,94,1,2.1
2026-07-24 08:06:46.635659,513466,246,1,1.5
2026-07-24 08:06:46.635659,514254,127,1,1.5
2026-07-24 08:06:46.635659,514356,161,1,1.5
2026-07-24 08:06:46.635659,514514,381,1,1.5
2026-07-24 08:06:46.635659,515046,531,1,2.0
2026-07-24 08:06:46.635659,515597,35,1,1.5
2026-07-24 08:06:46.635659,515621,206,1,1.7
2026-07-24 08:06:46.635659,516895,432,1,2.0
2026-07-24 08:06:46.635659,517052,166,1,2.1
2026-07-24 08:06:46.635659,519440,361,1,1.0
2026-07-24 08:06:46.635659,519634,537,1,1.7
2026-07-24 08:06:46.635659,519913,438,1,1.0
2026-07-24 08:06:46.635659,522047,334,1,2.2
2026-07-24 08:06:46.635659,531442,315,1,2.0
2026-07-24 08:06:46.635659,532529,123,1,2.1
2026-07-24 08:06:46.635659,532605,162,1,1.5
2026-07-24 08:06:46.635659,533463,95,1,2.3
2026-07-24 08:06:46.635659,534392,299,1,1.0
2026-07-24 08:06:46.635659,535301,131,1,1.5
2026-07-24 08:06:46.635659,535818,546,1,1.5
2026-07-24 08:06:46.635659,535928,376,1,0.0
2026-07-24 08:06:46.635659,536661,551,1,1.5
2026-07-24 08:06:46.635659,536694,217,1,1.5
2026-07-24 08:06:46.635659,536916,128,1,1.5
2026-07-24 08:06:46.635659,538207,465,1,2.0
2026-07-24 08:06:46.635659,538638,479,1,1.0
2026-07-24 08:06:46.635659,539142,182,1,1.0
2026-07-24 08:06:46.635659,540324,286,1,1.5
2026-07-24 08:06:46.635659,543295,99,1,1.1
2026-07-24 08:06:46.635659,543968,316,1,1.8
2026-07-24 08:06:46.635659,544877,358,1,2.5
2026-07-24 08:06:46.635659,545477,451,1,1.0
2026-07-24 08:06:46.635659,546600,554,1,2.0
2026-07-24 08:06:46.635659,547027,543,1,2.0
2026-07-24 08:06:46.635659,547037,434,1,1.5
2026-07-24 08:06:46.635659,547676,425,1,1.0
2026-07-24 08:06:46.635659,547701,522,1,1.5
2026-07-24 08:06:46.635659,547719,459,1,0.0
2026-07-24 08:06:46.635659,548308,507,1,1.7
2026-07-24 08:06:46.635659,549067,477,1,1.0
2026-07-24 08:06:46.635659,549074,133,1,1.5
2026-07-24 08:06:46.635659,549653,197,1,1.0
2026-07-24 08:06:46.635659,549912,549,1,2.0
2026-07-24 08:06:46.635659,550090,117,1,1.7
2026-07-24 08:06:46.635659,550615,242,1,2.0
2026-07-24 08:06:46.635659,550839,517,1,0.0
2026-07-24 08:06:46.635659,550864,420,1,2.2
2026-07-24 08:06:46.635659,551210,148,1,1.7
2026-07-24 08:06:46.635659,551226,525,1,2.1
2026-07-24 08:06:46.635659,551262,196,1,1.4
2026-07-24 08:06:46.635659,551499,377,1,2.3
2026-07-24 08:06:46.635659,553783,294,1,1.0
2026-07-24 08:06:46.635659,554197,548,1,1.5
2026-07-24 08:06:46.635659,554578,444,1,2.0
2026-07-24 08:06:46.635659,556637,134,1,1.0
2026-07-24 08:06:46.635659,557012,321,1,1.0
2026-07-24 08:06:46.635659,560262,78,1,2.6
2026-07-24 08:06:46.635659,560552,263,1,2.0
2026-07-24 08:06:46.635659,561245,81,1,2.0
2026-07-24 08:06:46.635659,565297,349,1,1.0
2026-07-24 08:06:46.635659,567119,169,1,1.0
2026-07-24 08:06:46.635659,570241,92,1,1.7
2026-07-24 08:06:46.635659,570526,520,1,2.0
2026-07-24 08:06:46.635659,574458,150,1,1.7
2026-07-24 08:06:46.635659,575204,407,1,1.5
2026-07-24 08:06:46.635659,575458,474,1,1.7
2026-07-24 08:06:46.635659,575476,472,1,1.9
2026-07-24 08:06:46.635659,575901,66,1,1.0
2026-07-24 08:06:46.635659,576620,437,1,1.0
2026-07-24 08:06:46.635659,576628,435,1,1.5
2026-07-24 08:06:46.635659,577016,151,1,1.7
2026-07-24 08:06:46.635659,577285,51,1,1.0
2026-07-24 08:06:46.635659,577411,181,1,1.0
2026-07-24 08:06:46.635659,577669,545,1,1.5
2026-07-24 08:06:46.635659,577725,268,1,2.0
2026-07-24 08:06:46.635659,577974,424,1,1.0
2026-07-24 08:06:46.635659,578153,393,1,2.5
2026-07-24 08:06:46.635659,578545,39,1,1.0
2026-07-24 08:06:46.635659,586268,353,1,1.0
2026-07-24 08:06:46.635659,586309,249,1,1.8
2026-07-24 08:06:46.635659,590014,220,1,1.7
2026-07-24 08:06:46.635659,590039,409,1,1.0
2026-07-24 08:06:46.635659,591386,375,1,1.5
2026-07-24 08:06:46.635659,592031,122,1,2.1
2026-07-24 08:06:46.635659,593117,164,1,2.0
2026-07-24 08:06:46.635659,593174,107,1,1.0
2026-07-24 08:06:46.635659,596047,441,1,1.0
2026-07-24 08:06:46.635659,596777,415,1,2.1
2026-07-24 08:06:46.635659,597320,132,1,1.0
2026-07-24 08:06:46.635659,599303,466,1,1.0
2026-07-24 08:06:46.635659,606702,362,1,1.6
2026-07-24 08:06:46.635659,606745,421,1,1.7
2026-07-24 08:06:46.635659,606798,38,1,1.0
2026-07-24 08:06:46.635659,606921,216,1,1.5
2026-07-24 08:06:46.635659,607464,88,1,1.7
2026-07-24 08:06:46.635659,608181,137,1,1.3
2026-07-24 08:06:46.635659,609873,244,1,1.5
2026-07-24 08:06:46.635659,610799,504,1,2.2
2026-07-24 08:06:46.635659,611665,461,1,2.1
2026-07-24 08:06:46.635659,611922,369,1,2.1
2026-07-24 08:06:46.635659,614071,53,1,2.1
2026-07-24 08:06:46.635659,614574,76,1,1.5
2026-07-24 08:06:46.635659,616077,20,1,2.0
2026-07-24 08:06:46.635659,616221,511,1,1.0
2026-07-24 08:06:46.635659,616222,396,1,1.7
2026-07-24 08:06:46.635659,620109,152,1,2.5
2026-07-24 08:06:46.635659,620487,63,1,2.2
2026-07-24 08:06:46.635659,624773,157,1,2.3
2026-07-24 08:06:46.635659,629397,192,1,1.0
2026-07-24 08:06:46.635659,631786,272,1,1.0
2026-07-24 08:06:46.635659,636852,462,1,1.5
2026-07-24 08:06:46.635659,640419,509,1,1.0
2026-07-24 08:06:46.635659,645618,50,1,1.0
2026-07-24 08:06:46.635659,647681,363,1,0.0
2026-07-24 08:06:46.635659,647850,138,1,1.8
2026-07-24 08:06:46.635659,649208,410,1,1.5
2026-07-24 08:06:46.635659,651426,203,1,2.2
2026-07-24 08:06:46.635659,653481,52,1,1.5
2026-07-24 08:06:46.635659,660392,225,1,0.0
2026-07-24 08:06:46.635659,661800,284,1,1.0
2026-07-24 08:06:46.635659,672492,221,1,1.0
2026-07-24 08:06:46.635659,684268,189,1,1.0
2026-07-24 08:06:46.635659,699989,550,1,1.5
2026-07-24 08:06:46.635659,700308,135,1,1.5
2026-07-25 07:50:31.707401,17761,229,1,2.8
2026-07-25 07:50:31.707401,21205,414,1,1.0
2026-07-25 07:50:31.707401,40383,58,1,1.0
2026-07-25 07:50:31.707401,49262,111,1,1.0
2026-07-25 07:50:31.707401,50093,302,1,1.0
2026-07-25 07:50:31.707401,50175,136,1,2.0
2026-07-25 07:50:31.707401,54469,64,1,1.7
2026-07-25 07:50:31.707401,56979,101,1,1.1
2026-07-25 07:50:31.707401,59735,325,1,1.5
2026-07-25 07:50:31.707401,60307,124,1,2.0
2026-07-25 07:50:31.707401,60689,490,1,2.0
2026-07-25 07:50:31.707401,67089,497,1,1.0
2026-07-25 07:50:31.707401,72147,29,1,2.0
2026-07-25 07:50:31.707401,75115,108,1,1.8
2026-07-25 07:50:31.707401,76357,266,1,1.5
2026-07-25 07:50:31.707401,78916,448,1,2.2
2026-07-25 07:50:31.707401,80178,178,1,1.0
2026-07-25 07:50:31.707401,80201,250,1,2.0
2026-07-25 07:50:31.707401,81441,443,1,2.0
2026-07-25 07:50:31.707401,83299,116,1,1.7
2026-07-25 07:50:31.707401,84450,544,1,2.0
2026-07-25 07:50:31.707401,85633,467,1,2.6
2026-07-25 07:50:31.707401,86873,251,1,1.0
2026-07-25 07:50:31.707401,88894,46,1,1.5
2026-07-25 07:50:31.707401,91651,406,1,2.0
2026-07-25 07:50:31.707401,93605,541,1,1.7
2026-07-25 07:50:31.707401,95658,418,1,2.2
2026-07-25 07:50:31.707401,97032,356,1,3.1
2026-07-25 07:50:31.707401,98747,442,1,2.6
2026-07-25 07:50:31.707401,98980,28,1,2.6
2026-07-25 07:50:31.707401,101188,30,1,1.7
2026-07-25 07:50:31.707401,101282,289,1,1.0
2026-07-25 07:50:31.707401,105666,274,1,2.0
2026-07-25 07:50:31.707401,105717,540,1,1.0
2026-07-25 07:50:31.707401,106611,231,1,2.2
2026-07-25 07:50:31.707401,106760,423,1,1.7
2026-07-25 07:50:31.707401,108413,212,1,1.0
2026-07-25 07:50:31.707401,108416,277,1,1.0
2026-07-25 07:50:31.707401,108813,300,1,2.0
2026-07-25 07:50:31.707401,109646,147,1,1.7
2026-07-25 07:50:31.707401,109745,2,1,2.6
2026-07-25 07:50:31.707401,110690,172,1,2.0
2026-07-25 07:50:31.707401,111234,226,1,3.3
2026-07-25 07:50:31.707401,111317,74,1,1.5
2026-07-25 07:50:31.707401,112520,301,1,1.0
2026-07-25 07:50:31.707401,114243,457,1,2.1
2026-07-25 07:50:31.707401,114283,238,1,2.3
2026-07-25 07:50:31.707401,115556,508,1,1.0
2026-07-25 07:50:31.707401,116535,350,1,3.3
2026-07-25 07:50:31.707401,119471,446,1,1.6
2026-07-25 07:50:31.707401,121709,199,1,2.0
2026-07-25 07:50:31.707401,122074,386,1,2.0
2026-07-25 07:50:31.707401,122798,502,1,1.7
2026-07-25 07:50:31.707401,122806,45,1,2.0
2026-07-25 07:50:31.707401,128295,21,1,1.5
2026-07-25 07:50:31.707401,135720,501,1,2.2
2026-07-25 07:50:31.707401,138001,228,1,2.0
2026-07-25 07:50:31.707401,141746,426,1,4.0
2026-07-25 07:50:31.707401,146426,279,1,1.0
2026-07-25 07:50:31.707401,147675,320,1,1.4
2026-07-25 07:50:31.707401,149484,33,1,1.7
2026-07-25 07:50:31.707401,149929,311,1,1.5
2026-07-25 07:50:31.707401,152551,213,1,1.5
2026-07-25 07:50:31.707401,153133,261,1,2.0
2026-07-25 07:50:31.707401,153366,270,1,1.0
2026-07-25 07:50:31.707401,153682,260,1,2.3
2026-07-25 07:50:31.707401,154561,1,1,4.0
2026-07-25 07:50:31.707401,154566,526,1,2.0
2026-07-25 07:50:31.707401,155405,408,1,1.5
2026-07-25 07:50:31.707401,155408,71,1,1.5
2026-07-25 07:50:31.707401,155503,352,1,1.0
2026-07-25 07:50:31.707401,158499,75,1,0.0
2026-07-25 07:50:31.707401,158983,374,1,1.1
2026-07-25 07:50:31.707401,159506,473,1,1.7
2026-07-25 07:50:31.707401,160817,285,1,1.0
2026-07-25 07:50:31.707401,166477,258,1,1.7
2026-07-25 07:50:31.707401,166989,43,1,1.6
2026-07-25 07:50:31.707401,167074,256,1,1.7
2026-07-25 07:50:31.707401,167512,539,1,1.0
2026-07-25 07:50:31.707401,167825,273,1,1.0
2026-07-25 07:50:31.707401,168144,184,1,1.5
2026-07-25 07:50:31.707401,168636,80,1,1.8
2026-07-25 07:50:31.707401,169359,556,1,1.0
2026-07-25 07:50:31.707401,169432,295,1,1.8
2026-07-25 07:50:31.707401,169528,254,1,1.7
2026-07-25 07:50:31.707401,169593,555,1,1.0
2026-07-25 07:50:31.707401,171270,288,1,1.0
2026-07-25 07:50:31.707401,171287,359,1,2.2
2026-07-25 07:50:31.707401,171314,390,1,2.5
2026-07-25 07:50:31.707401,172453,319,1,1.5
2026-07-25 07:50:31.707401,172649,198,1,2.6
2026-07-25 07:50:31.707401,172780,515,1,2.3
2026-07-25 07:50:31.707401,173878,176,1,1.0
2026-07-25 07:50:31.707401,173879,56,1,0.0
2026-07-25 07:50:31.707401,174594,347,1,1.8
2026-07-25 07:50:31.707401,174874,253,1,0.0
2026-07-25 07:50:31.707401,176297,429,1,2.4
2026-07-25 07:50:31.707401,176412,193,1,1.8
2026-07-25 07:50:31.707401,176420,308,1,1.0
2026-07-25 07:50:31.707401,177815,346,1,2.0
2026-07-25 07:50:31.707401,178301,55,1,2.5
2026-07-25 07:50:31.707401,180135,339,1,1.5
2026-07-25 07:50:31.707401,180736,143,1,2.5
2026-07-25 07:50:31.707401,180974,458,1,1.5
2026-07-25 07:50:31.707401,183015,303,1,1.0
2026-07-25 07:50:31.707401,183656,103,1,1.5
2026-07-25 07:50:31.707401,184029,15,1,2.3
2026-07-25 07:50:31.707401,184254,494,1,2.0
2026-07-25 07:50:31.707401,184341,430,1,2.0
2026-07-25 07:50:31.707401,184349,269,1,1.7
2026-07-25 07:50:31.707401,184667,37,1,1.7
2026-07-25 07:50:31.707401,191866,87,1,1.7
2026-07-25 07:50:31.707401,193278,280,1,1.0
2026-07-25 07:50:31.707401,194010,89,1,1.7
2026-07-25 07:50:31.707401,195384,17,1,2.1
2026-07-25 07:50:31.707401,195546,41,1,2.1
2026-07-25 07:50:31.707401,198869,10,1,0.0
2026-07-25 07:50:31.707401,199598,338,1,2.0
2026-07-25 07:50:31.707401,199796,32,1,1.7
2026-07-25 07:50:31.707401,199798,31,1,1.7
2026-07-25 07:50:31.707401,200089,460,1,1.5
2026-07-25 07:50:31.707401,200617,343,1,1.5
2026-07-25 07:50:31.707401,200641,24,1,2.0
2026-07-25 07:50:31.707401,200720,82,1,2.6
2026-07-25 07:50:31.707401,200785,73,1,1.5
2026-07-25 07:50:31.707401,200834,533,1,2.5
2026-07-25 07:50:31.707401,201595,326,1,2.0
2026-07-25 07:50:31.707401,201658,68,1,2.1
2026-07-25 07:50:31.707401,201666,453,1,2.1
2026-07-25 07:50:31.707401,201895,535,1,2.2
2026-07-25 07:50:31.707401,202993,516,1,2.0
2026-07-25 07:50:31.707401,204120,114,1,1.7
2026-07-25 07:50:31.707401,204480,13,1,2.6
2026-07-25 07:50:31.707401,204561,558,1,1.5
2026-07-25 07:50:31.707401,204580,98,1,1.5
2026-07-25 07:50:31.707401,204813,179,1,1.0
2026-07-25 07:50:31.707401,204822,476,1,1.0
2026-07-25 07:50:31.707401,204936,384,1,3.3
2026-07-25 07:50:31.707401,204968,489,1,1.0
2026-07-25 07:50:31.707401,205533,224,1,1.8
2026-07-25 07:50:31.707401,205651,27,1,2.0
2026-07-25 07:50:31.707401,206915,373,1,2.0
2026-07-25 07:50:31.707401,207189,265,1,1.5
2026-07-25 07:50:31.707401,207283,97,1,2.0
2026-07-25 07:50:31.707401,208481,292,1,1.5
2026-07-25 07:50:31.707401,208706,452,1,2.4
2026-07-25 07:50:31.707401,209036,388,1,2.8
2026-07-25 07:50:31.707401,209046,482,1,1.6
2026-07-25 07:50:31.707401,209244,398,1,2.4
2026-07-25 07:50:31.707401,209289,262,1,2.0
2026-07-25 07:50:31.707401,209365,416,1,0.0
2026-07-25 07:50:31.707401,209400,214,1,1.5
2026-07-25 07:50:31.707401,210156,492,1,1.8
2026-07-25 07:50:31.707401,210462,488,1,1.5
2026-07-25 07:50:31.707401,212314,267,1,1.5
2026-07-25 07:50:31.707401,212319,527,1,2.0
2026-07-25 07:50:31.707401,213292,296,1,1.5
2026-07-25 07:50:31.707401,214225,329,1,1.7
2026-07-25 07:50:31.707401,214285,364,1,2.2
2026-07-25 07:50:31.707401,214572,495,1,1.0
2026-07-25 07:50:31.707401,215059,140,1,2.6
2026-07-25 07:50:31.707401,215136,469,1,2.2
2026-07-25 07:50:31.707401,215379,481,1,2.3
2026-07-25 07:50:31.707401,215413,236,1,2.3
2026-07-25 07:50:31.707401,215711,44,1,2.0
2026-07-25 07:50:31.707401,216051,417,1,2.2
2026-07-25 07:50:31.707401,216094,357,1,2.5
2026-07-25 07:50:31.707401,216616,304,1,1.0
2026-07-25 07:50:31.707401,216646,464,1,2.0
2026-07-25 07:50:31.707401,218364,205,1,1.7
2026-07-25 07:50:31.707401,218997,195,1,1.4
2026-07-25 07:50:31.707401,219168,379,1,2.7
2026-07-25 07:50:31.707401,219249,126,1,2.0
2026-07-25 07:50:31.707401,219847,26,1,2.3
2026-07-25 07:50:31.707401,219924,259,1,1.0
2026-07-25 07:50:31.707401,220237,447,1,2.2
2026-07-25 07:50:31.707401,220362,153,1,1.7
2026-07-25 07:50:31.707401,220566,402,1,0.0
2026-07-25 07:50:31.707401,220583,180,1,1.0
2026-07-25 07:50:31.707401,220627,332,1,1.7
2026-07-25 07:50:31.707401,221389,468,1,2.0
2026-07-25 07:50:31.707401,221399,342,1,1.5
2026-07-25 07:50:31.707401,221466,498,1,2.8
2026-07-25 07:50:31.707401,221632,500,1,2.2
2026-07-25 07:50:31.707401,221820,419,1,1.6
2026-07-25 07:50:31.707401,222018,307,1,1.0
2026-07-25 07:50:31.707401,222531,480,1,2.8
2026-07-25 07:50:31.707401,222625,317,1,1.4
2026-07-25 07:50:31.707401,222683,70,1,2.1
2026-07-25 07:50:31.707401,222694,328,1,2.2
2026-07-25 07:50:31.707401,223094,411,1,4.0
2026-07-25 07:50:31.707401,223340,12,1,3.2
2026-07-25 07:50:31.707401,223434,118,1,1.7
2026-07-25 07:50:31.707401,223541,370,1,2.0
2026-07-25 07:50:31.707401,223827,532,1,2.2
2026-07-25 07:50:31.707401,224117,25,1,2.3
2026-07-25 07:50:31.707401,224967,233,1,1.7
2026-07-25 07:50:31.707401,225796,142,1,2.5
2026-07-25 07:50:31.707401,226182,330,1,1.7
2026-07-25 07:50:31.707401,226597,4,1,4.0
2026-07-25 07:50:31.707401,226944,47,1,1.1
2026-07-25 07:50:31.707401,226965,188,1,2.0
2026-07-25 07:50:31.707401,227444,471,1,2.5
2026-07-25 07:50:31.707401,229164,314,1,1.5
2026-07-25 07:50:31.707401,229600,227,1,2.6
2026-07-25 07:50:31.707401,230001,422,1,1.7
2026-07-25 07:50:31.707401,230730,194,1,1.4
2026-07-25 07:50:31.707401,231065,91,1,1.7
2026-07-25 07:50:31.707401,231416,113,1,1.7
2026-07-25 07:50:31.707401,231747,223,1,2.1
2026-07-25 07:50:31.707401,231899,312,1,1.0
2026-07-25 07:50:31.707401,232112,433,1,0.0
2026-07-25 07:50:31.707401,232185,208,1,2.3
2026-07-25 07:50:31.707401,232351,282,1,1.0
2026-07-25 07:50:31.707401,232413,14,1,2.3
2026-07-25 07:50:31.707401,232457,324,1,1.5
2026-07-25 07:50:31.707401,232571,530,1,1.0
2026-07-25 07:50:31.707401,232653,456,1,1.5
2026-07-25 07:50:31.707401,232787,519,1,2.0
2026-07-25 07:50:31.707401,232859,505,1,1.7
2026-07-25 07:50:31.707401,232892,257,1,1.7
2026-07-25 07:50:31.707401,232905,287,1,1.5
2026-07-25 07:50:31.707401,232928,239,1,2.1
2026-07-25 07:50:31.707401,235826,348,1,1.4
2026-07-25 07:50:31.707401,241117,310,1,1.5
2026-07-25 07:50:31.707401,241293,186,1,2.0
2026-07-25 07:50:31.707401,242313,207,1,1.7
2026-07-25 07:50:31.707401,242880,146,1,1.7
2026-07-25 07:50:31.707401,242882,62,1,2.2
2026-07-25 07:50:31.707401,242898,209,1,2.1
2026-07-25 07:50:31.707401,243016,372,1,2.0
2026-07-25 07:50:31.707401,243298,367,1,2.4
2026-07-25 07:50:31.707401,243413,290,1,1.0
2026-07-25 07:50:31.707401,243526,331,1,1.7
2026-07-25 07:50:31.707401,243571,234,1,1.7
2026-07-25 07:50:31.707401,244042,271,1,1.8
2026-07-25 07:50:31.707401,244723,204,1,1.7
2026-07-25 07:50:31.707401,244850,40,1,2.6
2026-07-25 07:50:31.707401,244851,154,1,3.2
2026-07-25 07:50:31.707401,244858,100,1,0.0
2026-07-25 07:50:31.707401,244860,247,1,2.0
2026-07-25 07:50:31.707401,244954,34,1,1.7
2026-07-25 07:50:31.707401,246301,255,1,1.7
2026-07-25 07:50:31.707401,247348,201,1,2.5
2026-07-25 07:50:31.707401,247412,222,1,2.0
2026-07-25 07:50:31.707401,247632,156,1,2.3
2026-07-25 07:50:31.707401,248056,345,1,1.5
2026-07-25 07:50:31.707401,248857,16,1,2.3
2026-07-25 07:50:31.707401,248875,400,1,2.6
2026-07-25 07:50:31.707401,249231,86,1,2.0
2026-07-25 07:50:31.707401,250199,487,1,1.5
2026-07-25 07:50:31.707401,424876,368,1,2.4
2026-07-25 07:50:31.707401,427623,202,1,2.2
2026-07-25 07:50:31.707401,427637,337,1,2.0
2026-07-25 07:50:31.707401,428580,104,1,1.5
2026-07-25 07:50:31.707401,430871,428,1,2.8
2026-07-25 07:50:31.707401,432422,455,1,2.0
2026-07-25 07:50:31.707401,432714,486,1,2.0
2026-07-25 07:50:31.707401,432720,385,1,2.6
2026-07-25 07:50:31.707401,432830,84,1,2.5
2026-07-25 07:50:31.707401,432987,354,1,1.0
2026-07-25 07:50:31.707401,433036,404,1,2.1
2026-07-25 07:50:31.707401,433154,241,1,2.0
2026-07-25 07:50:31.707401,433590,281,1,1.0
2026-07-25 07:50:31.707401,434399,536,1,1.7
2026-07-25 07:50:31.707401,434752,327,1,2.2
2026-07-25 07:50:31.707401,435997,336,1,2.1
2026-07-25 07:50:31.707401,436761,174,1,1.0
2026-07-25 07:50:31.707401,436893,65,1,1.7
2026-07-25 07:50:31.707401,437495,3,1,2.6
2026-07-25 07:50:31.707401,437499,200,1,2.8
2026-07-25 07:50:31.707401,437505,553,1,1.8
2026-07-25 07:50:31.707401,437730,397,1,2.9
2026-07-25 07:50:31.707401,437738,333,1,1.7
2026-07-25 07:50:31.707401,438098,23,1,2.0
2026-07-25 07:50:31.707401,438234,401,1,2.2
2026-07-25 07:50:31.707401,438464,218,1,1.5
2026-07-25 07:50:31.707401,439509,557,1,2.3
2026-07-25 07:50:31.707401,439668,187,1,1.5
2026-07-25 07:50:31.707401,440089,96,1,2.0
2026-07-25 07:50:31.707401,440993,237,1,2.1
2026-07-25 07:50:31.707401,441164,499,1,2.5
2026-07-25 07:50:31.707401,441191,450,1,1.6
2026-07-25 07:50:31.707401,441264,552,1,2.0
2026-07-25 07:50:31.707401,441266,371,1,2.1
2026-07-25 07:50:31.707401,441302,36,1,1.7
2026-07-25 07:50:31.707401,443261,313,1,2.0
2026-07-25 07:50:31.707401,444102,79,1,2.0
2026-07-25 07:50:31.707401,444145,18,1,2.3
2026-07-25 07:50:31.707401,444172,59,1,1.0
2026-07-25 07:50:31.707401,444180,105,1,2.1
2026-07-25 07:50:31.707401,444307,276,1,1.0
2026-07-25 07:50:31.707401,444463,145,1,0.0
2026-07-25 07:50:31.707401,444765,85,1,2.2
2026-07-25 07:50:31.707401,444884,383,1,2.0
2026-07-25 07:50:31.707401,445044,521,1,0.0
2026-07-25 07:50:31.707401,445122,5,1,0.0
2026-07-25 07:50:31.707401,446008,427,1,2.8
2026-07-25 07:50:31.707401,448047,155,1,2.4
2026-07-25 07:50:31.707401,448089,54,1,2.0
2026-07-25 07:50:31.707401,448104,9,1,2.5
2026-07-25 07:50:31.707401,448514,392,1,2.5
2026-07-25 07:50:31.707401,449027,351,1,2.6
2026-07-25 07:50:31.707401,449428,283,1,1.0
2026-07-25 07:50:31.707401,449429,306,1,1.0
2026-07-25 07:50:31.707401,449434,454,1,2.1
2026-07-25 07:50:31.707401,449871,48,1,0.0
2026-07-25 07:50:31.707401,450542,219,1,1.5
2026-07-25 07:50:31.707401,451284,175,1,1.0
2026-07-25 07:50:31.707401,451302,413,1,2.0
2026-07-25 07:50:31.707401,451340,121,1,0.0
2026-07-25 07:50:31.707401,451490,119,1,1.7
2026-07-25 07:50:31.707401,454490,120,1,2.2
2026-07-25 07:50:31.707401,455084,305,1,1.0
2026-07-25 07:50:31.707401,456512,483,1,2.0
2026-07-25 07:50:31.707401,457569,57,1,2.0
2026-07-25 07:50:31.707401,458249,440,1,1.8
2026-07-25 07:50:31.707401,460028,149,1,2.2
2026-07-25 07:50:31.707401,460842,512,1,1.7
2026-07-25 07:50:31.707401,461102,173,1,1.0
2026-07-25 07:50:31.707401,461199,547,1,1.5
2026-07-25 07:50:31.707401,461587,323,1,1.0
2026-07-25 07:50:31.707401,462387,322,1,1.4
2026-07-25 07:50:31.707401,462424,6,1,0.0
2026-07-25 07:50:31.707401,462635,340,1,1.5
2026-07-25 07:50:31.707401,463034,167,1,1.8
2026-07-25 07:50:31.707401,463067,125,1,1.8
2026-07-25 07:50:31.707401,463936,158,1,2.1
2026-07-25 07:50:31.707401,463981,60,1,2.5
2026-07-25 07:50:31.707401,464353,355,1,1.0
2026-07-25 07:50:31.707401,465247,412,1,2.6
2026-07-25 07:50:31.707401,465351,389,1,2.8
2026-07-25 07:50:31.707401,465390,177,1,1.0
2026-07-25 07:50:31.707401,465525,291,1,0.0
2026-07-25 07:50:31.707401,465642,445,1,2.2
2026-07-25 07:50:31.707401,465680,493,1,1.8
2026-07-25 07:50:31.707401,465694,405,1,2.0
2026-07-25 07:50:31.707401,465730,115,1,1.7
2026-07-25 07:50:31.707401,466052,399,1,2.6
2026-07-25 07:50:31.707401,466075,8,1,2.5
2026-07-25 07:50:31.707401,466525,335,1,2.1
2026-07-25 07:50:31.707401,467779,130,1,2.2
2026-07-25 07:50:31.707401,469142,112,1,2.2
2026-07-25 07:50:31.707401,469247,49,1,1.5
2026-07-25 07:50:31.707401,469272,190,1,2.0
2026-07-25 07:50:31.707401,470294,297,1,1.0
2026-07-25 07:50:31.707401,470313,463,1,2.0
2026-07-25 07:50:31.707401,470315,478,1,1.7
2026-07-25 07:50:31.707401,472713,90,1,1.7
2026-07-25 07:50:31.707401,472739,110,1,2.0
2026-07-25 07:50:31.707401,472769,387,1,3.1
2026-07-25 07:50:31.707401,475168,165,1,2.3
2026-07-25 07:50:31.707401,476887,485,1,2.0
2026-07-25 07:50:31.707401,477064,395,1,1.7
2026-07-25 07:50:31.707401,477424,391,1,2.5
2026-07-25 07:50:31.707401,477547,538,1,1.0
2026-07-25 07:50:31.707401,477555,264,1,2.0
2026-07-25 07:50:31.707401,480455,230,1,2.5
2026-07-25 07:50:31.707401,480457,183,1,1.1
2026-07-25 07:50:31.707401,481624,318,1,2.0
2026-07-25 07:50:31.707401,481655,19,1,2.0
2026-07-25 07:50:31.707401,482442,518,1,1.5
2026-07-25 07:50:31.707401,482609,144,1,2.2
2026-07-25 07:50:31.707401,482973,491,1,2.0
2026-07-25 07:50:31.707401,484389,171,1,1.0
2026-07-25 07:50:31.707401,484420,542,1,2.1
2026-07-25 07:50:31.707401,485047,470,1,2.2
2026-07-25 07:50:31.707401,485055,496,1,2.0
2026-07-25 07:50:31.707401,485337,42,1,2.0
2026-07-25 07:50:31.707401,485711,439,1,1.7
2026-07-25 07:50:31.707401,486385,248,1,1.8
2026-07-25 07:50:31.707401,486520,344,1,1.5
2026-07-25 07:50:31.707401,486672,159,1,2.0
2026-07-25 07:50:31.707401,487053,506,1,1.7
2026-07-25 07:50:31.707401,487117,139,1,0.0
2026-07-25 07:50:31.707401,487676,534,1,1.7
2026-07-25 07:50:31.707401,487838,449,1,2.2
2026-07-25 07:50:31.707401,488024,211,1,2.0
2026-07-25 07:50:31.707401,489580,365,1,1.0
2026-07-25 07:50:31.707401,489639,109,1,2.0
2026-07-25 07:50:31.707401,489706,215,1,1.5
2026-07-25 07:50:31.707401,489888,77,1,1.5
2026-07-25 07:50:31.707401,490094,240,1,1.5
2026-07-25 07:50:31.707401,490145,528,1,1.0
2026-07-25 07:50:31.707401,490161,293,1,1.5
2026-07-25 07:50:31.707401,490881,436,1,1.5
2026-07-25 07:50:31.707401,491007,163,1,1.0
2026-07-25 07:50:31.707401,491279,503,1,2.2
2026-07-25 07:50:31.707401,491501,378,1,1.0
2026-07-25 07:50:31.707401,492498,191,1,1.0
2026-07-25 07:50:31.707401,492777,360,1,0.0
2026-07-25 07:50:31.707401,492859,341,1,1.5
2026-07-25 07:50:31.707401,493105,160,1,2.1
2026-07-25 07:50:31.707401,493250,431,1,2.1
2026-07-25 07:50:31.707401,493362,513,1,0.0
2026-07-25 07:50:31.707401,494307,394,1,2.2
2026-07-25 07:50:31.707401,494521,61,1,2.5
2026-07-25 07:50:31.707401,494595,366,1,2.6
2026-07-25 07:50:31.707401,494950,275,1,1.0
2026-07-25 07:50:31.707401,496208,72,1,1.5
2026-07-25 07:50:31.707401,496221,210,1,1.5
2026-07-25 07:50:31.707401,496661,245,1,2.0
2026-07-25 07:50:31.707401,498016,529,1,2.6
2026-07-25 07:50:31.707401,499169,7,1,2.0
2026-07-25 07:50:31.707401,499175,22,1,2.0
2026-07-25 07:50:31.707401,499300,235,1,1.0
2026-07-25 07:50:31.707401,499309,168,1,1.4
2026-07-25 07:50:31.707401,499604,67,1,2.3
2026-07-25 07:50:31.707401,499716,510,1,1.0
2026-07-25 07:50:31.707401,499721,523,1,1.5
2026-07-25 07:50:31.707401,499726,524,1,1.0
2026-07-25 07:50:31.707401,500040,11,1,2.5
2026-07-25 07:50:31.707401,500058,382,1,0.8
2026-07-25 07:50:31.707401,500151,475,1,0.0
2026-07-25 07:50:31.707401,500957,298,1,1.0
2026-07-25 07:50:31.707401,501390,309,1,1.5
2026-07-25 07:50:31.707401,501459,185,1,1.5
2026-07-25 07:50:31.707401,501902,278,1,1.0
2026-07-25 07:50:31.707401,502500,106,1,2.5
2026-07-25 07:50:31.707401,502697,243,1,1.5
2026-07-25 07:50:31.707401,503037,170,1,1.0
2026-07-25 07:50:31.707401,503139,69,1,2.1
2026-07-25 07:50:31.707401,503301,484,1,2.0
2026-07-25 07:50:31.707401,505079,252,1,1.0
2026-07-25 07:50:31.707401,507433,83,1,2.0
2026-07-25 07:50:31.707401,508395,102,1,1.5
2026-07-25 07:50:31.707401,508479,141,1,2.6
2026-07-25 07:50:31.707401,509416,129,1,2.0
2026-07-25 07:50:31.707401,510281,403,1,2.3
2026-07-25 07:50:31.707401,510663,380,1,0.0
2026-07-25 07:50:31.707401,511499,514,1,2.1
2026-07-25 07:50:31.707401,512462,232,1,2.2
2026-07-25 07:50:31.707401,513086,93,1,1.7
2026-07-25 07:50:31.707401,513418,94,1,2.1
2026-07-25 07:50:31.707401,513466,246,1,1.5
2026-07-25 07:50:31.707401,514254,127,1,1.5
2026-07-25 07:50:31.707401,514356,161,1,1.5
2026-07-25 07:50:31.707401,514514,381,1,1.5
2026-07-25 07:50:31.707401,515046,531,1,2.0
2026-07-25 07:50:31.707401,515597,35,1,1.5
2026-07-25 07:50:31.707401,515621,206,1,1.7
2026-07-25 07:50:31.707401,516895,432,1,2.0
2026-07-25 07:50:31.707401,517052,166,1,2.1
2026-07-25 07:50:31.707401,519440,361,1,1.0
2026-07-25 07:50:31.707401,519634,537,1,1.7
2026-07-25 07:50:31.707401,519913,438,1,1.0
2026-07-25 07:50:31.707401,522047,334,1,2.2
2026-07-25 07:50:31.707401,531442,315,1,2.0
2026-07-25 07:50:31.707401,532529,123,1,2.1
2026-07-25 07:50:31.707401,532605,162,1,1.5
2026-07-25 07:50:31.707401,533463,95,1,2.3
2026-07-25 07:50:31.707401,534392,299,1,1.0
2026-07-25 07:50:31.707401,535301,131,1,1.5
2026-07-25 07:50:31.707401,535818,546,1,1.5
2026-07-25 07:50:31.707401,535928,376,1,0.0
2026-07-25 07:50:31.707401,536661,551,1,1.5
2026-07-25 07:50:31.707401,536694,217,1,1.5
2026-07-25 07:50:31.707401,536916,128,1,1.5
2026-07-25 07:50:31.707401,538207,465,1,2.0
2026-07-25 07:50:31.707401,538638,479,1,1.0
2026-07-25 07:50:31.707401,539142,182,1,1.0
2026-07-25 07:50:31.707401,540324,286,1,1.5
2026-07-25 07:50:31.707401,543295,99,1,1.1
2026-07-25 07:50:31.707401,543968,316,1,1.8
2026-07-25 07:50:31.707401,544877,358,1,2.5
2026-07-25 07:50:31.707401,545477,451,1,1.0
2026-07-25 07:50:31.707401,546600,554,1,2.0
2026-07-25 07:50:31.707401,547027,543,1,2.0
2026-07-25 07:50:31.707401,547037,434,1,1.5
2026-07-25 07:50:31.707401,547676,425,1,1.0
2026-07-25 07:50:31.707401,547701,522,1,1.5
2026-07-25 07:50:31.707401,547719,459,1,0.0
2026-07-25 07:50:31.707401,548308,507,1,1.7
2026-07-25 07:50:31.707401,549067,477,1,1.0
2026-07-25 07:50:31.707401,549074,133,1,1.5
2026-07-25 07:50:31.707401,549653,197,1,1.0
2026-07-25 07:50:31.707401,549912,549,1,2.0
2026-07-25 07:50:31.707401,550090,117,1,1.7
2026-07-25 07:50:31.707401,550615,242,1,2.0
2026-07-25 07:50:31.707401,550839,517,1,0.0
2026-07-25 07:50:31.707401,550864,420,1,2.2
2026-07-25 07:50:31.707401,551210,148,1,1.7
2026-07-25 07:50:31.707401,551226,525,1,2.1
2026-07-25 07:50:31.707401,551262,196,1,1.4
2026-07-25 07:50:31.707401,551499,377,1,2.3
2026-07-25 07:50:31.707401,553783,294,1,1.0
2026-07-25 07:50:31.707401,554197,548,1,1.5
2026-07-25 07:50:31.707401,554578,444,1,2.0
2026-07-25 07:50:31.707401,556637,134,1,1.0
2026-07-25 07:50:31.707401,557012,321,1,1.0
2026-07-25 07:50:31.707401,560262,78,1,2.6
2026-07-25 07:50:31.707401,560552,263,1,2.0
2026-07-25 07:50:31.707401,561245,81,1,2.0
2026-07-25 07:50:31.707401,565297,349,1,1.0
2026-07-25 07:50:31.707401,567119,169,1,1.0
2026-07-25 07:50:31.707401,570241,92,1,1.7
2026-07-25 07:50:31.707401,570526,520,1,2.0
2026-07-25 07:50:31.707401,574458,150,1,1.7
2026-07-25 07:50:31.707401,575204,407,1,1.5
2026-07-25 07:50:31.707401,575458,474,1,1.7
2026-07-25 07:50:31.707401,575476,472,1,1.9
2026-07-25 07:50:31.707401,575901,66,1,1.0
2026-07-25 07:50:31.707401,576620,437,1,1.0
2026-07-25 07:50:31.707401,576628,435,1,1.5
2026-07-25 07:50:31.707401,577016,151,1,1.7
2026-07-25 07:50:31.707401,577285,51,1,1.0
2026-07-25 07:50:31.707401,577411,181,1,1.0
2026-07-25 07:50:31.707401,577669,545,1,1.5
2026-07-25 07:50:31.707401,577725,268,1,2.0
2026-07-25 07:50:31.707401,577974,424,1,1.0
2026-07-25 07:50:31.707401,578153,393,1,2.5
2026-07-25 07:50:31.707401,578545,39,1,1.0
2026-07-25 07:50:31.707401,586268,353,1,1.0
2026-07-25 07:50:31.707401,586309,249,1,1.8
2026-07-25 07:50:31.707401,590014,220,1,1.7
2026-07-25 07:50:31.707401,590039,409,1,1.0
2026-07-25 07:50:31.707401,591386,375,1,1.5
2026-07-25 07:50:31.707401,592031,122,1,2.1
2026-07-25 07:50:31.707401,593117,164,1,1.5
2026-07-25 07:50:31.707401,593174,107,1,1.0
2026-07-25 07:50:31.707401,596047,441,1,1.0
2026-07-25 07:50:31.707401,596777,415,1,2.1
2026-07-25 07:50:31.707401,597320,132,1,1.0
2026-07-25 07:50:31.707401,599303,466,1,1.0
2026-07-25 07:50:31.707401,606702,362,1,1.6
2026-07-25 07:50:31.707401,606745,421,1,1.7
2026-07-25 07:50:31.707401,606798,38,1,1.0
2026-07-25 07:50:31.707401,606921,216,1,1.5
2026-07-25 07:50:31.707401,607464,88,1,1.7
2026-07-25 07:50:31.707401,608181,137,1,1.3
2026-07-25 07:50:31.707401,609873,244,1,1.5
2026-07-25 07:50:31.707401,610799,504,1,2.2
2026-07-25 07:50:31.707401,611665,461,1,2.1
2026-07-25 07:50:31.707401,611922,369,1,2.1
2026-07-25 07:50:31.707401,614071,53,1,2.1
2026-07-25 07:50:31.707401,614574,76,1,1.5
2026-07-25 07:50:31.707401,616077,20,1,2.0
2026-07-25 07:50:31.707401,616221,511,1,1.0
2026-07-25 07:50:31.707401,616222,396,1,1.7
2026-07-25 07:50:31.707401,620109,152,1,2.5
2026-07-25 07:50:31.707401,620487,63,1,2.2
2026-07-25 07:50:31.707401,624773,157,1,2.3
2026-07-25 07:50:31.707401,629397,192,1,1.0
2026-07-25 07:50:31.707401,631786,272,1,1.0
2026-07-25 07:50:31.707401,636852,462,1,1.5
2026-07-25 07:50:31.707401,640419,509,1,1.0
2026-07-25 07:50:31.707401,645618,50,1,1.0
2026-07-25 07:50:31.707401,647681,363,1,0.0
2026-07-25 07:50:31.707401,647850,138,1,1.8
2026-07-25 07:50:31.707401,649208,410,1,1.5
2026-07-25 07:50:31.707401,651426,203,1,2.2
2026-07-25 07:50:31.707401,653481,52,1,1.5
2026-07-25 07:50:31.707401,660392,225,1,0.0
2026-07-25 07:50:31.707401,661800,284,1,1.0
2026-07-25 07:50:31.707401,672492,221,1,1.0
2026-07-25 07:50:31.707401,684268,189,1,1.0
2026-07-25 07:50:31.707401,699989,550,1,1.5
2026-07-25 07:50:31.707401,700308,135,1,1.5
2026-07-26 08:07:23.215035,17761,229,1,2.8
2026-07-26 08:07:23.215035,21205,414,1,1.0
2026-07-26 08:07:23.215035,40383,58,1,1.0
2026-07-26 08:07:23.215035,49262,111,1,1.0
2026-07-26 08:07:23.215035,50093,302,1,1.0
2026-07-26 08:07:23.215035,50175,136,1,2.0
2026-07-26 08:07:23.215035,54469,64,1,1.7
2026-07-26 08:07:23.215035,56979,101,1,1.1
2026-07-26 08:07:23.215035,59735,325,1,1.5
2026-07-26 08:07:23.215035,60307,124,1,2.0
2026-07-26 08:07:23.215035,60689,490,1,2.0
2026-07-26 08:07:23.215035,67089,497,1,1.0
2026-07-26 08:07:23.215035,72147,29,1,2.0
2026-07-26 08:07:23.215035,75115,108,1,1.8
2026-07-26 08:07:23.215035,76357,266,1,1.5
2026-07-26 08:07:23.215035,78916,448,1,2.2
2026-07-26 08:07:23.215035,80178,178,1,1.0
2026-07-26 08:07:23.215035,80201,250,1,2.0
2026-07-26 08:07:23.215035,81441,443,1,2.0
2026-07-26 08:07:23.215035,83299,116,1,1.7
2026-07-26 08:07:23.215035,84450,544,1,2.0
2026-07-26 08:07:23.215035,85633,467,1,2.6
2026-07-26 08:07:23.215035,86873,251,1,1.0
2026-07-26 08:07:23.215035,88894,46,1,1.5
2026-07-26 08:07:23.215035,91651,406,1,2.0
2026-07-26 08:07:23.215035,93605,541,1,1.7
2026-07-26 08:07:23.215035,95658,418,1,2.2
2026-07-26 08:07:23.215035,97032,356,1,3.1
2026-07-26 08:07:23.215035,98747,442,1,2.6
2026-07-26 08:07:23.215035,98980,28,1,2.6
2026-07-26 08:07:23.215035,101188,30,1,1.7
2026-07-26 08:07:23.215035,101282,289,1,1.0
2026-07-26 08:07:23.215035,105666,274,1,2.0
2026-07-26 08:07:23.215035,105717,540,1,1.0
2026-07-26 08:07:23.215035,106611,231,1,2.2
2026-07-26 08:07:23.215035,106760,423,1,1.7
2026-07-26 08:07:23.215035,108413,212,1,1.0
2026-07-26 08:07:23.215035,108416,277,1,1.0
2026-07-26 08:07:23.215035,108813,300,1,2.0
2026-07-26 08:07:23.215035,109646,147,1,1.7
2026-07-26 08:07:23.215035,109745,2,1,2.6
2026-07-26 08:07:23.215035,110690,172,1,2.0
2026-07-26 08:07:23.215035,111234,226,1,3.3
2026-07-26 08:07:23.215035,111317,74,1,1.5
2026-07-26 08:07:23.215035,112520,301,1,1.0
2026-07-26 08:07:23.215035,114243,457,1,2.1
2026-07-26 08:07:23.215035,114283,238,1,2.3
2026-07-26 08:07:23.215035,115556,508,1,1.0
2026-07-26 08:07:23.215035,116535,350,1,3.3
2026-07-26 08:07:23.215035,119471,446,1,2.2
2026-07-26 08:07:23.215035,121709,199,1,2.0
2026-07-26 08:07:23.215035,122074,386,1,2.0
2026-07-26 08:07:23.215035,122798,502,1,1.7
2026-07-26 08:07:23.215035,122806,45,1,2.0
2026-07-26 08:07:23.215035,128295,21,1,1.5
2026-07-26 08:07:23.215035,135720,501,1,2.2
2026-07-26 08:07:23.215035,138001,228,1,2.0
2026-07-26 08:07:23.215035,141746,426,1,4.0
2026-07-26 08:07:23.215035,146426,279,1,1.0
2026-07-26 08:07:23.215035,147675,320,1,1.4
2026-07-26 08:07:23.215035,149484,33,1,1.7
2026-07-26 08:07:23.215035,149929,311,1,1.5
2026-07-26 08:07:23.215035,152551,213,1,1.5
2026-07-26 08:07:23.215035,153133,261,1,2.0
2026-07-26 08:07:23.215035,153366,270,1,1.0
2026-07-26 08:07:23.215035,153682,260,1,2.3
2026-07-26 08:07:23.215035,154561,1,1,4.0
2026-07-26 08:07:23.215035,154566,526,1,2.0
2026-07-26 08:07:23.215035,155405,408,1,1.5
2026-07-26 08:07:23.215035,155408,71,1,1.5
2026-07-26 08:07:23.215035,155503,352,1,1.0
2026-07-26 08:07:23.215035,158499,75,1,0.0
2026-07-26 08:07:23.215035,158983,374,1,1.1
2026-07-26 08:07:23.215035,159506,473,1,1.7
2026-07-26 08:07:23.215035,160817,285,1,1.0
2026-07-26 08:07:23.215035,166477,258,1,1.7
2026-07-26 08:07:23.215035,166989,43,1,1.6
2026-07-26 08:07:23.215035,167074,256,1,1.7
2026-07-26 08:07:23.215035,167512,539,1,1.0
2026-07-26 08:07:23.215035,167825,273,1,1.0
2026-07-26 08:07:23.215035,168144,184,1,1.5
2026-07-26 08:07:23.215035,168636,80,1,1.8
2026-07-26 08:07:23.215035,169359,556,1,1.0
2026-07-26 08:07:23.215035,169432,295,1,1.8
2026-07-26 08:07:23.215035,169528,254,1,1.7
2026-07-26 08:07:23.215035,169593,555,1,1.0
2026-07-26 08:07:23.215035,171270,288,1,1.0
2026-07-26 08:07:23.215035,171287,359,1,2.2
2026-07-26 08:07:23.215035,171314,390,1,2.5
2026-07-26 08:07:23.215035,172453,319,1,1.5
2026-07-26 08:07:23.215035,172649,198,1,2.6
2026-07-26 08:07:23.215035,172780,515,1,2.3
2026-07-26 08:07:23.215035,173878,176,1,1.0
2026-07-26 08:07:23.215035,173879,56,1,0.0
2026-07-26 08:07:23.215035,174594,347,1,1.8
2026-07-26 08:07:23.215035,174874,253,1,0.0
2026-07-26 08:07:23.215035,176297,429,1,2.4
2026-07-26 08:07:23.215035,176412,193,1,1.8
2026-07-26 08:07:23.215035,176420,308,1,1.0
2026-07-26 08:07:23.215035,177815,346,1,2.0
2026-07-26 08:07:23.215035,178301,55,1,2.5
2026-07-26 08:07:23.215035,180135,339,1,1.5
2026-07-26 08:07:23.215035,180736,143,1,2.5
2026-07-26 08:07:23.215035,180974,458,1,1.5
2026-07-26 08:07:23.215035,183015,303,1,1.0
2026-07-26 08:07:23.215035,183656,103,1,1.5
2026-07-26 08:07:23.215035,184029,15,1,2.3
2026-07-26 08:07:23.215035,184254,494,1,2.0
2026-07-26 08:07:23.215035,184341,430,1,2.0
2026-07-26 08:07:23.215035,184349,269,1,1.7
2026-07-26 08:07:23.215035,184667,37,1,1.7
2026-07-26 08:07:23.215035,191866,87,1,1.7
2026-07-26 08:07:23.215035,193278,280,1,1.0
2026-07-26 08:07:23.215035,194010,89,1,1.7
2026-07-26 08:07:23.215035,195384,17,1,2.1
2026-07-26 08:07:23.215035,195546,41,1,2.1
2026-07-26 08:07:23.215035,198869,10,1,0.0
2026-07-26 08:07:23.215035,199598,338,1,2.0
2026-07-26 08:07:23.215035,199796,32,1,1.7
2026-07-26 08:07:23.215035,199798,31,1,1.7
2026-07-26 08:07:23.215035,200089,460,1,1.5
2026-07-26 08:07:23.215035,200617,343,1,1.5
2026-07-26 08:07:23.215035,200641,24,1,2.0
2026-07-26 08:07:23.215035,200720,82,1,2.6
2026-07-26 08:07:23.215035,200785,73,1,1.5
2026-07-26 08:07:23.215035,200834,533,1,2.5
2026-07-26 08:07:23.215035,201595,326,1,2.0
2026-07-26 08:07:23.215035,201658,68,1,2.1
2026-07-26 08:07:23.215035,201666,453,1,2.1
2026-07-26 08:07:23.215035,201895,535,1,2.2
2026-07-26 08:07:23.215035,202993,516,1,2.0
2026-07-26 08:07:23.215035,204120,114,1,1.7
2026-07-26 08:07:23.215035,204480,13,1,2.6
2026-07-26 08:07:23.215035,204561,558,1,1.5
2026-07-26 08:07:23.215035,204580,98,1,1.5
2026-07-26 08:07:23.215035,204813,179,1,1.0
2026-07-26 08:07:23.215035,204822,476,1,1.0
2026-07-26 08:07:23.215035,204936,384,1,3.3
2026-07-26 08:07:23.215035,204968,489,1,1.0
2026-07-26 08:07:23.215035,205533,224,1,1.8
2026-07-26 08:07:23.215035,205651,27,1,2.0
2026-07-26 08:07:23.215035,206915,373,1,2.0
2026-07-26 08:07:23.215035,207189,265,1,1.5
2026-07-26 08:07:23.215035,207283,97,1,2.0
2026-07-26 08:07:23.215035,208481,292,1,1.5
2026-07-26 08:07:23.215035,208706,452,1,2.4
2026-07-26 08:07:23.215035,209036,388,1,2.8
2026-07-26 08:07:23.215035,209046,482,1,1.6
2026-07-26 08:07:23.215035,209244,398,1,2.4
2026-07-26 08:07:23.215035,209289,262,1,2.0
2026-07-26 08:07:23.215035,209365,416,1,0.0
2026-07-26 08:07:23.215035,209400,214,1,1.5
2026-07-26 08:07:23.215035,210156,492,1,1.8
2026-07-26 08:07:23.215035,210462,488,1,1.5
2026-07-26 08:07:23.215035,212314,267,1,1.5
2026-07-26 08:07:23.215035,212319,527,1,2.0
2026-07-26 08:07:23.215035,213292,296,1,1.5
2026-07-26 08:07:23.215035,214225,329,1,1.7
2026-07-26 08:07:23.215035,214285,364,1,2.2
2026-07-26 08:07:23.215035,214572,495,1,1.0
2026-07-26 08:07:23.215035,215059,140,1,2.6
2026-07-26 08:07:23.215035,215136,469,1,2.2
2026-07-26 08:07:23.215035,215379,481,1,2.3
2026-07-26 08:07:23.215035,215413,236,1,2.3
2026-07-26 08:07:23.215035,215711,44,1,2.0
2026-07-26 08:07:23.215035,216051,417,1,2.2
2026-07-26 08:07:23.215035,216094,357,1,2.5
2026-07-26 08:07:23.215035,216616,304,1,1.0
2026-07-26 08:07:23.215035,216646,464,1,2.0
2026-07-26 08:07:23.215035,218364,205,1,1.7
2026-07-26 08:07:23.215035,218997,195,1,1.4
2026-07-26 08:07:23.215035,219168,379,1,2.7
2026-07-26 08:07:23.215035,219249,126,1,2.0
2026-07-26 08:07:23.215035,219847,26,1,2.3
2026-07-26 08:07:23.215035,219924,259,1,1.0
2026-07-26 08:07:23.215035,220237,447,1,2.2
2026-07-26 08:07:23.215035,220362,153,1,1.7
2026-07-26 08:07:23.215035,220566,402,1,0.0
2026-07-26 08:07:23.215035,220583,180,1,1.0
2026-07-26 08:07:23.215035,220627,332,1,1.7
2026-07-26 08:07:23.215035,221389,468,1,2.0
2026-07-26 08:07:23.215035,221399,342,1,1.5
2026-07-26 08:07:23.215035,221466,498,1,2.8
2026-07-26 08:07:23.215035,221632,500,1,2.2
2026-07-26 08:07:23.215035,221820,419,1,1.6
2026-07-26 08:07:23.215035,222018,307,1,1.0
2026-07-26 08:07:23.215035,222531,480,1,2.8
2026-07-26 08:07:23.215035,222625,317,1,1.4
2026-07-26 08:07:23.215035,222683,70,1,2.1
2026-07-26 08:07:23.215035,222694,328,1,2.2
2026-07-26 08:07:23.215035,223094,411,1,4.0
2026-07-26 08:07:23.215035,223340,12,1,3.2
2026-07-26 08:07:23.215035,223434,118,1,1.7
2026-07-26 08:07:23.215035,223541,370,1,2.0
2026-07-26 08:07:23.215035,223827,532,1,2.2
2026-07-26 08:07:23.215035,224117,25,1,2.3
2026-07-26 08:07:23.215035,224967,233,1,1.7
2026-07-26 08:07:23.215035,225796,142,1,2.5
2026-07-26 08:07:23.215035,226182,330,1,1.7
2026-07-26 08:07:23.215035,226597,4,1,4.0
2026-07-26 08:07:23.215035,226944,47,1,1.1
2026-07-26 08:07:23.215035,226965,188,1,2.0
2026-07-26 08:07:23.215035,227444,471,1,2.5
2026-07-26 08:07:23.215035,229164,314,1,1.5
2026-07-26 08:07:23.215035,229600,227,1,2.6
2026-07-26 08:07:23.215035,230001,422,1,1.7
2026-07-26 08:07:23.215035,230730,194,1,1.4
2026-07-26 08:07:23.215035,231065,91,1,1.7
2026-07-26 08:07:23.215035,231416,113,1,1.7
2026-07-26 08:07:23.215035,231747,223,1,2.1
2026-07-26 08:07:23.215035,231899,312,1,1.0
2026-07-26 08:07:23.215035,232112,433,1,0.0
2026-07-26 08:07:23.215035,232185,208,1,2.3
2026-07-26 08:07:23.215035,232351,282,1,1.0
2026-07-26 08:07:23.215035,232413,14,1,2.3
2026-07-26 08:07:23.215035,232457,324,1,1.5
2026-07-26 08:07:23.215035,232571,530,1,1.0
2026-07-26 08:07:23.215035,232653,456,1,1.5
2026-07-26 08:07:23.215035,232787,519,1,2.0
2026-07-26 08:07:23.215035,232859,505,1,1.7
2026-07-26 08:07:23.215035,232892,257,1,1.7
2026-07-26 08:07:23.215035,232905,287,1,1.5
2026-07-26 08:07:23.215035,232928,239,1,0.0
2026-07-26 08:07:23.215035,235826,348,1,1.4
2026-07-26 08:07:23.215035,241117,310,1,1.5
2026-07-26 08:07:23.215035,241293,186,1,2.0
2026-07-26 08:07:23.215035,242313,207,1,1.7
2026-07-26 08:07:23.215035,242880,146,1,1.7
2026-07-26 08:07:23.215035,242882,62,1,2.2
2026-07-26 08:07:23.215035,242898,209,1,2.1
2026-07-26 08:07:23.215035,243016,372,1,2.0
2026-07-26 08:07:23.215035,243298,367,1,2.4
2026-07-26 08:07:23.215035,243413,290,1,1.0
2026-07-26 08:07:23.215035,243526,331,1,1.7
2026-07-26 08:07:23.215035,243571,234,1,1.7
2026-07-26 08:07:23.215035,244042,271,1,1.8
2026-07-26 08:07:23.215035,244723,204,1,1.7
2026-07-26 08:07:23.215035,244850,40,1,2.6
2026-07-26 08:07:23.215035,244851,154,1,3.2
2026-07-26 08:07:23.215035,244858,100,1,0.0
2026-07-26 08:07:23.215035,244860,247,1,2.0
2026-07-26 08:07:23.215035,244954,34,1,1.7
2026-07-26 08:07:23.215035,246301,255,1,1.7
2026-07-26 08:07:23.215035,247348,201,1,2.5
2026-07-26 08:07:23.215035,247412,222,1,2.0
2026-07-26 08:07:23.215035,247632,156,1,2.3
2026-07-26 08:07:23.215035,248056,345,1,1.5
2026-07-26 08:07:23.215035,248857,16,1,2.3
2026-07-26 08:07:23.215035,248875,400,1,2.6
2026-07-26 08:07:23.215035,249231,86,1,2.0
2026-07-26 08:07:23.215035,250199,487,1,1.5
2026-07-26 08:07:23.215035,424876,368,1,2.4
2026-07-26 08:07:23.215035,427623,202,1,2.2
2026-07-26 08:07:23.215035,427637,337,1,2.0
2026-07-26 08:07:23.215035,428580,104,1,1.5
2026-07-26 08:07:23.215035,430871,428,1,2.8
2026-07-26 08:07:23.215035,432422,455,1,2.0
2026-07-26 08:07:23.215035,432714,486,1,2.0
2026-07-26 08:07:23.215035,432720,385,1,2.6
2026-07-26 08:07:23.215035,432830,84,1,2.5
2026-07-26 08:07:23.215035,432987,354,1,1.0
2026-07-26 08:07:23.215035,433036,404,1,2.1
2026-07-26 08:07:23.215035,433154,241,1,2.0
2026-07-26 08:07:23.215035,433590,281,1,1.0
2026-07-26 08:07:23.215035,434399,536,1,1.7
2026-07-26 08:07:23.215035,434752,327,1,2.2
2026-07-26 08:07:23.215035,435997,336,1,2.1
2026-07-26 08:07:23.215035,436761,174,1,1.0
2026-07-26 08:07:23.215035,436893,65,1,1.7
2026-07-26 08:07:23.215035,437495,3,1,2.6
2026-07-26 08:07:23.215035,437499,200,1,2.8
2026-07-26 08:07:23.215035,437505,553,1,1.8
2026-07-26 08:07:23.215035,437730,397,1,2.9
2026-07-26 08:07:23.215035,437738,333,1,1.7
2026-07-26 08:07:23.215035,438098,23,1,2.0
2026-07-26 08:07:23.215035,438234,401,1,2.2
2026-07-26 08:07:23.215035,438464,218,1,1.5
2026-07-26 08:07:23.215035,439509,557,1,2.3
2026-07-26 08:07:23.215035,439668,187,1,1.5
2026-07-26 08:07:23.215035,440089,96,1,2.0
2026-07-26 08:07:23.215035,440993,237,1,2.1
2026-07-26 08:07:23.215035,441164,499,1,2.5
2026-07-26 08:07:23.215035,441191,450,1,1.6
2026-07-26 08:07:23.215035,441264,552,1,2.0
2026-07-26 08:07:23.215035,441266,371,1,2.1
2026-07-26 08:07:23.215035,441302,36,1,1.7
2026-07-26 08:07:23.215035,443261,313,1,2.0
2026-07-26 08:07:23.215035,444102,79,1,2.0
2026-07-26 08:07:23.215035,444145,18,1,2.3
2026-07-26 08:07:23.215035,444172,59,1,1.0
2026-07-26 08:07:23.215035,444180,105,1,2.1
2026-07-26 08:07:23.215035,444307,276,1,1.0
2026-07-26 08:07:23.215035,444463,145,1,0.0
2026-07-26 08:07:23.215035,444765,85,1,2.2
2026-07-26 08:07:23.215035,444884,383,1,2.0
2026-07-26 08:07:23.215035,445044,521,1,0.0
2026-07-26 08:07:23.215035,445122,5,1,0.0
2026-07-26 08:07:23.215035,446008,427,1,2.8
2026-07-26 08:07:23.215035,448047,155,1,2.4
2026-07-26 08:07:23.215035,448089,54,1,2.0
2026-07-26 08:07:23.215035,448104,9,1,2.5
2026-07-26 08:07:23.215035,448514,392,1,2.5
2026-07-26 08:07:23.215035,449027,351,1,2.6
2026-07-26 08:07:23.215035,449428,283,1,1.0
2026-07-26 08:07:23.215035,449429,306,1,1.0
2026-07-26 08:07:23.215035,449434,454,1,2.1
2026-07-26 08:07:23.215035,449871,48,1,0.0
2026-07-26 08:07:23.215035,450542,219,1,1.5
2026-07-26 08:07:23.215035,451284,175,1,1.0
2026-07-26 08:07:23.215035,451302,413,1,2.0
2026-07-26 08:07:23.215035,451340,121,1,0.0
2026-07-26 08:07:23.215035,451490,119,1,1.7
2026-07-26 08:07:23.215035,454490,120,1,2.2
2026-07-26 08:07:23.215035,455084,305,1,1.0
2026-07-26 08:07:23.215035,456512,483,1,2.0
2026-07-26 08:07:23.215035,457569,57,1,2.0
2026-07-26 08:07:23.215035,458249,440,1,1.8
2026-07-26 08:07:23.215035,460028,149,1,2.2
2026-07-26 08:07:23.215035,460842,512,1,1.7
2026-07-26 08:07:23.215035,461102,173,1,1.0
2026-07-26 08:07:23.215035,461199,547,1,1.5
2026-07-26 08:07:23.215035,461587,323,1,1.0
2026-07-26 08:07:23.215035,462387,322,1,1.4
2026-07-26 08:07:23.215035,462424,6,1,0.0
2026-07-26 08:07:23.215035,462635,340,1,1.5
2026-07-26 08:07:23.215035,463034,167,1,1.8
2026-07-26 08:07:23.215035,463067,125,1,1.8
2026-07-26 08:07:23.215035,463936,158,1,2.1
2026-07-26 08:07:23.215035,463981,60,1,2.5
2026-07-26 08:07:23.215035,464353,355,1,1.0
2026-07-26 08:07:23.215035,465247,412,1,2.6
2026-07-26 08:07:23.215035,465351,389,1,2.8
2026-07-26 08:07:23.215035,465390,177,1,1.0
2026-07-26 08:07:23.215035,465525,291,1,0.0
2026-07-26 08:07:23.215035,465642,445,1,2.2
2026-07-26 08:07:23.215035,465680,493,1,1.8
2026-07-26 08:07:23.215035,465694,405,1,2.0
2026-07-26 08:07:23.215035,465730,115,1,1.7
2026-07-26 08:07:23.215035,466052,399,1,2.6
2026-07-26 08:07:23.215035,466075,8,1,2.5
2026-07-26 08:07:23.215035,466525,335,1,2.1
2026-07-26 08:07:23.215035,467779,130,1,2.2
2026-07-26 08:07:23.215035,469142,112,1,2.2
2026-07-26 08:07:23.215035,469247,49,1,1.5
2026-07-26 08:07:23.215035,469272,190,1,2.0
2026-07-26 08:07:23.215035,470294,297,1,1.0
2026-07-26 08:07:23.215035,470313,463,1,2.0
2026-07-26 08:07:23.215035,470315,478,1,1.7
2026-07-26 08:07:23.215035,472713,90,1,1.7
2026-07-26 08:07:23.215035,472739,110,1,2.0
2026-07-26 08:07:23.215035,472769,387,1,3.1
2026-07-26 08:07:23.215035,475168,165,1,2.3
2026-07-26 08:07:23.215035,476887,485,1,2.0
2026-07-26 08:07:23.215035,477064,395,1,1.7
2026-07-26 08:07:23.215035,477424,391,1,2.5
2026-07-26 08:07:23.215035,477547,538,1,1.0
2026-07-26 08:07:23.215035,477555,264,1,2.0
2026-07-26 08:07:23.215035,480455,230,1,2.5
2026-07-26 08:07:23.215035,480457,183,1,1.1
2026-07-26 08:07:23.215035,481624,318,1,2.0
2026-07-26 08:07:23.215035,481655,19,1,2.0
2026-07-26 08:07:23.215035,482442,518,1,1.5
2026-07-26 08:07:23.215035,482609,144,1,2.2
2026-07-26 08:07:23.215035,482973,491,1,2.0
2026-07-26 08:07:23.215035,484389,171,1,1.0
2026-07-26 08:07:23.215035,484420,542,1,2.1
2026-07-26 08:07:23.215035,485047,470,1,2.2
2026-07-26 08:07:23.215035,485055,496,1,2.0
2026-07-26 08:07:23.215035,485337,42,1,2.0
2026-07-26 08:07:23.215035,485711,439,1,1.7
2026-07-26 08:07:23.215035,486385,248,1,1.8
2026-07-26 08:07:23.215035,486520,344,1,1.5
2026-07-26 08:07:23.215035,486672,159,1,2.0
2026-07-26 08:07:23.215035,487053,506,1,1.7
2026-07-26 08:07:23.215035,487117,139,1,0.0
2026-07-26 08:07:23.215035,487676,534,1,1.7
2026-07-26 08:07:23.215035,487838,449,1,2.2
2026-07-26 08:07:23.215035,488024,211,1,2.0
2026-07-26 08:07:23.215035,489580,365,1,1.0
2026-07-26 08:07:23.215035,489639,109,1,2.0
2026-07-26 08:07:23.215035,489706,215,1,1.5
2026-07-26 08:07:23.215035,489888,77,1,1.5
2026-07-26 08:07:23.215035,490094,240,1,1.5
2026-07-26 08:07:23.215035,490145,528,1,1.0
2026-07-26 08:07:23.215035,490161,293,1,1.5
2026-07-26 08:07:23.215035,490881,436,1,1.5
2026-07-26 08:07:23.215035,491007,163,1,1.0
2026-07-26 08:07:23.215035,491279,503,1,2.2
2026-07-26 08:07:23.215035,491501,378,1,1.0
2026-07-26 08:07:23.215035,492498,191,1,1.0
2026-07-26 08:07:23.215035,492777,360,1,0.0
2026-07-26 08:07:23.215035,492859,341,1,1.5
2026-07-26 08:07:23.215035,493105,160,1,2.1
2026-07-26 08:07:23.215035,493250,431,1,2.1
2026-07-26 08:07:23.215035,493362,513,1,0.0
2026-07-26 08:07:23.215035,494307,394,1,2.2
2026-07-26 08:07:23.215035,494521,61,1,2.5
2026-07-26 08:07:23.215035,494595,366,1,2.6
2026-07-26 08:07:23.215035,494950,275,1,1.0
2026-07-26 08:07:23.215035,496208,72,1,1.5
2026-07-26 08:07:23.215035,496221,210,1,1.5
2026-07-26 08:07:23.215035,496661,245,1,2.0
2026-07-26 08:07:23.215035,498016,529,1,2.6
2026-07-26 08:07:23.215035,499169,7,1,2.0
2026-07-26 08:07:23.215035,499175,22,1,2.0
2026-07-26 08:07:23.215035,499300,235,1,1.0
2026-07-26 08:07:23.215035,499309,168,1,1.4
2026-07-26 08:07:23.215035,499604,67,1,2.3
2026-07-26 08:07:23.215035,499716,510,1,1.0
2026-07-26 08:07:23.215035,499721,523,1,1.5
2026-07-26 08:07:23.215035,499726,524,1,1.0
2026-07-26 08:07:23.215035,500040,11,1,2.5
2026-07-26 08:07:23.215035,500058,382,1,0.8
2026-07-26 08:07:23.215035,500151,475,1,0.0
2026-07-26 08:07:23.215035,500957,298,1,1.0
2026-07-26 08:07:23.215035,501390,309,1,1.5
2026-07-26 08:07:23.215035,501459,185,1,1.5
2026-07-26 08:07:23.215035,501902,278,1,1.0
2026-07-26 08:07:23.215035,502500,106,1,2.5
2026-07-26 08:07:23.215035,502697,243,1,1.5
2026-07-26 08:07:23.215035,503037,170,1,1.0
2026-07-26 08:07:23.215035,503139,69,1,2.1
2026-07-26 08:07:23.215035,503301,484,1,2.0
2026-07-26 08:07:23.215035,505079,252,1,1.0
2026-07-26 08:07:23.215035,507433,83,1,2.0
2026-07-26 08:07:23.215035,508395,102,1,1.5
2026-07-26 08:07:23.215035,508479,141,1,2.6
2026-07-26 08:07:23.215035,509416,129,1,2.0
2026-07-26 08:07:23.215035,510281,403,1,2.3
2026-07-26 08:07:23.215035,510663,380,1,0.0
2026-07-26 08:07:23.215035,511499,514,1,2.1
2026-07-26 08:07:23.215035,512462,232,1,2.2
2026-07-26 08:07:23.215035,513086,93,1,1.7
2026-07-26 08:07:23.215035,513418,94,1,2.1
2026-07-26 08:07:23.215035,513466,246,1,1.5
2026-07-26 08:07:23.215035,514254,127,1,1.5
2026-07-26 08:07:23.215035,514356,161,1,1.5
2026-07-26 08:07:23.215035,514514,381,1,1.5
2026-07-26 08:07:23.215035,515046,531,1,2.0
2026-07-26 08:07:23.215035,515597,35,1,1.5
2026-07-26 08:07:23.215035,515621,206,1,1.7
2026-07-26 08:07:23.215035,516895,432,1,2.0
2026-07-26 08:07:23.215035,517052,166,1,2.1
2026-07-26 08:07:23.215035,519440,361,1,1.0
2026-07-26 08:07:23.215035,519634,537,1,1.7
2026-07-26 08:07:23.215035,519913,438,1,1.0
2026-07-26 08:07:23.215035,522047,334,1,2.2
2026-07-26 08:07:23.215035,531442,315,1,2.0
2026-07-26 08:07:23.215035,532529,123,1,2.1
2026-07-26 08:07:23.215035,532605,162,1,1.5
2026-07-26 08:07:23.215035,533463,95,1,2.3
2026-07-26 08:07:23.215035,534392,299,1,1.0
2026-07-26 08:07:23.215035,535301,131,1,1.5
2026-07-26 08:07:23.215035,535818,546,1,1.5
2026-07-26 08:07:23.215035,535928,376,1,0.0
2026-07-26 08:07:23.215035,536661,551,1,1.5
2026-07-26 08:07:23.215035,536694,217,1,1.5
2026-07-26 08:07:23.215035,536916,128,1,1.5
2026-07-26 08:07:23.215035,538207,465,1,2.0
2026-07-26 08:07:23.215035,538638,479,1,1.0
2026-07-26 08:07:23.215035,539142,182,1,1.0
2026-07-26 08:07:23.215035,540324,286,1,1.5
2026-07-26 08:07:23.215035,543295,99,1,1.1
2026-07-26 08:07:23.215035,543968,316,1,1.8
2026-07-26 08:07:23.215035,544877,358,1,2.5
2026-07-26 08:07:23.215035,545477,451,1,1.0
2026-07-26 08:07:23.215035,546600,554,1,2.0
2026-07-26 08:07:23.215035,547027,543,1,2.0
2026-07-26 08:07:23.215035,547037,434,1,1.5
2026-07-26 08:07:23.215035,547676,425,1,1.0
2026-07-26 08:07:23.215035,547701,522,1,1.5
2026-07-26 08:07:23.215035,547719,459,1,0.0
2026-07-26 08:07:23.215035,548308,507,1,1.7
2026-07-26 08:07:23.215035,549067,477,1,1.0
2026-07-26 08:07:23.215035,549074,133,1,1.5
2026-07-26 08:07:23.215035,549653,197,1,1.0
2026-07-26 08:07:23.215035,549912,549,1,2.0
2026-07-26 08:07:23.215035,550090,117,1,1.7
2026-07-26 08:07:23.215035,550615,242,1,2.0
2026-07-26 08:07:23.215035,550839,517,1,0.0
2026-07-26 08:07:23.215035,550864,420,1,2.2
2026-07-26 08:07:23.215035,551210,148,1,1.7
2026-07-26 08:07:23.215035,551226,525,1,2.1
2026-07-26 08:07:23.215035,551262,196,1,1.4
2026-07-26 08:07:23.215035,551499,377,1,2.3
2026-07-26 08:07:23.215035,553783,294,1,1.0
2026-07-26 08:07:23.215035,554197,548,1,1.5
2026-07-26 08:07:23.215035,554578,444,1,2.0
2026-07-26 08:07:23.215035,556637,134,1,1.0
2026-07-26 08:07:23.215035,557012,321,1,1.0
2026-07-26 08:07:23.215035,560262,78,1,2.6
2026-07-26 08:07:23.215035,560552,263,1,2.0
2026-07-26 08:07:23.215035,561245,81,1,2.0
2026-07-26 08:07:23.215035,565297,349,1,1.0
2026-07-26 08:07:23.215035,567119,169,1,1.0
2026-07-26 08:07:23.215035,570241,92,1,1.7
2026-07-26 08:07:23.215035,570526,520,1,2.0
2026-07-26 08:07:23.215035,574458,150,1,1.7
2026-07-26 08:07:23.215035,575204,407,1,1.5
2026-07-26 08:07:23.215035,575458,474,1,1.7
2026-07-26 08:07:23.215035,575476,472,1,1.9
2026-07-26 08:07:23.215035,575901,66,1,1.0
2026-07-26 08:07:23.215035,576620,437,1,1.0
2026-07-26 08:07:23.215035,576628,435,1,1.5
2026-07-26 08:07:23.215035,577016,151,1,1.7
2026-07-26 08:07:23.215035,577285,51,1,1.0
2026-07-26 08:07:23.215035,577411,181,1,1.0
2026-07-26 08:07:23.215035,577669,545,1,1.5
2026-07-26 08:07:23.215035,577725,268,1,2.0
2026-07-26 08:07:23.215035,577974,424,1,1.0
2026-07-26 08:07:23.215035,578153,393,1,2.5
2026-07-26 08:07:23.215035,578545,39,1,1.0
2026-07-26 08:07:23.215035,586268,353,1,1.0
2026-07-26 08:07:23.215035,586309,249,1,1.8
2026-07-26 08:07:23.215035,590014,220,1,1.7
2026-07-26 08:07:23.215035,590039,409,1,1.0
2026-07-26 08:07:23.215035,591386,375,1,1.5
2026-07-26 08:07:23.215035,592031,122,1,2.1
2026-07-26 08:07:23.215035,593117,164,1,1.5
2026-07-26 08:07:23.215035,593174,107,1,1.0
2026-07-26 08:07:23.215035,596047,441,1,1.0
2026-07-26 08:07:23.215035,596777,415,1,2.1
2026-07-26 08:07:23.215035,597320,132,1,1.0
2026-07-26 08:07:23.215035,599303,466,1,1.0
2026-07-26 08:07:23.215035,606702,362,1,1.6
2026-07-26 08:07:23.215035,606745,421,1,1.7
2026-07-26 08:07:23.215035,606798,38,1,1.0
2026-07-26 08:07:23.215035,606921,216,1,1.5
2026-07-26 08:07:23.215035,607464,88,1,1.7
2026-07-26 08:07:23.215035,608181,137,1,1.3
2026-07-26 08:07:23.215035,609873,244,1,1.5
2026-07-26 08:07:23.215035,610799,504,1,2.2
2026-07-26 08:07:23.215035,611665,461,1,2.1
2026-07-26 08:07:23.215035,611922,369,1,2.1
2026-07-26 08:07:23.215035,614071,53,1,2.1
2026-07-26 08:07:23.215035,614574,76,1,1.5
2026-07-26 08:07:23.215035,616077,20,1,2.0
2026-07-26 08:07:23.215035,616221,511,1,1.0
2026-07-26 08:07:23.215035,616222,396,1,1.7
2026-07-26 08:07:23.215035,620109,152,1,2.5
2026-07-26 08:07:23.215035,620487,63,1,2.2
2026-07-26 08:07:23.215035,624773,157,1,2.3
2026-07-26 08:07:23.215035,629397,192,1,1.0
2026-07-26 08:07:23.215035,631786,272,1,1.0
2026-07-26 08:07:23.215035,636852,462,1,1.5
2026-07-26 08:07:23.215035,640419,509,1,1.0
2026-07-26 08:07:23.215035,645618,50,1,1.0
2026-07-26 08:07:23.215035,647681,363,1,0.0
2026-07-26 08:07:23.215035,647850,138,1,1.8
2026-07-26 08:07:23.215035,649208,410,1,1.5
2026-07-26 08:07:23.215035,651426,203,1,2.2
2026-07-26 08:07:23.215035,653481,52,1,1.5
2026-07-26 08:07:23.215035,660392,225,1,0.0
2026-07-26 08:07:23.215035,661800,284,1,1.0
2026-07-26 08:07:23.215035,672492,221,1,1.0
2026-07-26 08:07:23.215035,684268,189,1,1.0
2026-07-26 08:07:23.215035,699989,550,1,1.5
2026-07-26 08:07:23.215035,700308,135,1,1.5
2026-07-27 09:29:33.236345,17761,229,1,2.8
2026-07-27 09:29:33.236345,21205,414,1,1.0
2026-07-27 09:29:33.236345,40383,58,1,1.0
2026-07-27 09:29:33.236345,49262,111,1,1.0
2026-07-27 09:29:33.236345,50093,302,1,1.0
2026-07-27 09:29:33.236345,50175,136,1,2.0
2026-07-27 09:29:33.236345,54469,64,1,1.7
2026-07-27 09:29:33.236345,56979,101,1,1.1
2026-07-27 09:29:33.236345,59735,325,1,1.5
2026-07-27 09:29:33.236345,60307,124,1,2.0
2026-07-27 09:29:33.236345,60689,490,1,2.0
2026-07-27 09:29:33.236345,67089,497,1,1.0
2026-07-27 09:29:33.236345,72147,29,1,2.0
2026-07-27 09:29:33.236345,75115,108,1,1.8
2026-07-27 09:29:33.236345,76357,266,1,1.5
2026-07-27 09:29:33.236345,78916,448,1,2.2
2026-07-27 09:29:33.236345,80178,178,1,1.0
2026-07-27 09:29:33.236345,80201,250,1,2.0
2026-07-27 09:29:33.236345,81441,443,1,2.0
2026-07-27 09:29:33.236345,83299,116,1,1.7
2026-07-27 09:29:33.236345,84450,544,1,2.0
2026-07-27 09:29:33.236345,85633,467,1,2.6
2026-07-27 09:29:33.236345,86873,251,1,1.0
2026-07-27 09:29:33.236345,88894,46,1,1.5
2026-07-27 09:29:33.236345,91651,406,1,2.0
2026-07-27 09:29:33.236345,93605,541,1,1.7
2026-07-27 09:29:33.236345,95658,418,1,2.2
2026-07-27 09:29:33.236345,97032,356,1,3.1
2026-07-27 09:29:33.236345,98747,442,1,2.6
2026-07-27 09:29:33.236345,98980,28,1,2.6
2026-07-27 09:29:33.236345,101188,30,1,1.7
2026-07-27 09:29:33.236345,101282,289,1,1.0
2026-07-27 09:29:33.236345,105666,274,1,2.0
2026-07-27 09:29:33.236345,105717,540,1,1.0
2026-07-27 09:29:33.236345,106611,231,1,2.2
2026-07-27 09:29:33.236345,106760,423,1,1.7
2026-07-27 09:29:33.236345,108413,212,1,1.0
2026-07-27 09:29:33.236345,108416,277,1,1.0
2026-07-27 09:29:33.236345,108813,300,1,2.0
2026-07-27 09:29:33.236345,109646,147,1,1.7
2026-07-27 09:29:33.236345,109745,2,1,2.6
2026-07-27 09:29:33.236345,110690,172,1,2.0
2026-07-27 09:29:33.236345,111234,226,1,3.3
2026-07-27 09:29:33.236345,111317,74,1,1.5
2026-07-27 09:29:33.236345,112520,301,1,1.0
2026-07-27 09:29:33.236345,114243,457,1,2.1
2026-07-27 09:29:33.236345,114283,238,1,2.3
2026-07-27 09:29:33.236345,115556,508,1,1.0
2026-07-27 09:29:33.236345,116535,350,1,3.3
2026-07-27 09:29:33.236345,119471,446,1,2.2
2026-07-27 09:29:33.236345,121709,199,1,2.0
2026-07-27 09:29:33.236345,122074,386,1,2.0
2026-07-27 09:29:33.236345,122798,502,1,1.7
2026-07-27 09:29:33.236345,122806,45,1,2.0
2026-07-27 09:29:33.236345,128295,21,1,1.5
2026-07-27 09:29:33.236345,135720,501,1,2.2
2026-07-27 09:29:33.236345,138001,228,1,2.0
2026-07-27 09:29:33.236345,141746,426,1,4.0
2026-07-27 09:29:33.236345,146426,279,1,1.0
2026-07-27 09:29:33.236345,147675,320,1,1.4
2026-07-27 09:29:33.236345,149484,33,1,1.7
2026-07-27 09:29:33.236345,149929,311,1,1.5
2026-07-27 09:29:33.236345,152551,213,1,1.5
2026-07-27 09:29:33.236345,153133,261,1,2.0
2026-07-27 09:29:33.236345,153366,270,1,1.0
2026-07-27 09:29:33.236345,153682,260,1,2.3
2026-07-27 09:29:33.236345,154561,1,1,4.0
2026-07-27 09:29:33.236345,154566,526,1,2.0
2026-07-27 09:29:33.236345,155405,408,1,1.5
2026-07-27 09:29:33.236345,155408,71,1,1.5
2026-07-27 09:29:33.236345,155503,352,1,1.0
2026-07-27 09:29:33.236345,158499,75,1,0.0
2026-07-27 09:29:33.236345,158983,374,1,1.1
2026-07-27 09:29:33.236345,159506,473,1,1.7
2026-07-27 09:29:33.236345,160817,285,1,1.0
2026-07-27 09:29:33.236345,166477,258,1,1.7
2026-07-27 09:29:33.236345,166989,43,1,1.6
2026-07-27 09:29:33.236345,167074,256,1,1.7
2026-07-27 09:29:33.236345,167512,539,1,1.0
2026-07-27 09:29:33.236345,167825,273,1,1.0
2026-07-27 09:29:33.236345,168144,184,1,1.5
2026-07-27 09:29:33.236345,168636,80,1,1.8
2026-07-27 09:29:33.236345,169359,556,1,1.0
2026-07-27 09:29:33.236345,169432,295,1,1.8
2026-07-27 09:29:33.236345,169528,254,1,1.7
2026-07-27 09:29:33.236345,169593,555,1,1.0
2026-07-27 09:29:33.236345,171270,288,1,1.0
2026-07-27 09:29:33.236345,171287,359,1,0.0
2026-07-27 09:29:33.236345,171314,390,1,2.5
2026-07-27 09:29:33.236345,172453,319,1,1.5
2026-07-27 09:29:33.236345,172649,198,1,2.6
2026-07-27 09:29:33.236345,172780,515,1,2.3
2026-07-27 09:29:33.236345,173878,176,1,1.0
2026-07-27 09:29:33.236345,173879,56,1,0.0
2026-07-27 09:29:33.236345,174594,347,1,1.8
2026-07-27 09:29:33.236345,174874,253,1,0.0
2026-07-27 09:29:33.236345,176297,429,1,2.4
2026-07-27 09:29:33.236345,176412,193,1,1.8
2026-07-27 09:29:33.236345,176420,308,1,1.0
2026-07-27 09:29:33.236345,177815,346,1,2.0
2026-07-27 09:29:33.236345,178301,55,1,2.5
2026-07-27 09:29:33.236345,180135,339,1,1.5
2026-07-27 09:29:33.236345,180736,143,1,2.5
2026-07-27 09:29:33.236345,180974,458,1,1.5
2026-07-27 09:29:33.236345,183015,303,1,1.0
2026-07-27 09:29:33.236345,183656,103,1,1.5
2026-07-27 09:29:33.236345,184029,15,1,2.3
2026-07-27 09:29:33.236345,184254,494,1,2.0
2026-07-27 09:29:33.236345,184341,430,1,2.0
2026-07-27 09:29:33.236345,184349,269,1,1.7
2026-07-27 09:29:33.236345,184667,37,1,1.7
2026-07-27 09:29:33.236345,191866,87,1,1.7
2026-07-27 09:29:33.236345,193278,280,1,1.0
2026-07-27 09:29:33.236345,194010,89,1,1.7
2026-07-27 09:29:33.236345,195384,17,1,2.1
2026-07-27 09:29:33.236345,195546,41,1,2.1
2026-07-27 09:29:33.236345,198869,10,1,0.0
2026-07-27 09:29:33.236345,199598,338,1,2.0
2026-07-27 09:29:33.236345,199796,32,1,1.7
2026-07-27 09:29:33.236345,199798,31,1,1.7
2026-07-27 09:29:33.236345,200089,460,1,1.5
2026-07-27 09:29:33.236345,200617,343,1,1.5
2026-07-27 09:29:33.236345,200641,24,1,2.0
2026-07-27 09:29:33.236345,200720,82,1,2.6
2026-07-27 09:29:33.236345,200785,73,1,1.5
2026-07-27 09:29:33.236345,200834,533,1,2.5
2026-07-27 09:29:33.236345,201595,326,1,2.0
2026-07-27 09:29:33.236345,201658,68,1,2.1
2026-07-27 09:29:33.236345,201666,453,1,2.1
2026-07-27 09:29:33.236345,201895,535,1,2.2
2026-07-27 09:29:33.236345,202993,516,1,2.0
2026-07-27 09:29:33.236345,204120,114,1,1.7
2026-07-27 09:29:33.236345,204480,13,1,2.6
2026-07-27 09:29:33.236345,204561,558,1,1.5
2026-07-27 09:29:33.236345,204580,98,1,1.5
2026-07-27 09:29:33.236345,204813,179,1,1.0
2026-07-27 09:29:33.236345,204822,476,1,1.0
2026-07-27 09:29:33.236345,204936,384,1,3.3
2026-07-27 09:29:33.236345,204968,489,1,1.0
2026-07-27 09:29:33.236345,205533,224,1,1.8
2026-07-27 09:29:33.236345,205651,27,1,2.0
2026-07-27 09:29:33.236345,206915,373,1,2.0
2026-07-27 09:29:33.236345,207189,265,1,1.5
2026-07-27 09:29:33.236345,207283,97,1,2.0
2026-07-27 09:29:33.236345,208481,292,1,1.5
2026-07-27 09:29:33.236345,208706,452,1,2.4
2026-07-27 09:29:33.236345,209036,388,1,2.8
2026-07-27 09:29:33.236345,209046,482,1,1.6
2026-07-27 09:29:33.236345,209244,398,1,2.4
2026-07-27 09:29:33.236345,209289,262,1,2.0
2026-07-27 09:29:33.236345,209365,416,1,0.0
2026-07-27 09:29:33.236345,209400,214,1,1.5
2026-07-27 09:29:33.236345,210156,492,1,1.8
2026-07-27 09:29:33.236345,210462,488,1,1.5
2026-07-27 09:29:33.236345,212314,267,1,1.5
2026-07-27 09:29:33.236345,212319,527,1,2.0
2026-07-27 09:29:33.236345,213292,296,1,1.5
2026-07-27 09:29:33.236345,214225,329,1,1.7
2026-07-27 09:29:33.236345,214285,364,1,2.2
2026-07-27 09:29:33.236345,214572,495,1,1.0
2026-07-27 09:29:33.236345,215059,140,1,2.6
2026-07-27 09:29:33.236345,215136,469,1,2.2
2026-07-27 09:29:33.236345,215379,481,1,2.3
2026-07-27 09:29:33.236345,215413,236,1,2.3
2026-07-27 09:29:33.236345,215711,44,1,2.0
2026-07-27 09:29:33.236345,216051,417,1,2.2
2026-07-27 09:29:33.236345,216094,357,1,2.5
2026-07-27 09:29:33.236345,216616,304,1,1.0
2026-07-27 09:29:33.236345,216646,464,1,2.0
2026-07-27 09:29:33.236345,218364,205,1,1.7
2026-07-27 09:29:33.236345,218997,195,1,1.4
2026-07-27 09:29:33.236345,219168,379,1,2.7
2026-07-27 09:29:33.236345,219249,126,1,2.0
2026-07-27 09:29:33.236345,219847,26,1,2.3
2026-07-27 09:29:33.236345,219924,259,1,1.0
2026-07-27 09:29:33.236345,220237,447,1,2.2
2026-07-27 09:29:33.236345,220362,153,1,1.7
2026-07-27 09:29:33.236345,220566,402,1,0.0
2026-07-27 09:29:33.236345,220583,180,1,1.0
2026-07-27 09:29:33.236345,220627,332,1,1.7
2026-07-27 09:29:33.236345,221389,468,1,2.0
2026-07-27 09:29:33.236345,221399,342,1,1.5
2026-07-27 09:29:33.236345,221466,498,1,2.8
2026-07-27 09:29:33.236345,221632,500,1,2.2
2026-07-27 09:29:33.236345,221820,419,1,1.6
2026-07-27 09:29:33.236345,222018,307,1,1.0
2026-07-27 09:29:33.236345,222531,480,1,2.8
2026-07-27 09:29:33.236345,222625,317,1,1.4
2026-07-27 09:29:33.236345,222683,70,1,2.1
2026-07-27 09:29:33.236345,222694,328,1,2.2
2026-07-27 09:29:33.236345,223094,411,1,4.0
2026-07-27 09:29:33.236345,223340,12,1,3.2
2026-07-27 09:29:33.236345,223434,118,1,1.7
2026-07-27 09:29:33.236345,223541,370,1,2.0
2026-07-27 09:29:33.236345,223827,532,1,2.2
2026-07-27 09:29:33.236345,224117,25,1,2.3
2026-07-27 09:29:33.236345,224967,233,1,1.7
2026-07-27 09:29:33.236345,225796,142,1,2.5
2026-07-27 09:29:33.236345,226182,330,1,1.7
2026-07-27 09:29:33.236345,226597,4,1,4.0
2026-07-27 09:29:33.236345,226944,47,1,1.1
2026-07-27 09:29:33.236345,226965,188,1,2.0
2026-07-27 09:29:33.236345,227444,471,1,2.5
2026-07-27 09:29:33.236345,229164,314,1,1.5
2026-07-27 09:29:33.236345,229600,227,1,2.6
2026-07-27 09:29:33.236345,230001,422,1,1.7
2026-07-27 09:29:33.236345,230730,194,1,1.4
2026-07-27 09:29:33.236345,231065,91,1,1.7
2026-07-27 09:29:33.236345,231416,113,1,1.7
2026-07-27 09:29:33.236345,231747,223,1,2.1
2026-07-27 09:29:33.236345,231899,312,1,1.0
2026-07-27 09:29:33.236345,232112,433,1,0.0
2026-07-27 09:29:33.236345,232185,208,1,2.3
2026-07-27 09:29:33.236345,232351,282,1,1.0
2026-07-27 09:29:33.236345,232413,14,1,2.3
2026-07-27 09:29:33.236345,232457,324,1,1.5
2026-07-27 09:29:33.236345,232571,530,1,1.0
2026-07-27 09:29:33.236345,232653,456,1,1.5
2026-07-27 09:29:33.236345,232787,519,1,2.0
2026-07-27 09:29:33.236345,232859,505,1,1.7
2026-07-27 09:29:33.236345,232892,257,1,1.7
2026-07-27 09:29:33.236345,232905,287,1,1.5
2026-07-27 09:29:33.236345,232928,239,1,0.0
2026-07-27 09:29:33.236345,235826,348,1,1.4
2026-07-27 09:29:33.236345,241117,310,1,1.5
2026-07-27 09:29:33.236345,241293,186,1,2.0
2026-07-27 09:29:33.236345,242313,207,1,1.7
2026-07-27 09:29:33.236345,242880,146,1,1.7
2026-07-27 09:29:33.236345,242882,62,1,2.2
2026-07-27 09:29:33.236345,242898,209,1,2.1
2026-07-27 09:29:33.236345,243016,372,1,2.0
2026-07-27 09:29:33.236345,243298,367,1,2.4
2026-07-27 09:29:33.236345,243413,290,1,1.0
2026-07-27 09:29:33.236345,243526,331,1,1.7
2026-07-27 09:29:33.236345,243571,234,1,1.7
2026-07-27 09:29:33.236345,244042,271,1,1.8
2026-07-27 09:29:33.236345,244723,204,1,1.7
2026-07-27 09:29:33.236345,244850,40,1,2.6
2026-07-27 09:29:33.236345,244851,154,1,3.2
2026-07-27 09:29:33.236345,244858,100,1,0.0
2026-07-27 09:29:33.236345,244860,247,1,2.0
2026-07-27 09:29:33.236345,244954,34,1,1.7
2026-07-27 09:29:33.236345,246301,255,1,1.7
2026-07-27 09:29:33.236345,247348,201,1,2.5
2026-07-27 09:29:33.236345,247412,222,1,2.0
2026-07-27 09:29:33.236345,247632,156,1,2.3
2026-07-27 09:29:33.236345,248056,345,1,1.5
2026-07-27 09:29:33.236345,248857,16,1,2.3
2026-07-27 09:29:33.236345,248875,400,1,2.6
2026-07-27 09:29:33.236345,249231,86,1,2.0
2026-07-27 09:29:33.236345,250199,487,1,1.5
2026-07-27 09:29:33.236345,424876,368,1,2.4
2026-07-27 09:29:33.236345,427623,202,1,2.2
2026-07-27 09:29:33.236345,427637,337,1,2.0
2026-07-27 09:29:33.236345,428580,104,1,1.5
2026-07-27 09:29:33.236345,430871,428,1,2.8
2026-07-27 09:29:33.236345,432422,455,1,2.0
2026-07-27 09:29:33.236345,432714,486,1,2.0
2026-07-27 09:29:33.236345,432720,385,1,2.6
2026-07-27 09:29:33.236345,432830,84,1,2.5
2026-07-27 09:29:33.236345,432987,354,1,1.0
2026-07-27 09:29:33.236345,433036,404,1,2.1
2026-07-27 09:29:33.236345,433154,241,1,2.0
2026-07-27 09:29:33.236345,433590,281,1,1.0
2026-07-27 09:29:33.236345,434399,536,1,1.7
2026-07-27 09:29:33.236345,434752,327,1,2.2
2026-07-27 09:29:33.236345,435997,336,1,2.1
2026-07-27 09:29:33.236345,436761,174,1,1.0
2026-07-27 09:29:33.236345,436893,65,1,1.7
2026-07-27 09:29:33.236345,437495,3,1,2.6
2026-07-27 09:29:33.236345,437499,200,1,2.8
2026-07-27 09:29:33.236345,437505,553,1,1.8
2026-07-27 09:29:33.236345,437730,397,1,2.9
2026-07-27 09:29:33.236345,437738,333,1,1.7
2026-07-27 09:29:33.236345,438098,23,1,2.0
2026-07-27 09:29:33.236345,438234,401,1,2.2
2026-07-27 09:29:33.236345,438464,218,1,1.5
2026-07-27 09:29:33.236345,439509,557,1,2.3
2026-07-27 09:29:33.236345,439668,187,1,1.5
2026-07-27 09:29:33.236345,440089,96,1,2.0
2026-07-27 09:29:33.236345,440993,237,1,2.1
2026-07-27 09:29:33.236345,441164,499,1,2.5
2026-07-27 09:29:33.236345,441191,450,1,1.6
2026-07-27 09:29:33.236345,441264,552,1,2.0
2026-07-27 09:29:33.236345,441266,371,1,2.1
2026-07-27 09:29:33.236345,441302,36,1,1.7
2026-07-27 09:29:33.236345,443261,313,1,2.0
2026-07-27 09:29:33.236345,444102,79,1,2.0
2026-07-27 09:29:33.236345,444145,18,1,2.3
2026-07-27 09:29:33.236345,444172,59,1,1.0
2026-07-27 09:29:33.236345,444180,105,1,2.1
2026-07-27 09:29:33.236345,444307,276,1,1.0
2026-07-27 09:29:33.236345,444463,145,1,0.0
2026-07-27 09:29:33.236345,444765,85,1,2.2
2026-07-27 09:29:33.236345,444884,383,1,2.0
2026-07-27 09:29:33.236345,445044,521,1,0.0
2026-07-27 09:29:33.236345,445122,5,1,0.0
2026-07-27 09:29:33.236345,446008,427,1,2.8
2026-07-27 09:29:33.236345,448047,155,1,2.4
2026-07-27 09:29:33.236345,448089,54,1,2.0
2026-07-27 09:29:33.236345,448104,9,1,2.5
2026-07-27 09:29:33.236345,448514,392,1,2.5
2026-07-27 09:29:33.236345,449027,351,1,2.6
2026-07-27 09:29:33.236345,449428,283,1,1.0
2026-07-27 09:29:33.236345,449429,306,1,1.0
2026-07-27 09:29:33.236345,449434,454,1,2.1
2026-07-27 09:29:33.236345,449871,48,1,0.0
2026-07-27 09:29:33.236345,450542,219,1,1.5
2026-07-27 09:29:33.236345,451284,175,1,1.0
2026-07-27 09:29:33.236345,451302,413,1,2.0
2026-07-27 09:29:33.236345,451340,121,1,0.0
2026-07-27 09:29:33.236345,451490,119,1,1.7
2026-07-27 09:29:33.236345,454490,120,1,2.2
2026-07-27 09:29:33.236345,455084,305,1,1.0
2026-07-27 09:29:33.236345,456512,483,1,2.0
2026-07-27 09:29:33.236345,457569,57,1,2.0
2026-07-27 09:29:33.236345,458249,440,1,1.8
2026-07-27 09:29:33.236345,460028,149,1,2.2
2026-07-27 09:29:33.236345,460842,512,1,1.7
2026-07-27 09:29:33.236345,461102,173,1,1.0
2026-07-27 09:29:33.236345,461199,547,1,1.5
2026-07-27 09:29:33.236345,461587,323,1,1.0
2026-07-27 09:29:33.236345,462387,322,1,1.4
2026-07-27 09:29:33.236345,462424,6,1,0.0
2026-07-27 09:29:33.236345,462635,340,1,1.5
2026-07-27 09:29:33.236345,463034,167,1,1.8
2026-07-27 09:29:33.236345,463067,125,1,1.8
2026-07-27 09:29:33.236345,463936,158,1,2.1
2026-07-27 09:29:33.236345,463981,60,1,2.5
2026-07-27 09:29:33.236345,464353,355,1,1.0
2026-07-27 09:29:33.236345,465247,412,1,2.6
2026-07-27 09:29:33.236345,465351,389,1,2.8
2026-07-27 09:29:33.236345,465390,177,1,1.0
2026-07-27 09:29:33.236345,465525,291,1,0.0
2026-07-27 09:29:33.236345,465642,445,1,2.2
2026-07-27 09:29:33.236345,465680,493,1,1.8
2026-07-27 09:29:33.236345,465694,405,1,2.0
2026-07-27 09:29:33.236345,465730,115,1,1.7
2026-07-27 09:29:33.236345,466052,399,1,2.6
2026-07-27 09:29:33.236345,466075,8,1,2.5
2026-07-27 09:29:33.236345,466525,335,1,2.1
2026-07-27 09:29:33.236345,467779,130,1,2.2
2026-07-27 09:29:33.236345,469142,112,1,2.2
2026-07-27 09:29:33.236345,469247,49,1,1.5
2026-07-27 09:29:33.236345,469272,190,1,2.0
2026-07-27 09:29:33.236345,470294,297,1,1.0
2026-07-27 09:29:33.236345,470313,463,1,2.0
2026-07-27 09:29:33.236345,470315,478,1,1.7
2026-07-27 09:29:33.236345,472713,90,1,1.7
2026-07-27 09:29:33.236345,472739,110,1,2.0
2026-07-27 09:29:33.236345,472769,387,1,3.1
2026-07-27 09:29:33.236345,475168,165,1,2.3
2026-07-27 09:29:33.236345,476887,485,1,2.0
2026-07-27 09:29:33.236345,477064,395,1,1.7
2026-07-27 09:29:33.236345,477424,391,1,2.5
2026-07-27 09:29:33.236345,477547,538,1,1.0
2026-07-27 09:29:33.236345,477555,264,1,2.0
2026-07-27 09:29:33.236345,480455,230,1,2.5
2026-07-27 09:29:33.236345,480457,183,1,1.1
2026-07-27 09:29:33.236345,481624,318,1,2.0
2026-07-27 09:29:33.236345,481655,19,1,2.0
2026-07-27 09:29:33.236345,482442,518,1,1.5
2026-07-27 09:29:33.236345,482609,144,1,2.2
2026-07-27 09:29:33.236345,482973,491,1,2.0
2026-07-27 09:29:33.236345,484389,171,1,1.0
2026-07-27 09:29:33.236345,484420,542,1,2.1
2026-07-27 09:29:33.236345,485047,470,1,2.2
2026-07-27 09:29:33.236345,485055,496,1,2.0
2026-07-27 09:29:33.236345,485337,42,1,2.0
2026-07-27 09:29:33.236345,485711,439,1,1.7
2026-07-27 09:29:33.236345,486385,248,1,1.8
2026-07-27 09:29:33.236345,486520,344,1,1.5
2026-07-27 09:29:33.236345,486672,159,1,2.0
2026-07-27 09:29:33.236345,487053,506,1,1.7
2026-07-27 09:29:33.236345,487117,139,1,0.0
2026-07-27 09:29:33.236345,487676,534,1,1.7
2026-07-27 09:29:33.236345,487838,449,1,2.2
2026-07-27 09:29:33.236345,488024,211,1,2.0
2026-07-27 09:29:33.236345,489580,365,1,1.0
2026-07-27 09:29:33.236345,489639,109,1,2.0
2026-07-27 09:29:33.236345,489706,215,1,1.5
2026-07-27 09:29:33.236345,489888,77,1,1.5
2026-07-27 09:29:33.236345,490094,240,1,1.5
2026-07-27 09:29:33.236345,490145,528,1,1.0
2026-07-27 09:29:33.236345,490161,293,1,1.5
2026-07-27 09:29:33.236345,490881,436,1,1.5
2026-07-27 09:29:33.236345,491007,163,1,1.0
2026-07-27 09:29:33.236345,491279,503,1,2.2
2026-07-27 09:29:33.236345,491501,378,1,1.0
2026-07-27 09:29:33.236345,492498,191,1,1.0
2026-07-27 09:29:33.236345,492777,360,1,0.0
2026-07-27 09:29:33.236345,492859,341,1,1.5
2026-07-27 09:29:33.236345,493105,160,1,2.1
2026-07-27 09:29:33.236345,493250,431,1,2.1
2026-07-27 09:29:33.236345,493362,513,1,0.0
2026-07-27 09:29:33.236345,494307,394,1,2.2
2026-07-27 09:29:33.236345,494521,61,1,2.5
2026-07-27 09:29:33.236345,494595,366,1,2.6
2026-07-27 09:29:33.236345,494950,275,1,1.0
2026-07-27 09:29:33.236345,496208,72,1,1.5
2026-07-27 09:29:33.236345,496221,210,1,1.5
2026-07-27 09:29:33.236345,496661,245,1,2.0
2026-07-27 09:29:33.236345,498016,529,1,2.6
2026-07-27 09:29:33.236345,499169,7,1,2.0
2026-07-27 09:29:33.236345,499175,22,1,2.0
2026-07-27 09:29:33.236345,499300,235,1,1.0
2026-07-27 09:29:33.236345,499309,168,1,1.4
2026-07-27 09:29:33.236345,499604,67,1,2.3
2026-07-27 09:29:33.236345,499716,510,1,1.0
2026-07-27 09:29:33.236345,499721,523,1,1.5
2026-07-27 09:29:33.236345,499726,524,1,1.0
2026-07-27 09:29:33.236345,500040,11,1,2.5
2026-07-27 09:29:33.236345,500058,382,1,0.0
2026-07-27 09:29:33.236345,500151,475,1,0.0
2026-07-27 09:29:33.236345,500957,298,1,1.0
2026-07-27 09:29:33.236345,501390,309,1,1.5
2026-07-27 09:29:33.236345,501459,185,1,1.5
2026-07-27 09:29:33.236345,501902,278,1,1.0
2026-07-27 09:29:33.236345,502500,106,1,2.5
2026-07-27 09:29:33.236345,502697,243,1,1.5
2026-07-27 09:29:33.236345,503037,170,1,1.0
2026-07-27 09:29:33.236345,503139,69,1,2.1
2026-07-27 09:29:33.236345,503301,484,1,2.0
2026-07-27 09:29:33.236345,505079,252,1,1.0
2026-07-27 09:29:33.236345,507433,83,1,2.0
2026-07-27 09:29:33.236345,508395,102,1,1.5
2026-07-27 09:29:33.236345,508479,141,1,2.6
2026-07-27 09:29:33.236345,509416,129,1,2.0
2026-07-27 09:29:33.236345,510281,403,1,2.3
2026-07-27 09:29:33.236345,510663,380,1,0.0
2026-07-27 09:29:33.236345,511499,514,1,2.1
2026-07-27 09:29:33.236345,512462,232,1,2.2
2026-07-27 09:29:33.236345,513086,93,1,1.7
2026-07-27 09:29:33.236345,513418,94,1,2.1
2026-07-27 09:29:33.236345,513466,246,1,1.5
2026-07-27 09:29:33.236345,514254,127,1,1.5
2026-07-27 09:29:33.236345,514356,161,1,1.5
2026-07-27 09:29:33.236345,514514,381,1,1.5
2026-07-27 09:29:33.236345,515046,531,1,2.0
2026-07-27 09:29:33.236345,515597,35,1,1.5
2026-07-27 09:29:33.236345,515621,206,1,1.7
2026-07-27 09:29:33.236345,516895,432,1,2.0
2026-07-27 09:29:33.236345,517052,166,1,2.1
2026-07-27 09:29:33.236345,519440,361,1,1.0
2026-07-27 09:29:33.236345,519634,537,1,1.7
2026-07-27 09:29:33.236345,519913,438,1,1.0
2026-07-27 09:29:33.236345,522047,334,1,2.2
2026-07-27 09:29:33.236345,531442,315,1,2.0
2026-07-27 09:29:33.236345,532529,123,1,2.1
2026-07-27 09:29:33.236345,532605,162,1,1.5
2026-07-27 09:29:33.236345,533463,95,1,2.3
2026-07-27 09:29:33.236345,534392,299,1,1.0
2026-07-27 09:29:33.236345,535301,131,1,1.5
2026-07-27 09:29:33.236345,535818,546,1,1.5
2026-07-27 09:29:33.236345,535928,376,1,0.0
2026-07-27 09:29:33.236345,536661,551,1,1.5
2026-07-27 09:29:33.236345,536694,217,1,1.5
2026-07-27 09:29:33.236345,536916,128,1,1.5
2026-07-27 09:29:33.236345,538207,465,1,2.0
2026-07-27 09:29:33.236345,538638,479,1,1.0
2026-07-27 09:29:33.236345,539142,182,1,1.0
2026-07-27 09:29:33.236345,540324,286,1,1.5
2026-07-27 09:29:33.236345,543295,99,1,1.1
2026-07-27 09:29:33.236345,543968,316,1,1.8
2026-07-27 09:29:33.236345,544877,358,1,2.5
2026-07-27 09:29:33.236345,545477,451,1,1.0
2026-07-27 09:29:33.236345,546600,554,1,2.0
2026-07-27 09:29:33.236345,547027,543,1,2.0
2026-07-27 09:29:33.236345,547037,434,1,1.5
2026-07-27 09:29:33.236345,547676,425,1,1.0
2026-07-27 09:29:33.236345,547701,522,1,1.5
2026-07-27 09:29:33.236345,547719,459,1,0.0
2026-07-27 09:29:33.236345,548308,507,1,1.7
2026-07-27 09:29:33.236345,549067,477,1,1.0
2026-07-27 09:29:33.236345,549074,133,1,1.5
2026-07-27 09:29:33.236345,549653,197,1,1.0
2026-07-27 09:29:33.236345,549912,549,1,2.0
2026-07-27 09:29:33.236345,550090,117,1,1.7
2026-07-27 09:29:33.236345,550615,242,1,2.0
2026-07-27 09:29:33.236345,550839,517,1,0.0
2026-07-27 09:29:33.236345,550864,420,1,2.2
2026-07-27 09:29:33.236345,551210,148,1,1.7
2026-07-27 09:29:33.236345,551226,525,1,2.1
2026-07-27 09:29:33.236345,551262,196,1,1.4
2026-07-27 09:29:33.236345,551499,377,1,2.3
2026-07-27 09:29:33.236345,553783,294,1,1.0
2026-07-27 09:29:33.236345,554197,548,1,1.5
2026-07-27 09:29:33.236345,554578,444,1,2.0
2026-07-27 09:29:33.236345,556637,134,1,1.0
2026-07-27 09:29:33.236345,557012,321,1,1.0
2026-07-27 09:29:33.236345,560262,78,1,2.6
2026-07-27 09:29:33.236345,560552,263,1,2.0
2026-07-27 09:29:33.236345,561245,81,1,2.0
2026-07-27 09:29:33.236345,565297,349,1,1.0
2026-07-27 09:29:33.236345,567119,169,1,1.0
2026-07-27 09:29:33.236345,570241,92,1,1.7
2026-07-27 09:29:33.236345,570526,520,1,2.0
2026-07-27 09:29:33.236345,574458,150,1,1.7
2026-07-27 09:29:33.236345,575204,407,1,1.5
2026-07-27 09:29:33.236345,575458,474,1,1.7
2026-07-27 09:29:33.236345,575476,472,1,1.9
2026-07-27 09:29:33.236345,575901,66,1,1.0
2026-07-27 09:29:33.236345,576620,437,1,1.0
2026-07-27 09:29:33.236345,576628,435,1,1.5
2026-07-27 09:29:33.236345,577016,151,1,1.7
2026-07-27 09:29:33.236345,577285,51,1,1.0
2026-07-27 09:29:33.236345,577411,181,1,1.0
2026-07-27 09:29:33.236345,577669,545,1,1.5
2026-07-27 09:29:33.236345,577725,268,1,2.0
2026-07-27 09:29:33.236345,577974,424,1,1.0
2026-07-27 09:29:33.236345,578153,393,1,2.5
2026-07-27 09:29:33.236345,578545,39,1,1.0
2026-07-27 09:29:33.236345,586268,353,1,1.0
2026-07-27 09:29:33.236345,586309,249,1,1.8
2026-07-27 09:29:33.236345,590014,220,1,1.7
2026-07-27 09:29:33.236345,590039,409,1,1.0
2026-07-27 09:29:33.236345,591386,375,1,1.5
2026-07-27 09:29:33.236345,592031,122,1,2.1
2026-07-27 09:29:33.236345,593117,164,1,1.5
2026-07-27 09:29:33.236345,593174,107,1,1.0
2026-07-27 09:29:33.236345,596047,441,1,1.0
2026-07-27 09:29:33.236345,596777,415,1,2.1
2026-07-27 09:29:33.236345,597320,132,1,1.0
2026-07-27 09:29:33.236345,599303,466,1,1.0
2026-07-27 09:29:33.236345,606702,362,1,2.2
2026-07-27 09:29:33.236345,606745,421,1,1.7
2026-07-27 09:29:33.236345,606798,38,1,1.0
2026-07-27 09:29:33.236345,606921,216,1,1.5
2026-07-27 09:29:33.236345,607464,88,1,1.7
2026-07-27 09:29:33.236345,608181,137,1,1.3
2026-07-27 09:29:33.236345,609873,244,1,1.5
2026-07-27 09:29:33.236345,610799,504,1,2.2
2026-07-27 09:29:33.236345,611665,461,1,2.1
2026-07-27 09:29:33.236345,611922,369,1,2.1
2026-07-27 09:29:33.236345,614071,53,1,2.1
2026-07-27 09:29:33.236345,614574,76,1,1.5
2026-07-27 09:29:33.236345,616077,20,1,2.0
2026-07-27 09:29:33.236345,616221,511,1,1.0
2026-07-27 09:29:33.236345,616222,396,1,1.7
2026-07-27 09:29:33.236345,620109,152,1,2.5
2026-07-27 09:29:33.236345,620487,63,1,2.2
2026-07-27 09:29:33.236345,624773,157,1,2.3
2026-07-27 09:29:33.236345,629397,192,1,1.0
2026-07-27 09:29:33.236345,631786,272,1,1.0
2026-07-27 09:29:33.236345,636852,462,1,1.5
2026-07-27 09:29:33.236345,640419,509,1,1.0
2026-07-27 09:29:33.236345,645618,50,1,1.0
2026-07-27 09:29:33.236345,647681,363,1,0.0
2026-07-27 09:29:33.236345,647850,138,1,1.8
2026-07-27 09:29:33.236345,649208,410,1,1.5
2026-07-27 09:29:33.236345,651426,203,1,2.2
2026-07-27 09:29:33.236345,653481,52,1,1.5
2026-07-27 09:29:33.236345,660392,225,1,0.0
2026-07-27 09:29:33.236345,661800,284,1,1.0
2026-07-27 09:29:33.236345,672492,221,1,1.0
2026-07-27 09:29:33.236345,684268,189,1,1.0
2026-07-27 09:29:33.236345,699989,550,1,1.5
2026-07-27 09:29:33.236345,700308,135,1,1.5
2026-07-28 08:13:43.08374,17761,229,1,2.8
2026-07-28 08:13:43.08374,21205,414,1,1.0
2026-07-28 08:13:43.08374,40383,58,1,1.0
2026-07-28 08:13:43.08374,49262,111,1,1.0
2026-07-28 08:13:43.08374,50093,302,1,1.0
2026-07-28 08:13:43.08374,50175,136,1,2.0
2026-07-28 08:13:43.08374,54469,64,1,1.7
2026-07-28 08:13:43.08374,56979,101,1,1.1
2026-07-28 08:13:43.08374,59735,325,1,1.5
2026-07-28 08:13:43.08374,60307,124,1,2.0
2026-07-28 08:13:43.08374,60689,490,1,2.0
2026-07-28 08:13:43.08374,67089,497,1,1.0
2026-07-28 08:13:43.08374,72147,29,1,2.0
2026-07-28 08:13:43.08374,75115,108,1,1.8
2026-07-28 08:13:43.08374,76357,266,1,1.5
2026-07-28 08:13:43.08374,78916,448,1,2.2
2026-07-28 08:13:43.08374,80178,178,1,1.0
2026-07-28 08:13:43.08374,80201,250,1,2.0
2026-07-28 08:13:43.08374,81441,443,1,2.0
2026-07-28 08:13:43.08374,83299,116,1,1.7
2026-07-28 08:13:43.08374,84450,544,1,2.0
2026-07-28 08:13:43.08374,85633,467,1,2.6
2026-07-28 08:13:43.08374,86873,251,1,1.0
2026-07-28 08:13:43.08374,88894,46,1,1.5
2026-07-28 08:13:43.08374,91651,406,1,2.0
2026-07-28 08:13:43.08374,93605,541,1,1.7
2026-07-28 08:13:43.08374,95658,418,1,2.2
2026-07-28 08:13:43.08374,97032,356,1,3.1
2026-07-28 08:13:43.08374,98747,442,1,2.6
2026-07-28 08:13:43.08374,98980,28,1,2.6
2026-07-28 08:13:43.08374,101188,30,1,1.7
2026-07-28 08:13:43.08374,101282,289,1,1.0
2026-07-28 08:13:43.08374,105666,274,1,2.0
2026-07-28 08:13:43.08374,105717,540,1,1.0
2026-07-28 08:13:43.08374,106611,231,1,2.2
2026-07-28 08:13:43.08374,106760,423,1,1.7
2026-07-28 08:13:43.08374,108413,212,1,1.0
2026-07-28 08:13:43.08374,108416,277,1,1.0
2026-07-28 08:13:43.08374,108813,300,1,2.0
2026-07-28 08:13:43.08374,109646,147,1,1.7
2026-07-28 08:13:43.08374,109745,2,1,2.6
2026-07-28 08:13:43.08374,110690,172,1,2.0
2026-07-28 08:13:43.08374,111234,226,1,3.3
2026-07-28 08:13:43.08374,111317,74,1,1.5
2026-07-28 08:13:43.08374,112520,301,1,1.0
2026-07-28 08:13:43.08374,114243,457,1,2.1
2026-07-28 08:13:43.08374,114283,238,1,2.3
2026-07-28 08:13:43.08374,115556,508,1,1.0
2026-07-28 08:13:43.08374,116535,350,1,3.3
2026-07-28 08:13:43.08374,119471,446,1,2.2
2026-07-28 08:13:43.08374,121709,199,1,2.0
2026-07-28 08:13:43.08374,122074,386,1,2.0
2026-07-28 08:13:43.08374,122798,502,1,1.7
2026-07-28 08:13:43.08374,122806,45,1,2.0
2026-07-28 08:13:43.08374,128295,21,1,1.5
2026-07-28 08:13:43.08374,135720,501,1,2.2
2026-07-28 08:13:43.08374,138001,228,1,2.0
2026-07-28 08:13:43.08374,141746,426,1,4.0
2026-07-28 08:13:43.08374,146426,279,1,1.0
2026-07-28 08:13:43.08374,147675,320,1,1.4
2026-07-28 08:13:43.08374,149484,33,1,1.7
2026-07-28 08:13:43.08374,149929,311,1,1.5
2026-07-28 08:13:43.08374,152551,213,1,1.5
2026-07-28 08:13:43.08374,153133,261,1,2.0
2026-07-28 08:13:43.08374,153366,270,1,1.0
2026-07-28 08:13:43.08374,153682,260,1,2.3
2026-07-28 08:13:43.08374,154561,1,1,4.0
2026-07-28 08:13:43.08374,154566,526,1,2.0
2026-07-28 08:13:43.08374,155405,408,1,1.5
2026-07-28 08:13:43.08374,155408,71,1,1.5
2026-07-28 08:13:43.08374,155503,352,1,1.0
2026-07-28 08:13:43.08374,158499,75,1,0.0
2026-07-28 08:13:43.08374,158983,374,1,1.1
2026-07-28 08:13:43.08374,159506,473,1,1.7
2026-07-28 08:13:43.08374,160817,285,1,1.0
2026-07-28 08:13:43.08374,166477,258,1,1.7
2026-07-28 08:13:43.08374,166989,43,1,1.6
2026-07-28 08:13:43.08374,167074,256,1,1.7
2026-07-28 08:13:43.08374,167512,539,1,1.0
2026-07-28 08:13:43.08374,167825,273,1,1.0
2026-07-28 08:13:43.08374,168144,184,1,1.5
2026-07-28 08:13:43.08374,168636,80,1,1.8
2026-07-28 08:13:43.08374,169359,556,1,1.0
2026-07-28 08:13:43.08374,169432,295,1,1.8
2026-07-28 08:13:43.08374,169528,254,1,1.7
2026-07-28 08:13:43.08374,169593,555,1,1.0
2026-07-28 08:13:43.08374,171270,288,1,1.0
2026-07-28 08:13:43.08374,171287,359,1,0.0
2026-07-28 08:13:43.08374,171314,390,1,2.5
2026-07-28 08:13:43.08374,172453,319,1,1.5
2026-07-28 08:13:43.08374,172649,198,1,2.6
2026-07-28 08:13:43.08374,172780,515,1,2.3
2026-07-28 08:13:43.08374,173878,176,1,1.0
2026-07-28 08:13:43.08374,173879,56,1,0.0
2026-07-28 08:13:43.08374,174594,347,1,1.8
2026-07-28 08:13:43.08374,174874,253,1,0.0
2026-07-28 08:13:43.08374,176297,429,1,2.5
2026-07-28 08:13:43.08374,176412,193,1,1.8
2026-07-28 08:13:43.08374,176420,308,1,1.0
2026-07-28 08:13:43.08374,177815,346,1,2.0
2026-07-28 08:13:43.08374,178301,55,1,2.5
2026-07-28 08:13:43.08374,180135,339,1,1.5
2026-07-28 08:13:43.08374,180736,143,1,2.5
2026-07-28 08:13:43.08374,180974,458,1,1.5
2026-07-28 08:13:43.08374,183015,303,1,1.0
2026-07-28 08:13:43.08374,183656,103,1,1.5
2026-07-28 08:13:43.08374,184029,15,1,2.3
2026-07-28 08:13:43.08374,184254,494,1,2.0
2026-07-28 08:13:43.08374,184341,430,1,2.0
2026-07-28 08:13:43.08374,184349,269,1,1.7
2026-07-28 08:13:43.08374,184667,37,1,1.7
2026-07-28 08:13:43.08374,191866,87,1,1.7
2026-07-28 08:13:43.08374,193278,280,1,1.0
2026-07-28 08:13:43.08374,194010,89,1,1.7
2026-07-28 08:13:43.08374,195384,17,1,2.1
2026-07-28 08:13:43.08374,195546,41,1,2.1
2026-07-28 08:13:43.08374,198869,10,1,0.0
2026-07-28 08:13:43.08374,199598,338,1,2.0
2026-07-28 08:13:43.08374,199796,32,1,1.7
2026-07-28 08:13:43.08374,199798,31,1,1.7
2026-07-28 08:13:43.08374,200089,460,1,1.5
2026-07-28 08:13:43.08374,200617,343,1,1.5
2026-07-28 08:13:43.08374,200641,24,1,2.0
2026-07-28 08:13:43.08374,200720,82,1,2.6
2026-07-28 08:13:43.08374,200785,73,1,1.5
2026-07-28 08:13:43.08374,200834,533,1,2.5
2026-07-28 08:13:43.08374,201595,326,1,2.0
2026-07-28 08:13:43.08374,201658,68,1,2.1
2026-07-28 08:13:43.08374,201666,453,1,2.1
2026-07-28 08:13:43.08374,201895,535,1,2.2
2026-07-28 08:13:43.08374,202993,516,1,2.0
2026-07-28 08:13:43.08374,204120,114,1,1.7
2026-07-28 08:13:43.08374,204480,13,1,2.6
2026-07-28 08:13:43.08374,204561,558,1,1.5
2026-07-28 08:13:43.08374,204580,98,1,1.5
2026-07-28 08:13:43.08374,204813,179,1,1.0
2026-07-28 08:13:43.08374,204822,476,1,1.0
2026-07-28 08:13:43.08374,204936,384,1,3.3
2026-07-28 08:13:43.08374,204968,489,1,1.0
2026-07-28 08:13:43.08374,205533,224,1,1.8
2026-07-28 08:13:43.08374,205651,27,1,2.0
2026-07-28 08:13:43.08374,206915,373,1,2.0
2026-07-28 08:13:43.08374,207189,265,1,1.5
2026-07-28 08:13:43.08374,207283,97,1,2.0
2026-07-28 08:13:43.08374,208481,292,1,1.5
2026-07-28 08:13:43.08374,208706,452,1,2.5
2026-07-28 08:13:43.08374,209036,388,1,2.8
2026-07-28 08:13:43.08374,209046,482,1,1.6
2026-07-28 08:13:43.08374,209244,398,1,2.5
2026-07-28 08:13:43.08374,209289,262,1,2.0
2026-07-28 08:13:43.08374,209365,416,1,0.0
2026-07-28 08:13:43.08374,209400,214,1,1.5
2026-07-28 08:13:43.08374,210156,492,1,1.8
2026-07-28 08:13:43.08374,210462,488,1,1.5
2026-07-28 08:13:43.08374,212314,267,1,1.5
2026-07-28 08:13:43.08374,212319,527,1,2.0
2026-07-28 08:13:43.08374,213292,296,1,1.5
2026-07-28 08:13:43.08374,214225,329,1,1.7
2026-07-28 08:13:43.08374,214285,364,1,2.2
2026-07-28 08:13:43.08374,214572,495,1,1.0
2026-07-28 08:13:43.08374,215059,140,1,2.6
2026-07-28 08:13:43.08374,215136,469,1,2.2
2026-07-28 08:13:43.08374,215379,481,1,2.3
2026-07-28 08:13:43.08374,215413,236,1,2.3
2026-07-28 08:13:43.08374,215711,44,1,2.0
2026-07-28 08:13:43.08374,216051,417,1,2.2
2026-07-28 08:13:43.08374,216094,357,1,2.5
2026-07-28 08:13:43.08374,216616,304,1,1.0
2026-07-28 08:13:43.08374,216646,464,1,2.0
2026-07-28 08:13:43.08374,218364,205,1,1.7
2026-07-28 08:13:43.08374,218997,195,1,1.4
2026-07-28 08:13:43.08374,219168,379,1,2.7
2026-07-28 08:13:43.08374,219249,126,1,2.0
2026-07-28 08:13:43.08374,219847,26,1,2.3
2026-07-28 08:13:43.08374,219924,259,1,1.0
2026-07-28 08:13:43.08374,220237,447,1,2.2
2026-07-28 08:13:43.08374,220362,153,1,1.7
2026-07-28 08:13:43.08374,220566,402,1,0.0
2026-07-28 08:13:43.08374,220583,180,1,1.0
2026-07-28 08:13:43.08374,220627,332,1,1.7
2026-07-28 08:13:43.08374,221389,468,1,2.0
2026-07-28 08:13:43.08374,221399,342,1,1.5
2026-07-28 08:13:43.08374,221466,498,1,2.8
2026-07-28 08:13:43.08374,221632,500,1,2.2
2026-07-28 08:13:43.08374,221820,419,1,1.6
2026-07-28 08:13:43.08374,222018,307,1,1.0
2026-07-28 08:13:43.08374,222531,480,1,2.8
2026-07-28 08:13:43.08374,222625,317,1,1.4
2026-07-28 08:13:43.08374,222683,70,1,2.1
2026-07-28 08:13:43.08374,222694,328,1,2.2
2026-07-28 08:13:43.08374,223094,411,1,4.0
2026-07-28 08:13:43.08374,223340,12,1,3.2
2026-07-28 08:13:43.08374,223434,118,1,1.7
2026-07-28 08:13:43.08374,223541,370,1,2.0
2026-07-28 08:13:43.08374,223827,532,1,2.2
2026-07-28 08:13:43.08374,224117,25,1,2.3
2026-07-28 08:13:43.08374,224967,233,1,1.7
2026-07-28 08:13:43.08374,225796,142,1,2.5
2026-07-28 08:13:43.08374,226182,330,1,1.7
2026-07-28 08:13:43.08374,226597,4,1,4.0
2026-07-28 08:13:43.08374,226944,47,1,1.1
2026-07-28 08:13:43.08374,226965,188,1,2.0
2026-07-28 08:13:43.08374,227444,471,1,2.5
2026-07-28 08:13:43.08374,229164,314,1,1.5
2026-07-28 08:13:43.08374,229600,227,1,2.6
2026-07-28 08:13:43.08374,230001,422,1,1.7
2026-07-28 08:13:43.08374,230730,194,1,1.4
2026-07-28 08:13:43.08374,231065,91,1,1.7
2026-07-28 08:13:43.08374,231416,113,1,1.7
2026-07-28 08:13:43.08374,231747,223,1,2.1
2026-07-28 08:13:43.08374,231899,312,1,1.0
2026-07-28 08:13:43.08374,232112,433,1,0.0
2026-07-28 08:13:43.08374,232185,208,1,2.3
2026-07-28 08:13:43.08374,232351,282,1,1.0
2026-07-28 08:13:43.08374,232413,14,1,2.3
2026-07-28 08:13:43.08374,232457,324,1,1.5
2026-07-28 08:13:43.08374,232571,530,1,1.0
2026-07-28 08:13:43.08374,232653,456,1,1.5
2026-07-28 08:13:43.08374,232787,519,1,2.0
2026-07-28 08:13:43.08374,232859,505,1,1.7
2026-07-28 08:13:43.08374,232892,257,1,1.7
2026-07-28 08:13:43.08374,232905,287,1,1.5
2026-07-28 08:13:43.08374,232928,239,1,0.0
2026-07-28 08:13:43.08374,235826,348,1,1.4
2026-07-28 08:13:43.08374,241117,310,1,1.5
2026-07-28 08:13:43.08374,241293,186,1,2.0
2026-07-28 08:13:43.08374,242313,207,1,1.7
2026-07-28 08:13:43.08374,242880,146,1,1.7
2026-07-28 08:13:43.08374,242882,62,1,2.2
2026-07-28 08:13:43.08374,242898,209,1,2.1
2026-07-28 08:13:43.08374,243016,372,1,2.0
2026-07-28 08:13:43.08374,243298,367,1,2.5
2026-07-28 08:13:43.08374,243413,290,1,1.0
2026-07-28 08:13:43.08374,243526,331,1,1.7
2026-07-28 08:13:43.08374,243571,234,1,1.7
2026-07-28 08:13:43.08374,244042,271,1,1.8
2026-07-28 08:13:43.08374,244723,204,1,1.7
2026-07-28 08:13:43.08374,244850,40,1,2.6
2026-07-28 08:13:43.08374,244851,154,1,3.2
2026-07-28 08:13:43.08374,244858,100,1,0.0
2026-07-28 08:13:43.08374,244860,247,1,2.0
2026-07-28 08:13:43.08374,244954,34,1,1.7
2026-07-28 08:13:43.08374,246301,255,1,1.7
2026-07-28 08:13:43.08374,247348,201,1,2.5
2026-07-28 08:13:43.08374,247412,222,1,2.0
2026-07-28 08:13:43.08374,247632,156,1,2.3
2026-07-28 08:13:43.08374,248056,345,1,1.5
2026-07-28 08:13:43.08374,248857,16,1,2.3
2026-07-28 08:13:43.08374,248875,400,1,2.6
2026-07-28 08:13:43.08374,249231,86,1,2.0
2026-07-28 08:13:43.08374,250199,487,1,1.5
2026-07-28 08:13:43.08374,424876,368,1,2.5
2026-07-28 08:13:43.08374,427623,202,1,2.2
2026-07-28 08:13:43.08374,427637,337,1,2.0
2026-07-28 08:13:43.08374,428580,104,1,1.5
2026-07-28 08:13:43.08374,430871,428,1,2.8
2026-07-28 08:13:43.08374,432422,455,1,2.0
2026-07-28 08:13:43.08374,432714,486,1,2.0
2026-07-28 08:13:43.08374,432720,385,1,2.6
2026-07-28 08:13:43.08374,432830,84,1,2.5
2026-07-28 08:13:43.08374,432987,354,1,1.0
2026-07-28 08:13:43.08374,433036,404,1,2.1
2026-07-28 08:13:43.08374,433154,241,1,2.0
2026-07-28 08:13:43.08374,433590,281,1,1.0
2026-07-28 08:13:43.08374,434399,536,1,1.7
2026-07-28 08:13:43.08374,434752,327,1,2.2
2026-07-28 08:13:43.08374,435997,336,1,2.1
2026-07-28 08:13:43.08374,436761,174,1,1.0
2026-07-28 08:13:43.08374,436893,65,1,1.7
2026-07-28 08:13:43.08374,437495,3,1,2.6
2026-07-28 08:13:43.08374,437499,200,1,2.8
2026-07-28 08:13:43.08374,437505,553,1,1.8
2026-07-28 08:13:43.08374,437730,397,1,2.9
2026-07-28 08:13:43.08374,437738,333,1,1.7
2026-07-28 08:13:43.08374,438098,23,1,2.0
2026-07-28 08:13:43.08374,438234,401,1,2.2
2026-07-28 08:13:43.08374,438464,218,1,1.5
2026-07-28 08:13:43.08374,439509,557,1,2.3
2026-07-28 08:13:43.08374,439668,187,1,1.5
2026-07-28 08:13:43.08374,440089,96,1,2.0
2026-07-28 08:13:43.08374,440993,237,1,2.1
2026-07-28 08:13:43.08374,441164,499,1,2.5
2026-07-28 08:13:43.08374,441191,450,1,1.6
2026-07-28 08:13:43.08374,441264,552,1,2.0
2026-07-28 08:13:43.08374,441266,371,1,2.1
2026-07-28 08:13:43.08374,441302,36,1,1.7
2026-07-28 08:13:43.08374,442967,562,1,2.0
2026-07-28 08:13:43.08374,443261,313,1,2.0
2026-07-28 08:13:43.08374,444102,79,1,2.0
2026-07-28 08:13:43.08374,444145,18,1,2.3
2026-07-28 08:13:43.08374,444172,59,1,1.0
2026-07-28 08:13:43.08374,444180,105,1,2.1
2026-07-28 08:13:43.08374,444307,276,1,1.0
2026-07-28 08:13:43.08374,444463,145,1,0.0
2026-07-28 08:13:43.08374,444765,85,1,2.2
2026-07-28 08:13:43.08374,444884,383,1,2.0
2026-07-28 08:13:43.08374,445028,563,1,1.5
2026-07-28 08:13:43.08374,445044,521,1,0.0
2026-07-28 08:13:43.08374,445122,5,1,0.0
2026-07-28 08:13:43.08374,446008,427,1,2.8
2026-07-28 08:13:43.08374,448047,155,1,2.5
2026-07-28 08:13:43.08374,448089,54,1,2.0
2026-07-28 08:13:43.08374,448104,9,1,2.5
2026-07-28 08:13:43.08374,448514,392,1,2.5
2026-07-28 08:13:43.08374,449027,351,1,2.6
2026-07-28 08:13:43.08374,449428,283,1,1.0
2026-07-28 08:13:43.08374,449429,306,1,1.0
2026-07-28 08:13:43.08374,449434,454,1,2.1
2026-07-28 08:13:43.08374,449871,48,1,0.0
2026-07-28 08:13:43.08374,450542,219,1,1.5
2026-07-28 08:13:43.08374,451284,175,1,1.0
2026-07-28 08:13:43.08374,451302,413,1,2.0
2026-07-28 08:13:43.08374,451340,121,1,0.0
2026-07-28 08:13:43.08374,451490,119,1,1.7
2026-07-28 08:13:43.08374,454490,120,1,2.2
2026-07-28 08:13:43.08374,455084,305,1,1.0
2026-07-28 08:13:43.08374,456512,483,1,2.0
2026-07-28 08:13:43.08374,457569,57,1,2.0
2026-07-28 08:13:43.08374,458249,440,1,1.8
2026-07-28 08:13:43.08374,460028,149,1,2.2
2026-07-28 08:13:43.08374,460842,512,1,1.7
2026-07-28 08:13:43.08374,461102,173,1,1.0
2026-07-28 08:13:43.08374,461199,547,1,1.5
2026-07-28 08:13:43.08374,461587,323,1,1.0
2026-07-28 08:13:43.08374,462387,322,1,1.4
2026-07-28 08:13:43.08374,462424,6,1,0.0
2026-07-28 08:13:43.08374,462635,340,1,1.5
2026-07-28 08:13:43.08374,463034,167,1,1.8
2026-07-28 08:13:43.08374,463067,125,1,1.8
2026-07-28 08:13:43.08374,463936,158,1,2.1
2026-07-28 08:13:43.08374,463981,60,1,2.5
2026-07-28 08:13:43.08374,464353,355,1,1.0
2026-07-28 08:13:43.08374,465247,412,1,2.6
2026-07-28 08:13:43.08374,465351,389,1,2.8
2026-07-28 08:13:43.08374,465390,177,1,1.0
2026-07-28 08:13:43.08374,465525,291,1,0.0
2026-07-28 08:13:43.08374,465642,445,1,2.2
2026-07-28 08:13:43.08374,465680,493,1,1.8
2026-07-28 08:13:43.08374,465694,405,1,2.0
2026-07-28 08:13:43.08374,465730,115,1,1.7
2026-07-28 08:13:43.08374,466052,399,1,2.6
2026-07-28 08:13:43.08374,466075,8,1,2.5
2026-07-28 08:13:43.08374,466525,335,1,2.1
2026-07-28 08:13:43.08374,467779,130,1,2.2
2026-07-28 08:13:43.08374,469142,112,1,2.2
2026-07-28 08:13:43.08374,469247,49,1,1.5
2026-07-28 08:13:43.08374,469272,190,1,2.0
2026-07-28 08:13:43.08374,470294,297,1,1.0
2026-07-28 08:13:43.08374,470313,463,1,2.0
2026-07-28 08:13:43.08374,470315,478,1,1.7
2026-07-28 08:13:43.08374,472713,90,1,1.7
2026-07-28 08:13:43.08374,472739,110,1,2.0
2026-07-28 08:13:43.08374,472769,387,1,3.1
2026-07-28 08:13:43.08374,475168,165,1,2.3
2026-07-28 08:13:43.08374,476887,485,1,2.0
2026-07-28 08:13:43.08374,477064,395,1,1.7
2026-07-28 08:13:43.08374,477424,391,1,2.5
2026-07-28 08:13:43.08374,477547,538,1,1.0
2026-07-28 08:13:43.08374,477555,264,1,2.0
2026-07-28 08:13:43.08374,480455,230,1,2.5
2026-07-28 08:13:43.08374,480457,183,1,1.1
2026-07-28 08:13:43.08374,481624,318,1,2.0
2026-07-28 08:13:43.08374,481655,19,1,2.0
2026-07-28 08:13:43.08374,482442,518,1,1.5
2026-07-28 08:13:43.08374,482609,144,1,2.2
2026-07-28 08:13:43.08374,482973,491,1,2.0
2026-07-28 08:13:43.08374,484389,171,1,1.0
2026-07-28 08:13:43.08374,484420,542,1,2.1
2026-07-28 08:13:43.08374,485047,470,1,2.2
2026-07-28 08:13:43.08374,485055,496,1,2.0
2026-07-28 08:13:43.08374,485337,42,1,2.0
2026-07-28 08:13:43.08374,485711,439,1,1.7
2026-07-28 08:13:43.08374,486385,248,1,1.8
2026-07-28 08:13:43.08374,486520,344,1,1.5
2026-07-28 08:13:43.08374,486672,159,1,2.0
2026-07-28 08:13:43.08374,487053,506,1,1.7
2026-07-28 08:13:43.08374,487117,139,1,0.0
2026-07-28 08:13:43.08374,487676,534,1,1.7
2026-07-28 08:13:43.08374,487838,449,1,2.2
2026-07-28 08:13:43.08374,488024,211,1,2.0
2026-07-28 08:13:43.08374,489580,365,1,1.0
2026-07-28 08:13:43.08374,489639,109,1,2.0
2026-07-28 08:13:43.08374,489706,215,1,1.5
2026-07-28 08:13:43.08374,489888,77,1,1.5
2026-07-28 08:13:43.08374,490094,240,1,1.5
2026-07-28 08:13:43.08374,490145,528,1,1.0
2026-07-28 08:13:43.08374,490161,293,1,1.5
2026-07-28 08:13:43.08374,490881,436,1,1.5
2026-07-28 08:13:43.08374,491007,163,1,1.0
2026-07-28 08:13:43.08374,491279,503,1,2.2
2026-07-28 08:13:43.08374,491501,378,1,1.0
2026-07-28 08:13:43.08374,492498,191,1,1.0
2026-07-28 08:13:43.08374,492777,360,1,0.0
2026-07-28 08:13:43.08374,492859,341,1,1.5
2026-07-28 08:13:43.08374,493105,160,1,2.1
2026-07-28 08:13:43.08374,493250,431,1,2.1
2026-07-28 08:13:43.08374,493362,513,1,0.0
2026-07-28 08:13:43.08374,494307,394,1,2.2
2026-07-28 08:13:43.08374,494521,61,1,2.5
2026-07-28 08:13:43.08374,494595,366,1,2.6
2026-07-28 08:13:43.08374,494950,275,1,1.0
2026-07-28 08:13:43.08374,496208,72,1,1.5
2026-07-28 08:13:43.08374,496221,210,1,1.5
2026-07-28 08:13:43.08374,496661,245,1,2.0
2026-07-28 08:13:43.08374,498016,529,1,2.6
2026-07-28 08:13:43.08374,499169,7,1,2.0
2026-07-28 08:13:43.08374,499175,22,1,2.0
2026-07-28 08:13:43.08374,499300,235,1,1.0
2026-07-28 08:13:43.08374,499309,168,1,1.4
2026-07-28 08:13:43.08374,499604,67,1,2.3
2026-07-28 08:13:43.08374,499716,510,1,1.0
2026-07-28 08:13:43.08374,499721,523,1,1.5
2026-07-28 08:13:43.08374,499726,524,1,1.0
2026-07-28 08:13:43.08374,500040,11,1,2.5
2026-07-28 08:13:43.08374,500058,382,1,0.0
2026-07-28 08:13:43.08374,500151,475,1,0.0
2026-07-28 08:13:43.08374,500957,298,1,1.0
2026-07-28 08:13:43.08374,501390,309,1,1.5
2026-07-28 08:13:43.08374,501459,185,1,1.5
2026-07-28 08:13:43.08374,501902,278,1,1.0
2026-07-28 08:13:43.08374,502500,106,1,2.5
2026-07-28 08:13:43.08374,502697,243,1,1.5
2026-07-28 08:13:43.08374,503037,170,1,1.0
2026-07-28 08:13:43.08374,503139,69,1,2.1
2026-07-28 08:13:43.08374,503301,484,1,2.0
2026-07-28 08:13:43.08374,505079,252,1,1.0
2026-07-28 08:13:43.08374,507433,83,1,2.0
2026-07-28 08:13:43.08374,508395,102,1,1.5
2026-07-28 08:13:43.08374,508479,141,1,2.6
2026-07-28 08:13:43.08374,509416,129,1,2.0
2026-07-28 08:13:43.08374,510281,403,1,2.3
2026-07-28 08:13:43.08374,510663,380,1,0.0
2026-07-28 08:13:43.08374,511499,514,1,2.1
2026-07-28 08:13:43.08374,512462,232,1,2.2
2026-07-28 08:13:43.08374,513086,93,1,1.7
2026-07-28 08:13:43.08374,513418,94,1,2.1
2026-07-28 08:13:43.08374,513466,246,1,1.5
2026-07-28 08:13:43.08374,514254,127,1,1.5
2026-07-28 08:13:43.08374,514356,161,1,1.5
2026-07-28 08:13:43.08374,514514,381,1,1.5
2026-07-28 08:13:43.08374,515046,531,1,2.0
2026-07-28 08:13:43.08374,515597,35,1,1.5
2026-07-28 08:13:43.08374,515621,206,1,1.7
2026-07-28 08:13:43.08374,516895,432,1,2.0
2026-07-28 08:13:43.08374,517052,166,1,2.1
2026-07-28 08:13:43.08374,519440,361,1,1.0
2026-07-28 08:13:43.08374,519634,537,1,1.7
2026-07-28 08:13:43.08374,519913,438,1,1.0
2026-07-28 08:13:43.08374,522047,334,1,2.2
2026-07-28 08:13:43.08374,531442,315,1,2.0
2026-07-28 08:13:43.08374,532529,123,1,2.1
2026-07-28 08:13:43.08374,532605,162,1,1.5
2026-07-28 08:13:43.08374,533463,95,1,2.3
2026-07-28 08:13:43.08374,534392,299,1,1.0
2026-07-28 08:13:43.08374,535301,131,1,1.5
2026-07-28 08:13:43.08374,535818,546,1,1.5
2026-07-28 08:13:43.08374,535928,376,1,0.0
2026-07-28 08:13:43.08374,536661,551,1,1.5
2026-07-28 08:13:43.08374,536694,217,1,1.5
2026-07-28 08:13:43.08374,536916,128,1,1.5
2026-07-28 08:13:43.08374,538207,465,1,2.0
2026-07-28 08:13:43.08374,538638,479,1,1.0
2026-07-28 08:13:43.08374,539142,182,1,1.0
2026-07-28 08:13:43.08374,540324,286,1,1.5
2026-07-28 08:13:43.08374,543295,99,1,1.1
2026-07-28 08:13:43.08374,543968,316,1,1.8
2026-07-28 08:13:43.08374,544877,358,1,2.5
2026-07-28 08:13:43.08374,545477,451,1,1.0
2026-07-28 08:13:43.08374,546600,554,1,2.0
2026-07-28 08:13:43.08374,547027,543,1,2.0
2026-07-28 08:13:43.08374,547037,434,1,1.5
2026-07-28 08:13:43.08374,547676,425,1,1.0
2026-07-28 08:13:43.08374,547701,522,1,1.5
2026-07-28 08:13:43.08374,547719,459,1,0.0
2026-07-28 08:13:43.08374,548308,507,1,1.7
2026-07-28 08:13:43.08374,549067,477,1,1.0
2026-07-28 08:13:43.08374,549074,133,1,1.5
2026-07-28 08:13:43.08374,549653,197,1,1.0
2026-07-28 08:13:43.08374,549912,549,1,2.0
2026-07-28 08:13:43.08374,549939,560,1,2.0
2026-07-28 08:13:43.08374,550090,117,1,1.7
2026-07-28 08:13:43.08374,550615,242,1,2.0
2026-07-28 08:13:43.08374,550839,517,1,0.0
2026-07-28 08:13:43.08374,550864,420,1,2.2
2026-07-28 08:13:43.08374,551210,148,1,1.7
2026-07-28 08:13:43.08374,551226,525,1,2.1
2026-07-28 08:13:43.08374,551262,196,1,1.4
2026-07-28 08:13:43.08374,551499,377,1,2.3
2026-07-28 08:13:43.08374,553783,294,1,1.0
2026-07-28 08:13:43.08374,554197,548,1,1.5
2026-07-28 08:13:43.08374,554578,444,1,2.0
2026-07-28 08:13:43.08374,556637,134,1,1.0
2026-07-28 08:13:43.08374,557012,321,1,1.0
2026-07-28 08:13:43.08374,560262,78,1,2.6
2026-07-28 08:13:43.08374,560552,263,1,2.0
2026-07-28 08:13:43.08374,561245,81,1,2.0
2026-07-28 08:13:43.08374,565297,349,1,1.0
2026-07-28 08:13:43.08374,567119,169,1,1.0
2026-07-28 08:13:43.08374,570241,92,1,1.7
2026-07-28 08:13:43.08374,570526,520,1,2.0
2026-07-28 08:13:43.08374,574458,150,1,1.7
2026-07-28 08:13:43.08374,575204,407,1,1.5
2026-07-28 08:13:43.08374,575458,474,1,1.7
2026-07-28 08:13:43.08374,575476,472,1,1.9
2026-07-28 08:13:43.08374,575901,66,1,1.0
2026-07-28 08:13:43.08374,576620,437,1,1.0
2026-07-28 08:13:43.08374,576628,435,1,1.5
2026-07-28 08:13:43.08374,577016,151,1,1.7
2026-07-28 08:13:43.08374,577285,51,1,1.0
2026-07-28 08:13:43.08374,577411,181,1,1.0
2026-07-28 08:13:43.08374,577669,545,1,1.5
2026-07-28 08:13:43.08374,577725,268,1,2.0
2026-07-28 08:13:43.08374,577974,424,1,1.0
2026-07-28 08:13:43.08374,578153,393,1,2.5
2026-07-28 08:13:43.08374,578545,39,1,1.0
2026-07-28 08:13:43.08374,586268,353,1,1.0
2026-07-28 08:13:43.08374,586309,249,1,1.8
2026-07-28 08:13:43.08374,590014,220,1,1.7
2026-07-28 08:13:43.08374,590039,409,1,1.0
2026-07-28 08:13:43.08374,591386,375,1,1.5
2026-07-28 08:13:43.08374,592031,122,1,2.1
2026-07-28 08:13:43.08374,593117,164,1,1.5
2026-07-28 08:13:43.08374,593174,107,1,1.0
2026-07-28 08:13:43.08374,596047,441,1,1.0
2026-07-28 08:13:43.08374,596777,415,1,2.1
2026-07-28 08:13:43.08374,597320,132,1,1.0
2026-07-28 08:13:43.08374,599303,466,1,1.0
2026-07-28 08:13:43.08374,606702,362,1,2.2
2026-07-28 08:13:43.08374,606745,421,1,1.7
2026-07-28 08:13:43.08374,606798,38,1,1.0
2026-07-28 08:13:43.08374,606921,216,1,1.5
2026-07-28 08:13:43.08374,607464,88,1,1.7
2026-07-28 08:13:43.08374,608181,137,1,1.3
2026-07-28 08:13:43.08374,609873,244,1,1.5
2026-07-28 08:13:43.08374,610799,504,1,2.2
2026-07-28 08:13:43.08374,611665,461,1,2.1
2026-07-28 08:13:43.08374,611922,369,1,2.1
2026-07-28 08:13:43.08374,614071,53,1,2.1
2026-07-28 08:13:43.08374,614574,76,1,1.5
2026-07-28 08:13:43.08374,616077,20,1,2.0
2026-07-28 08:13:43.08374,616221,511,1,1.0
2026-07-28 08:13:43.08374,616222,396,1,1.7
2026-07-28 08:13:43.08374,620109,152,1,2.5
2026-07-28 08:13:43.08374,620487,63,1,2.2
2026-07-28 08:13:43.08374,622758,561,1,1.7
2026-07-28 08:13:43.08374,624773,157,1,2.3
2026-07-28 08:13:43.08374,629397,192,1,1.0
2026-07-28 08:13:43.08374,631786,272,1,1.0
2026-07-28 08:13:43.08374,632794,559,1,1.5
2026-07-28 08:13:43.08374,636852,462,1,1.5
2026-07-28 08:13:43.08374,640419,509,1,1.0
2026-07-28 08:13:43.08374,645618,50,1,1.0
2026-07-28 08:13:43.08374,647681,363,1,0.0
2026-07-28 08:13:43.08374,647850,138,1,1.8
2026-07-28 08:13:43.08374,649208,410,1,1.5
2026-07-28 08:13:43.08374,651426,203,1,2.2
2026-07-28 08:13:43.08374,653481,52,1,1.5
2026-07-28 08:13:43.08374,660392,225,1,0.0
2026-07-28 08:13:43.08374,661800,284,1,1.0
2026-07-28 08:13:43.08374,672492,221,1,1.0
2026-07-28 08:13:43.08374,684268,189,1,1.0
2026-07-28 08:13:43.08374,699989,550,1,1.5
2026-07-28 08:13:43.08374,700308,135,1,1.5
2026-07-29 08:19:16.615243,17761,229,1,2.8
2026-07-29 08:19:16.615243,21205,414,1,1.0
2026-07-29 08:19:16.615243,40383,58,1,1.0
2026-07-29 08:19:16.615243,49262,111,1,1.0
2026-07-29 08:19:16.615243,50093,302,1,1.0
2026-07-29 08:19:16.615243,50175,136,1,2.0
2026-07-29 08:19:16.615243,54469,64,1,1.7
2026-07-29 08:19:16.615243,56979,101,1,1.1
2026-07-29 08:19:16.615243,59735,325,1,1.5
2026-07-29 08:19:16.615243,60307,124,1,2.0
2026-07-29 08:19:16.615243,60689,490,1,2.0
2026-07-29 08:19:16.615243,67089,497,1,1.0
2026-07-29 08:19:16.615243,72147,29,1,2.0
2026-07-29 08:19:16.615243,75115,108,1,1.8
2026-07-29 08:19:16.615243,76357,266,1,1.5
2026-07-29 08:19:16.615243,78916,448,1,2.2
2026-07-29 08:19:16.615243,80178,178,1,1.0
2026-07-29 08:19:16.615243,80201,250,1,2.0
2026-07-29 08:19:16.615243,81441,443,1,2.0
2026-07-29 08:19:16.615243,83299,116,1,1.7
2026-07-29 08:19:16.615243,84450,544,1,2.0
2026-07-29 08:19:16.615243,85633,467,1,2.6
2026-07-29 08:19:16.615243,86873,251,1,1.0
2026-07-29 08:19:16.615243,88894,46,1,1.5
2026-07-29 08:19:16.615243,91651,406,1,2.0
2026-07-29 08:19:16.615243,93605,541,1,1.7
2026-07-29 08:19:16.615243,95658,418,1,2.2
2026-07-29 08:19:16.615243,97032,356,1,3.1
2026-07-29 08:19:16.615243,98747,442,1,2.6
2026-07-29 08:19:16.615243,98980,28,1,2.6
2026-07-29 08:19:16.615243,101188,30,1,1.7
2026-07-29 08:19:16.615243,101282,289,1,1.0
2026-07-29 08:19:16.615243,105666,274,1,2.0
2026-07-29 08:19:16.615243,105717,540,1,1.0
2026-07-29 08:19:16.615243,106611,231,1,2.2
2026-07-29 08:19:16.615243,106760,423,1,1.7
2026-07-29 08:19:16.615243,108413,212,1,1.0
2026-07-29 08:19:16.615243,108416,277,1,1.0
2026-07-29 08:19:16.615243,108813,300,1,2.0
2026-07-29 08:19:16.615243,109646,147,1,1.7
2026-07-29 08:19:16.615243,109745,2,1,2.6
2026-07-29 08:19:16.615243,110690,172,1,2.0
2026-07-29 08:19:16.615243,111234,226,1,3.3
2026-07-29 08:19:16.615243,111317,74,1,1.5
2026-07-29 08:19:16.615243,112520,301,1,1.0
2026-07-29 08:19:16.615243,114243,457,1,2.1
2026-07-29 08:19:16.615243,114283,238,1,2.3
2026-07-29 08:19:16.615243,115556,508,1,1.0
2026-07-29 08:19:16.615243,116535,350,1,3.3
2026-07-29 08:19:16.615243,119471,446,1,2.2
2026-07-29 08:19:16.615243,121709,199,1,2.0
2026-07-29 08:19:16.615243,122074,386,1,2.0
2026-07-29 08:19:16.615243,122798,502,1,1.7
2026-07-29 08:19:16.615243,122806,45,1,2.0
2026-07-29 08:19:16.615243,128295,21,1,1.5
2026-07-29 08:19:16.615243,135720,501,1,2.2
2026-07-29 08:19:16.615243,138001,228,1,2.0
2026-07-29 08:19:16.615243,141746,426,1,4.0
2026-07-29 08:19:16.615243,146426,279,1,1.0
2026-07-29 08:19:16.615243,147675,320,1,1.4
2026-07-29 08:19:16.615243,149484,33,1,1.7
2026-07-29 08:19:16.615243,149929,311,1,1.5
2026-07-29 08:19:16.615243,152551,213,1,1.5
2026-07-29 08:19:16.615243,153133,261,1,2.0
2026-07-29 08:19:16.615243,153366,270,1,1.0
2026-07-29 08:19:16.615243,153682,260,1,2.3
2026-07-29 08:19:16.615243,154561,1,1,4.0
2026-07-29 08:19:16.615243,154566,526,1,2.0
2026-07-29 08:19:16.615243,155405,408,1,1.5
2026-07-29 08:19:16.615243,155408,71,1,1.5
2026-07-29 08:19:16.615243,155503,352,1,1.0
2026-07-29 08:19:16.615243,158499,75,1,0.0
2026-07-29 08:19:16.615243,158983,374,1,1.1
2026-07-29 08:19:16.615243,159506,473,1,1.7
2026-07-29 08:19:16.615243,160817,285,1,1.0
2026-07-29 08:19:16.615243,166477,258,1,1.7
2026-07-29 08:19:16.615243,166989,43,1,1.6
2026-07-29 08:19:16.615243,167074,256,1,1.7
2026-07-29 08:19:16.615243,167512,539,1,1.0
2026-07-29 08:19:16.615243,167825,273,1,1.0
2026-07-29 08:19:16.615243,168144,184,1,1.5
2026-07-29 08:19:16.615243,168636,80,1,1.8
2026-07-29 08:19:16.615243,169359,556,1,1.0
2026-07-29 08:19:16.615243,169432,295,1,1.8
2026-07-29 08:19:16.615243,169528,254,1,1.7
2026-07-29 08:19:16.615243,169593,555,1,1.0
2026-07-29 08:19:16.615243,171270,288,1,1.0
2026-07-29 08:19:16.615243,171287,359,1,0.0
2026-07-29 08:19:16.615243,171314,390,1,2.5
2026-07-29 08:19:16.615243,172453,319,1,1.5
2026-07-29 08:19:16.615243,172649,198,1,2.6
2026-07-29 08:19:16.615243,172780,515,1,2.3
2026-07-29 08:19:16.615243,173878,176,1,1.0
2026-07-29 08:19:16.615243,173879,56,1,0.0
2026-07-29 08:19:16.615243,174594,347,1,1.8
2026-07-29 08:19:16.615243,174874,253,1,0.0
2026-07-29 08:19:16.615243,176297,429,1,2.5
2026-07-29 08:19:16.615243,176412,193,1,1.8
2026-07-29 08:19:16.615243,176420,308,1,1.0
2026-07-29 08:19:16.615243,177815,346,1,2.0
2026-07-29 08:19:16.615243,178301,55,1,2.5
2026-07-29 08:19:16.615243,180135,339,1,1.5
2026-07-29 08:19:16.615243,180736,143,1,2.5
2026-07-29 08:19:16.615243,180974,458,1,1.5
2026-07-29 08:19:16.615243,183015,303,1,1.0
2026-07-29 08:19:16.615243,183656,103,1,1.5
2026-07-29 08:19:16.615243,184029,15,1,2.3
2026-07-29 08:19:16.615243,184254,494,1,2.0
2026-07-29 08:19:16.615243,184341,430,1,2.0
2026-07-29 08:19:16.615243,184349,269,1,1.7
2026-07-29 08:19:16.615243,184667,37,1,1.7
2026-07-29 08:19:16.615243,191866,87,1,1.7
2026-07-29 08:19:16.615243,193278,280,1,1.0
2026-07-29 08:19:16.615243,194010,89,1,1.7
2026-07-29 08:19:16.615243,195384,17,1,2.1
2026-07-29 08:19:16.615243,195546,41,1,2.1
2026-07-29 08:19:16.615243,198869,10,1,0.0
2026-07-29 08:19:16.615243,199598,338,1,2.0
2026-07-29 08:19:16.615243,199796,32,1,1.7
2026-07-29 08:19:16.615243,199798,31,1,1.7
2026-07-29 08:19:16.615243,200089,460,1,1.5
2026-07-29 08:19:16.615243,200617,343,1,1.5
2026-07-29 08:19:16.615243,200641,24,1,2.0
2026-07-29 08:19:16.615243,200720,82,1,2.6
2026-07-29 08:19:16.615243,200785,73,1,1.5
2026-07-29 08:19:16.615243,200834,533,1,2.5
2026-07-29 08:19:16.615243,201595,326,1,2.0
2026-07-29 08:19:16.615243,201658,68,1,2.1
2026-07-29 08:19:16.615243,201666,453,1,2.1
2026-07-29 08:19:16.615243,201895,535,1,2.2
2026-07-29 08:19:16.615243,202993,516,1,2.0
2026-07-29 08:19:16.615243,204120,114,1,1.7
2026-07-29 08:19:16.615243,204480,13,1,2.6
2026-07-29 08:19:16.615243,204561,558,1,1.5
2026-07-29 08:19:16.615243,204580,98,1,1.5
2026-07-29 08:19:16.615243,204813,179,1,1.0
2026-07-29 08:19:16.615243,204822,476,1,1.0
2026-07-29 08:19:16.615243,204936,384,1,3.3
2026-07-29 08:19:16.615243,204968,489,1,1.0
2026-07-29 08:19:16.615243,205533,224,1,1.8
2026-07-29 08:19:16.615243,205651,27,1,2.0
2026-07-29 08:19:16.615243,206915,373,1,2.0
2026-07-29 08:19:16.615243,207189,265,1,1.5
2026-07-29 08:19:16.615243,207283,97,1,2.0
2026-07-29 08:19:16.615243,208481,292,1,1.5
2026-07-29 08:19:16.615243,208706,452,1,2.5
2026-07-29 08:19:16.615243,209036,388,1,2.8
2026-07-29 08:19:16.615243,209046,482,1,1.6
2026-07-29 08:19:16.615243,209244,398,1,2.5
2026-07-29 08:19:16.615243,209289,262,1,2.0
2026-07-29 08:19:16.615243,209365,416,1,0.0
2026-07-29 08:19:16.615243,209400,214,1,1.5
2026-07-29 08:19:16.615243,210156,492,1,1.8
2026-07-29 08:19:16.615243,210462,488,1,1.5
2026-07-29 08:19:16.615243,212314,267,1,1.5
2026-07-29 08:19:16.615243,212319,527,1,2.0
2026-07-29 08:19:16.615243,213292,296,1,1.5
2026-07-29 08:19:16.615243,214225,329,1,1.7
2026-07-29 08:19:16.615243,214285,364,1,2.2
2026-07-29 08:19:16.615243,214572,495,1,1.0
2026-07-29 08:19:16.615243,215059,140,1,2.6
2026-07-29 08:19:16.615243,215136,469,1,2.2
2026-07-29 08:19:16.615243,215379,481,1,2.3
2026-07-29 08:19:16.615243,215413,236,1,2.3
2026-07-29 08:19:16.615243,215711,44,1,2.0
2026-07-29 08:19:16.615243,216051,417,1,2.2
2026-07-29 08:19:16.615243,216094,357,1,2.5
2026-07-29 08:19:16.615243,216616,304,1,1.0
2026-07-29 08:19:16.615243,216646,464,1,2.0
2026-07-29 08:19:16.615243,218364,205,1,1.7
2026-07-29 08:19:16.615243,218997,195,1,1.4
2026-07-29 08:19:16.615243,219168,379,1,2.7
2026-07-29 08:19:16.615243,219249,126,1,2.0
2026-07-29 08:19:16.615243,219847,26,1,2.3
2026-07-29 08:19:16.615243,219924,259,1,1.0
2026-07-29 08:19:16.615243,220237,447,1,2.2
2026-07-29 08:19:16.615243,220362,153,1,1.7
2026-07-29 08:19:16.615243,220566,402,1,0.0
2026-07-29 08:19:16.615243,220583,180,1,1.0
2026-07-29 08:19:16.615243,220627,332,1,1.7
2026-07-29 08:19:16.615243,221389,468,1,2.0
2026-07-29 08:19:16.615243,221399,342,1,0.0
2026-07-29 08:19:16.615243,221466,498,1,2.8
2026-07-29 08:19:16.615243,221632,500,1,2.2
2026-07-29 08:19:16.615243,221820,419,1,1.6
2026-07-29 08:19:16.615243,222018,307,1,1.0
2026-07-29 08:19:16.615243,222531,480,1,2.8
2026-07-29 08:19:16.615243,222625,317,1,1.4
2026-07-29 08:19:16.615243,222683,70,1,2.1
2026-07-29 08:19:16.615243,222694,328,1,2.2
2026-07-29 08:19:16.615243,223094,411,1,4.0
2026-07-29 08:19:16.615243,223340,12,1,3.2
2026-07-29 08:19:16.615243,223434,118,1,1.7
2026-07-29 08:19:16.615243,223541,370,1,2.0
2026-07-29 08:19:16.615243,223827,532,1,2.2
2026-07-29 08:19:16.615243,224117,25,1,2.3
2026-07-29 08:19:16.615243,224967,233,1,1.7
2026-07-29 08:19:16.615243,225796,142,1,2.5
2026-07-29 08:19:16.615243,226182,330,1,1.7
2026-07-29 08:19:16.615243,226597,4,1,4.0
2026-07-29 08:19:16.615243,226944,47,1,1.1
2026-07-29 08:19:16.615243,226965,188,1,2.0
2026-07-29 08:19:16.615243,227444,471,1,2.5
2026-07-29 08:19:16.615243,229164,314,1,1.5
2026-07-29 08:19:16.615243,229600,227,1,2.6
2026-07-29 08:19:16.615243,230001,422,1,1.7
2026-07-29 08:19:16.615243,230730,194,1,1.4
2026-07-29 08:19:16.615243,231065,91,1,1.7
2026-07-29 08:19:16.615243,231416,113,1,1.7
2026-07-29 08:19:16.615243,231747,223,1,2.1
2026-07-29 08:19:16.615243,231899,312,1,1.0
2026-07-29 08:19:16.615243,232112,433,1,0.0
2026-07-29 08:19:16.615243,232185,208,1,2.3
2026-07-29 08:19:16.615243,232351,282,1,1.0
2026-07-29 08:19:16.615243,232413,14,1,2.3
2026-07-29 08:19:16.615243,232457,324,1,1.5
2026-07-29 08:19:16.615243,232571,530,1,1.0
2026-07-29 08:19:16.615243,232653,456,1,1.5
2026-07-29 08:19:16.615243,232787,519,1,2.0
2026-07-29 08:19:16.615243,232859,505,1,1.7
2026-07-29 08:19:16.615243,232892,257,1,1.7
2026-07-29 08:19:16.615243,232905,287,1,1.5
2026-07-29 08:19:16.615243,232928,239,1,0.0
2026-07-29 08:19:16.615243,235826,348,1,1.4
2026-07-29 08:19:16.615243,241117,310,1,1.5
2026-07-29 08:19:16.615243,241293,186,1,2.0
2026-07-29 08:19:16.615243,242313,207,1,1.7
2026-07-29 08:19:16.615243,242880,146,1,1.7
2026-07-29 08:19:16.615243,242882,62,1,2.2
2026-07-29 08:19:16.615243,242898,209,1,2.1
2026-07-29 08:19:16.615243,243016,372,1,2.0
2026-07-29 08:19:16.615243,243298,367,1,2.5
2026-07-29 08:19:16.615243,243413,290,1,1.0
2026-07-29 08:19:16.615243,243526,331,1,1.7
2026-07-29 08:19:16.615243,243571,234,1,1.7
2026-07-29 08:19:16.615243,244042,271,1,1.8
2026-07-29 08:19:16.615243,244723,204,1,1.7
2026-07-29 08:19:16.615243,244850,40,1,2.6
2026-07-29 08:19:16.615243,244851,154,1,3.2
2026-07-29 08:19:16.615243,244858,100,1,0.0
2026-07-29 08:19:16.615243,244860,247,1,2.0
2026-07-29 08:19:16.615243,244954,34,1,1.7
2026-07-29 08:19:16.615243,246301,255,1,1.7
2026-07-29 08:19:16.615243,247348,201,1,2.5
2026-07-29 08:19:16.615243,247412,222,1,2.0
2026-07-29 08:19:16.615243,247632,156,1,2.3
2026-07-29 08:19:16.615243,248056,345,1,1.5
2026-07-29 08:19:16.615243,248857,16,1,2.3
2026-07-29 08:19:16.615243,248875,400,1,2.6
2026-07-29 08:19:16.615243,249231,86,1,2.0
2026-07-29 08:19:16.615243,250199,487,1,1.5
2026-07-29 08:19:16.615243,424876,368,1,2.5
2026-07-29 08:19:16.615243,427623,202,1,2.2
2026-07-29 08:19:16.615243,427637,337,1,2.0
2026-07-29 08:19:16.615243,428580,104,1,1.5
2026-07-29 08:19:16.615243,430871,428,1,2.8
2026-07-29 08:19:16.615243,432422,455,1,2.0
2026-07-29 08:19:16.615243,432714,486,1,2.0
2026-07-29 08:19:16.615243,432720,385,1,2.6
2026-07-29 08:19:16.615243,432830,84,1,2.5
2026-07-29 08:19:16.615243,432987,354,1,1.0
2026-07-29 08:19:16.615243,433036,404,1,2.1
2026-07-29 08:19:16.615243,433154,241,1,2.0
2026-07-29 08:19:16.615243,433590,281,1,1.0
2026-07-29 08:19:16.615243,434399,536,1,1.7
2026-07-29 08:19:16.615243,434752,327,1,2.2
2026-07-29 08:19:16.615243,435997,336,1,2.1
2026-07-29 08:19:16.615243,436761,174,1,1.0
2026-07-29 08:19:16.615243,436893,65,1,1.7
2026-07-29 08:19:16.615243,437495,3,1,2.6
2026-07-29 08:19:16.615243,437499,200,1,2.8
2026-07-29 08:19:16.615243,437505,553,1,1.8
2026-07-29 08:19:16.615243,437730,397,1,2.9
2026-07-29 08:19:16.615243,437738,333,1,1.7
2026-07-29 08:19:16.615243,438098,23,1,2.0
2026-07-29 08:19:16.615243,438234,401,1,2.2
2026-07-29 08:19:16.615243,438464,218,1,1.5
2026-07-29 08:19:16.615243,439509,557,1,2.3
2026-07-29 08:19:16.615243,439668,187,1,1.5
2026-07-29 08:19:16.615243,440089,96,1,2.0
2026-07-29 08:19:16.615243,440993,237,1,2.1
2026-07-29 08:19:16.615243,441164,499,1,2.5
2026-07-29 08:19:16.615243,441191,450,1,1.6
2026-07-29 08:19:16.615243,441264,552,1,2.0
2026-07-29 08:19:16.615243,441266,371,1,2.1
2026-07-29 08:19:16.615243,441302,36,1,1.7
2026-07-29 08:19:16.615243,442967,562,1,2.0
2026-07-29 08:19:16.615243,443261,313,1,2.0
2026-07-29 08:19:16.615243,444102,79,1,2.0
2026-07-29 08:19:16.615243,444145,18,1,2.3
2026-07-29 08:19:16.615243,444172,59,1,1.0
2026-07-29 08:19:16.615243,444180,105,1,2.1
2026-07-29 08:19:16.615243,444307,276,1,1.0
2026-07-29 08:19:16.615243,444463,145,1,0.0
2026-07-29 08:19:16.615243,444765,85,1,2.2
2026-07-29 08:19:16.615243,444884,383,1,2.0
2026-07-29 08:19:16.615243,445028,563,1,1.5
2026-07-29 08:19:16.615243,445044,521,1,0.0
2026-07-29 08:19:16.615243,445122,5,1,0.0
2026-07-29 08:19:16.615243,446008,427,1,2.8
2026-07-29 08:19:16.615243,448047,155,1,2.5
2026-07-29 08:19:16.615243,448089,54,1,2.0
2026-07-29 08:19:16.615243,448104,9,1,2.5
2026-07-29 08:19:16.615243,448514,392,1,2.5
2026-07-29 08:19:16.615243,449027,351,1,2.6
2026-07-29 08:19:16.615243,449428,283,1,1.0
2026-07-29 08:19:16.615243,449429,306,1,1.0
2026-07-29 08:19:16.615243,449434,454,1,2.1
2026-07-29 08:19:16.615243,449871,48,1,0.0
2026-07-29 08:19:16.615243,450542,219,1,1.5
2026-07-29 08:19:16.615243,451284,175,1,1.0
2026-07-29 08:19:16.615243,451302,413,1,2.0
2026-07-29 08:19:16.615243,451340,121,1,0.0
2026-07-29 08:19:16.615243,451490,119,1,1.7
2026-07-29 08:19:16.615243,454490,120,1,2.2
2026-07-29 08:19:16.615243,455084,305,1,1.0
2026-07-29 08:19:16.615243,456512,483,1,2.0
2026-07-29 08:19:16.615243,457569,57,1,2.0
2026-07-29 08:19:16.615243,458249,440,1,1.8
2026-07-29 08:19:16.615243,460028,149,1,2.2
2026-07-29 08:19:16.615243,460842,512,1,1.7
2026-07-29 08:19:16.615243,461102,173,1,1.0
2026-07-29 08:19:16.615243,461199,547,1,1.5
2026-07-29 08:19:16.615243,461587,323,1,1.0
2026-07-29 08:19:16.615243,462387,322,1,1.4
2026-07-29 08:19:16.615243,462424,6,1,0.0
2026-07-29 08:19:16.615243,462635,340,1,1.5
2026-07-29 08:19:16.615243,463034,167,1,1.8
2026-07-29 08:19:16.615243,463067,125,1,1.8
2026-07-29 08:19:16.615243,463936,158,1,2.1
2026-07-29 08:19:16.615243,463981,60,1,2.5
2026-07-29 08:19:16.615243,464353,355,1,1.0
2026-07-29 08:19:16.615243,465247,412,1,2.6
2026-07-29 08:19:16.615243,465351,389,1,2.8
2026-07-29 08:19:16.615243,465390,177,1,1.0
2026-07-29 08:19:16.615243,465525,291,1,0.0
2026-07-29 08:19:16.615243,465642,445,1,2.2
2026-07-29 08:19:16.615243,465680,493,1,1.8
2026-07-29 08:19:16.615243,465694,405,1,2.0
2026-07-29 08:19:16.615243,465730,115,1,1.7
2026-07-29 08:19:16.615243,466052,399,1,2.6
2026-07-29 08:19:16.615243,466075,8,1,2.5
2026-07-29 08:19:16.615243,466525,335,1,2.1
2026-07-29 08:19:16.615243,467779,130,1,2.2
2026-07-29 08:19:16.615243,469142,112,1,2.2
2026-07-29 08:19:16.615243,469247,49,1,1.5
2026-07-29 08:19:16.615243,469272,190,1,2.0
2026-07-29 08:19:16.615243,470294,297,1,1.0
2026-07-29 08:19:16.615243,470313,463,1,2.0
2026-07-29 08:19:16.615243,470315,478,1,1.7
2026-07-29 08:19:16.615243,472713,90,1,1.7
2026-07-29 08:19:16.615243,472739,110,1,2.0
2026-07-29 08:19:16.615243,472769,387,1,3.1
2026-07-29 08:19:16.615243,475168,165,1,2.3
2026-07-29 08:19:16.615243,476887,485,1,2.0
2026-07-29 08:19:16.615243,477064,395,1,1.7
2026-07-29 08:19:16.615243,477424,391,1,2.5
2026-07-29 08:19:16.615243,477547,538,1,1.0
2026-07-29 08:19:16.615243,477555,264,1,2.0
2026-07-29 08:19:16.615243,480455,230,1,2.5
2026-07-29 08:19:16.615243,480457,183,1,1.1
2026-07-29 08:19:16.615243,481624,318,1,2.0
2026-07-29 08:19:16.615243,481655,19,1,2.0
2026-07-29 08:19:16.615243,482442,518,1,1.5
2026-07-29 08:19:16.615243,482609,144,1,2.2
2026-07-29 08:19:16.615243,482973,491,1,2.0
2026-07-29 08:19:16.615243,484389,171,1,1.0
2026-07-29 08:19:16.615243,484420,542,1,2.1
2026-07-29 08:19:16.615243,485047,470,1,2.2
2026-07-29 08:19:16.615243,485055,496,1,2.0
2026-07-29 08:19:16.615243,485337,42,1,2.0
2026-07-29 08:19:16.615243,485711,439,1,1.7
2026-07-29 08:19:16.615243,486385,248,1,1.8
2026-07-29 08:19:16.615243,486520,344,1,1.5
2026-07-29 08:19:16.615243,486672,159,1,2.0
2026-07-29 08:19:16.615243,487053,506,1,1.7
2026-07-29 08:19:16.615243,487117,139,1,0.0
2026-07-29 08:19:16.615243,487676,534,1,1.7
2026-07-29 08:19:16.615243,487838,449,1,2.2
2026-07-29 08:19:16.615243,488024,211,1,2.0
2026-07-29 08:19:16.615243,489580,365,1,1.0
2026-07-29 08:19:16.615243,489639,109,1,2.0
2026-07-29 08:19:16.615243,489706,215,1,1.5
2026-07-29 08:19:16.615243,489888,77,1,1.5
2026-07-29 08:19:16.615243,490094,240,1,1.5
2026-07-29 08:19:16.615243,490145,528,1,1.0
2026-07-29 08:19:16.615243,490161,293,1,1.5
2026-07-29 08:19:16.615243,490881,436,1,1.5
2026-07-29 08:19:16.615243,491007,163,1,1.0
2026-07-29 08:19:16.615243,491279,503,1,2.2
2026-07-29 08:19:16.615243,491501,378,1,1.0
2026-07-29 08:19:16.615243,492498,191,1,1.0
2026-07-29 08:19:16.615243,492777,360,1,0.0
2026-07-29 08:19:16.615243,492859,341,1,1.5
2026-07-29 08:19:16.615243,493105,160,1,2.1
2026-07-29 08:19:16.615243,493250,431,1,2.1
2026-07-29 08:19:16.615243,493362,513,1,0.0
2026-07-29 08:19:16.615243,494307,394,1,2.2
2026-07-29 08:19:16.615243,494521,61,1,2.5
2026-07-29 08:19:16.615243,494595,366,1,2.6
2026-07-29 08:19:16.615243,494950,275,1,1.0
2026-07-29 08:19:16.615243,496208,72,1,1.5
2026-07-29 08:19:16.615243,496221,210,1,1.5
2026-07-29 08:19:16.615243,496661,245,1,2.0
2026-07-29 08:19:16.615243,498016,529,1,2.6
2026-07-29 08:19:16.615243,499169,7,1,2.0
2026-07-29 08:19:16.615243,499175,22,1,2.0
2026-07-29 08:19:16.615243,499300,235,1,1.0
2026-07-29 08:19:16.615243,499309,168,1,1.4
2026-07-29 08:19:16.615243,499604,67,1,2.3
2026-07-29 08:19:16.615243,499716,510,1,1.0
2026-07-29 08:19:16.615243,499721,523,1,1.5
2026-07-29 08:19:16.615243,499726,524,1,1.0
2026-07-29 08:19:16.615243,500040,11,1,2.5
2026-07-29 08:19:16.615243,500058,382,1,0.0
2026-07-29 08:19:16.615243,500151,475,1,0.0
2026-07-29 08:19:16.615243,500957,298,1,1.0
2026-07-29 08:19:16.615243,501390,309,1,1.5
2026-07-29 08:19:16.615243,501459,185,1,1.5
2026-07-29 08:19:16.615243,501902,278,1,1.0
2026-07-29 08:19:16.615243,502500,106,1,2.5
2026-07-29 08:19:16.615243,502697,243,1,1.5
2026-07-29 08:19:16.615243,503037,170,1,1.0
2026-07-29 08:19:16.615243,503139,69,1,2.1
2026-07-29 08:19:16.615243,503301,484,1,2.0
2026-07-29 08:19:16.615243,505079,252,1,1.0
2026-07-29 08:19:16.615243,507433,83,1,2.0
2026-07-29 08:19:16.615243,508395,102,1,1.5
2026-07-29 08:19:16.615243,508479,141,1,2.6
2026-07-29 08:19:16.615243,509416,129,1,2.0
2026-07-29 08:19:16.615243,510281,403,1,2.3
2026-07-29 08:19:16.615243,510663,380,1,0.0
2026-07-29 08:19:16.615243,511499,514,1,2.1
2026-07-29 08:19:16.615243,512462,232,1,2.2
2026-07-29 08:19:16.615243,513086,93,1,1.7
2026-07-29 08:19:16.615243,513418,94,1,2.1
2026-07-29 08:19:16.615243,513466,246,1,1.5
2026-07-29 08:19:16.615243,514254,127,1,1.5
2026-07-29 08:19:16.615243,514356,161,1,1.5
2026-07-29 08:19:16.615243,514514,381,1,1.5
2026-07-29 08:19:16.615243,515046,531,1,2.0
2026-07-29 08:19:16.615243,515597,35,1,1.5
2026-07-29 08:19:16.615243,515621,206,1,1.7
2026-07-29 08:19:16.615243,516895,432,1,2.0
2026-07-29 08:19:16.615243,517052,166,1,2.1
2026-07-29 08:19:16.615243,519440,361,1,1.0
2026-07-29 08:19:16.615243,519634,537,1,1.7
2026-07-29 08:19:16.615243,519913,438,1,1.0
2026-07-29 08:19:16.615243,522047,334,1,2.2
2026-07-29 08:19:16.615243,531442,315,1,2.0
2026-07-29 08:19:16.615243,532529,123,1,2.1
2026-07-29 08:19:16.615243,532605,162,1,1.5
2026-07-29 08:19:16.615243,533463,95,1,2.3
2026-07-29 08:19:16.615243,534392,299,1,1.0
2026-07-29 08:19:16.615243,535301,131,1,1.5
2026-07-29 08:19:16.615243,535818,546,1,1.5
2026-07-29 08:19:16.615243,535928,376,1,0.0
2026-07-29 08:19:16.615243,536661,551,1,1.5
2026-07-29 08:19:16.615243,536694,217,1,1.5
2026-07-29 08:19:16.615243,536916,128,1,1.5
2026-07-29 08:19:16.615243,538207,465,1,2.0
2026-07-29 08:19:16.615243,538638,479,1,1.0
2026-07-29 08:19:16.615243,539142,182,1,1.0
2026-07-29 08:19:16.615243,540324,286,1,1.5
2026-07-29 08:19:16.615243,543295,99,1,1.1
2026-07-29 08:19:16.615243,543968,316,1,1.8
2026-07-29 08:19:16.615243,544877,358,1,2.5
2026-07-29 08:19:16.615243,545477,451,1,1.0
2026-07-29 08:19:16.615243,546600,554,1,2.0
2026-07-29 08:19:16.615243,547027,543,1,2.0
2026-07-29 08:19:16.615243,547037,434,1,1.5
2026-07-29 08:19:16.615243,547676,425,1,1.0
2026-07-29 08:19:16.615243,547701,522,1,1.5
2026-07-29 08:19:16.615243,547719,459,1,0.0
2026-07-29 08:19:16.615243,548308,507,1,1.7
2026-07-29 08:19:16.615243,549067,477,1,1.0
2026-07-29 08:19:16.615243,549074,133,1,1.5
2026-07-29 08:19:16.615243,549653,197,1,0.0
2026-07-29 08:19:16.615243,549912,549,1,2.0
2026-07-29 08:19:16.615243,549939,560,1,2.0
2026-07-29 08:19:16.615243,550090,117,1,1.7
2026-07-29 08:19:16.615243,550615,242,1,2.0
2026-07-29 08:19:16.615243,550839,517,1,0.0
2026-07-29 08:19:16.615243,550864,420,1,2.2
2026-07-29 08:19:16.615243,551210,148,1,1.7
2026-07-29 08:19:16.615243,551226,525,1,2.1
2026-07-29 08:19:16.615243,551262,196,1,1.4
2026-07-29 08:19:16.615243,551499,377,1,2.3
2026-07-29 08:19:16.615243,553783,294,1,1.0
2026-07-29 08:19:16.615243,554197,548,1,1.5
2026-07-29 08:19:16.615243,554578,444,1,2.0
2026-07-29 08:19:16.615243,556637,134,1,1.0
2026-07-29 08:19:16.615243,557012,321,1,1.0
2026-07-29 08:19:16.615243,560262,78,1,2.6
2026-07-29 08:19:16.615243,560552,263,1,2.0
2026-07-29 08:19:16.615243,561245,81,1,2.0
2026-07-29 08:19:16.615243,565297,349,1,1.0
2026-07-29 08:19:16.615243,567119,169,1,1.0
2026-07-29 08:19:16.615243,570241,92,1,1.7
2026-07-29 08:19:16.615243,570526,520,1,2.0
2026-07-29 08:19:16.615243,574458,150,1,1.7
2026-07-29 08:19:16.615243,575204,407,1,1.5
2026-07-29 08:19:16.615243,575458,474,1,1.7
2026-07-29 08:19:16.615243,575476,472,1,1.9
2026-07-29 08:19:16.615243,575901,66,1,1.0
2026-07-29 08:19:16.615243,576620,437,1,1.0
2026-07-29 08:19:16.615243,576628,435,1,1.5
2026-07-29 08:19:16.615243,577016,151,1,1.7
2026-07-29 08:19:16.615243,577285,51,1,1.0
2026-07-29 08:19:16.615243,577411,181,1,1.0
2026-07-29 08:19:16.615243,577669,545,1,1.5
2026-07-29 08:19:16.615243,577725,268,1,2.0
2026-07-29 08:19:16.615243,577974,424,1,1.0
2026-07-29 08:19:16.615243,578153,393,1,2.5
2026-07-29 08:19:16.615243,578545,39,1,1.0
2026-07-29 08:19:16.615243,586268,353,1,1.0
2026-07-29 08:19:16.615243,586309,249,1,1.8
2026-07-29 08:19:16.615243,590014,220,1,1.7
2026-07-29 08:19:16.615243,590039,409,1,1.0
2026-07-29 08:19:16.615243,591386,375,1,1.5
2026-07-29 08:19:16.615243,592031,122,1,2.1
2026-07-29 08:19:16.615243,593117,164,1,1.5
2026-07-29 08:19:16.615243,593174,107,1,1.0
2026-07-29 08:19:16.615243,596047,441,1,1.0
2026-07-29 08:19:16.615243,596777,415,1,2.1
2026-07-29 08:19:16.615243,597320,132,1,1.0
2026-07-29 08:19:16.615243,599303,466,1,1.0
2026-07-29 08:19:16.615243,606702,362,1,2.2
2026-07-29 08:19:16.615243,606745,421,1,1.7
2026-07-29 08:19:16.615243,606798,38,1,1.0
2026-07-29 08:19:16.615243,606921,216,1,1.5
2026-07-29 08:19:16.615243,607464,88,1,1.7
2026-07-29 08:19:16.615243,608181,137,1,1.3
2026-07-29 08:19:16.615243,609873,244,1,1.5
2026-07-29 08:19:16.615243,610799,504,1,2.2
2026-07-29 08:19:16.615243,611665,461,1,2.1
2026-07-29 08:19:16.615243,611922,369,1,2.1
2026-07-29 08:19:16.615243,614071,53,1,2.1
2026-07-29 08:19:16.615243,614574,76,1,1.5
2026-07-29 08:19:16.615243,616077,20,1,2.0
2026-07-29 08:19:16.615243,616221,511,1,1.0
2026-07-29 08:19:16.615243,616222,396,1,1.7
2026-07-29 08:19:16.615243,620109,152,1,2.5
2026-07-29 08:19:16.615243,620487,63,1,2.2
2026-07-29 08:19:16.615243,622758,561,1,1.7
2026-07-29 08:19:16.615243,624773,157,1,2.3
2026-07-29 08:19:16.615243,629397,192,1,1.0
2026-07-29 08:19:16.615243,631786,272,1,1.0
2026-07-29 08:19:16.615243,632794,559,1,1.5
2026-07-29 08:19:16.615243,636852,462,1,1.5
2026-07-29 08:19:16.615243,640419,509,1,1.0
2026-07-29 08:19:16.615243,645618,50,1,1.0
2026-07-29 08:19:16.615243,647681,363,1,0.0
2026-07-29 08:19:16.615243,647850,138,1,1.8
2026-07-29 08:19:16.615243,649208,410,1,1.5
2026-07-29 08:19:16.615243,651426,203,1,2.2
2026-07-29 08:19:16.615243,653481,52,1,1.5
2026-07-29 08:19:16.615243,660392,225,1,0.0
2026-07-29 08:19:16.615243,661800,284,1,1.0
2026-07-29 08:19:16.615243,672492,221,1,1.0
2026-07-29 08:19:16.615243,684268,189,1,1.0
2026-07-29 08:19:16.615243,699989,550,1,1.5
2026-07-29 08:19:16.615243,700308,135,1,1.5
2026-07-30 08:06:58.503169,17761,229,1,2.8
2026-07-30 08:06:58.503169,21205,414,1,1.0
2026-07-30 08:06:58.503169,40383,58,1,1.0
2026-07-30 08:06:58.503169,49262,111,1,1.0
2026-07-30 08:06:58.503169,50093,302,1,1.0
2026-07-30 08:06:58.503169,50175,136,1,2.0
2026-07-30 08:06:58.503169,54469,64,1,1.7
2026-07-30 08:06:58.503169,56979,101,1,1.1
2026-07-30 08:06:58.503169,59735,325,1,1.5
2026-07-30 08:06:58.503169,60307,124,1,2.0
2026-07-30 08:06:58.503169,60689,490,1,2.0
2026-07-30 08:06:58.503169,67089,497,1,1.0
2026-07-30 08:06:58.503169,72147,29,1,2.0
2026-07-30 08:06:58.503169,75115,108,1,1.8
2026-07-30 08:06:58.503169,76357,266,1,1.5
2026-07-30 08:06:58.503169,78916,448,1,2.2
2026-07-30 08:06:58.503169,80178,178,1,1.0
2026-07-30 08:06:58.503169,80201,250,1,2.0
2026-07-30 08:06:58.503169,81441,443,1,2.0
2026-07-30 08:06:58.503169,83299,116,1,1.7
2026-07-30 08:06:58.503169,84450,544,1,2.0
2026-07-30 08:06:58.503169,85633,467,1,2.6
2026-07-30 08:06:58.503169,86873,251,1,1.0
2026-07-30 08:06:58.503169,88894,46,1,1.5
2026-07-30 08:06:58.503169,91651,406,1,2.0
2026-07-30 08:06:58.503169,93605,541,1,1.7
2026-07-30 08:06:58.503169,95658,418,1,2.2
2026-07-30 08:06:58.503169,97032,356,1,3.1
2026-07-30 08:06:58.503169,98747,442,1,2.6
2026-07-30 08:06:58.503169,98980,28,1,2.6
2026-07-30 08:06:58.503169,101188,30,1,1.7
2026-07-30 08:06:58.503169,101282,289,1,1.0
2026-07-30 08:06:58.503169,105666,274,1,2.0
2026-07-30 08:06:58.503169,105717,540,1,1.0
2026-07-30 08:06:58.503169,106611,231,1,2.2
2026-07-30 08:06:58.503169,106760,423,1,1.7
2026-07-30 08:06:58.503169,108413,212,1,1.0
2026-07-30 08:06:58.503169,108416,277,1,1.0
2026-07-30 08:06:58.503169,108813,300,1,2.0
2026-07-30 08:06:58.503169,109646,147,1,1.7
2026-07-30 08:06:58.503169,109745,2,1,2.6
2026-07-30 08:06:58.503169,110690,172,1,2.0
2026-07-30 08:06:58.503169,111234,226,1,3.3
2026-07-30 08:06:58.503169,111317,74,1,1.5
2026-07-30 08:06:58.503169,112520,301,1,1.0
2026-07-30 08:06:58.503169,114243,457,1,2.1
2026-07-30 08:06:58.503169,114283,238,1,1.7
2026-07-30 08:06:58.503169,115556,508,1,1.0
2026-07-30 08:06:58.503169,116535,350,1,3.3
2026-07-30 08:06:58.503169,119471,446,1,2.2
2026-07-30 08:06:58.503169,121709,199,1,2.0
2026-07-30 08:06:58.503169,122074,386,1,2.0
2026-07-30 08:06:58.503169,122798,502,1,1.7
2026-07-30 08:06:58.503169,122806,45,1,2.0
2026-07-30 08:06:58.503169,128295,21,1,1.5
2026-07-30 08:06:58.503169,135720,501,1,2.2
2026-07-30 08:06:58.503169,138001,228,1,2.0
2026-07-30 08:06:58.503169,141746,426,1,4.0
2026-07-30 08:06:58.503169,146426,279,1,1.0
2026-07-30 08:06:58.503169,147675,320,1,1.4
2026-07-30 08:06:58.503169,149484,33,1,1.7
2026-07-30 08:06:58.503169,149929,311,1,1.5
2026-07-30 08:06:58.503169,152551,213,1,1.5
2026-07-30 08:06:58.503169,153133,261,1,2.0
2026-07-30 08:06:58.503169,153366,270,1,1.0
2026-07-30 08:06:58.503169,153682,260,1,2.3
2026-07-30 08:06:58.503169,154561,1,1,4.0
2026-07-30 08:06:58.503169,154566,526,1,2.0
2026-07-30 08:06:58.503169,155405,408,1,1.5
2026-07-30 08:06:58.503169,155408,71,1,1.5
2026-07-30 08:06:58.503169,155503,352,1,1.0
2026-07-30 08:06:58.503169,158499,75,1,0.0
2026-07-30 08:06:58.503169,158983,374,1,1.1
2026-07-30 08:06:58.503169,159506,473,1,1.7
2026-07-30 08:06:58.503169,160817,285,1,1.0
2026-07-30 08:06:58.503169,166477,258,1,1.7
2026-07-30 08:06:58.503169,166989,43,1,1.6
2026-07-30 08:06:58.503169,167074,256,1,1.7
2026-07-30 08:06:58.503169,167512,539,1,1.0
2026-07-30 08:06:58.503169,167825,273,1,1.0
2026-07-30 08:06:58.503169,168144,184,1,1.5
2026-07-30 08:06:58.503169,168636,80,1,1.8
2026-07-30 08:06:58.503169,169359,556,1,1.0
2026-07-30 08:06:58.503169,169432,295,1,1.8
2026-07-30 08:06:58.503169,169528,254,1,1.7
2026-07-30 08:06:58.503169,169593,555,1,1.0
2026-07-30 08:06:58.503169,171270,288,1,1.0
2026-07-30 08:06:58.503169,171287,359,1,0.0
2026-07-30 08:06:58.503169,171314,390,1,2.5
2026-07-30 08:06:58.503169,172453,319,1,1.5
2026-07-30 08:06:58.503169,172649,198,1,2.6
2026-07-30 08:06:58.503169,172780,515,1,2.3
2026-07-30 08:06:58.503169,173878,176,1,1.0
2026-07-30 08:06:58.503169,173879,56,1,0.0
2026-07-30 08:06:58.503169,174594,347,1,1.8
2026-07-30 08:06:58.503169,174874,253,1,0.0
2026-07-30 08:06:58.503169,176297,429,1,2.5
2026-07-30 08:06:58.503169,176412,193,1,1.8
2026-07-30 08:06:58.503169,176420,308,1,1.0
2026-07-30 08:06:58.503169,177815,346,1,2.0
2026-07-30 08:06:58.503169,178301,55,1,2.5
2026-07-30 08:06:58.503169,180135,339,1,1.5
2026-07-30 08:06:58.503169,180736,143,1,2.5
2026-07-30 08:06:58.503169,180974,458,1,1.5
2026-07-30 08:06:58.503169,183015,303,1,1.0
2026-07-30 08:06:58.503169,183656,103,1,1.5
2026-07-30 08:06:58.503169,184029,15,1,2.3
2026-07-30 08:06:58.503169,184254,494,1,2.0
2026-07-30 08:06:58.503169,184341,430,1,2.0
2026-07-30 08:06:58.503169,184349,269,1,1.7
2026-07-30 08:06:58.503169,184667,37,1,1.7
2026-07-30 08:06:58.503169,191866,87,1,1.7
2026-07-30 08:06:58.503169,193278,280,1,1.0
2026-07-30 08:06:58.503169,194010,89,1,1.7
2026-07-30 08:06:58.503169,195384,17,1,2.1
2026-07-30 08:06:58.503169,195546,41,1,2.1
2026-07-30 08:06:58.503169,198869,10,1,0.0
2026-07-30 08:06:58.503169,199598,338,1,2.0
2026-07-30 08:06:58.503169,199796,32,1,1.7
2026-07-30 08:06:58.503169,199798,31,1,1.7
2026-07-30 08:06:58.503169,200089,460,1,1.5
2026-07-30 08:06:58.503169,200617,343,1,1.5
2026-07-30 08:06:58.503169,200641,24,1,2.0
2026-07-30 08:06:58.503169,200720,82,1,2.6
2026-07-30 08:06:58.503169,200785,73,1,1.5
2026-07-30 08:06:58.503169,200834,533,1,2.5
2026-07-30 08:06:58.503169,201595,326,1,2.0
2026-07-30 08:06:58.503169,201658,68,1,2.1
2026-07-30 08:06:58.503169,201666,453,1,2.1
2026-07-30 08:06:58.503169,201895,535,1,2.2
2026-07-30 08:06:58.503169,202993,516,1,2.0
2026-07-30 08:06:58.503169,204120,114,1,1.7
2026-07-30 08:06:58.503169,204480,13,1,2.6
2026-07-30 08:06:58.503169,204561,558,1,1.5
2026-07-30 08:06:58.503169,204580,98,1,1.5
2026-07-30 08:06:58.503169,204813,179,1,1.0
2026-07-30 08:06:58.503169,204822,476,1,1.0
2026-07-30 08:06:58.503169,204936,384,1,3.3
2026-07-30 08:06:58.503169,204968,489,1,1.0
2026-07-30 08:06:58.503169,205533,224,1,1.8
2026-07-30 08:06:58.503169,205651,27,1,2.0
2026-07-30 08:06:58.503169,206915,373,1,2.0
2026-07-30 08:06:58.503169,207189,265,1,1.5
2026-07-30 08:06:58.503169,207283,97,1,2.0
2026-07-30 08:06:58.503169,208481,292,1,1.5
2026-07-30 08:06:58.503169,208706,452,1,2.5
2026-07-30 08:06:58.503169,209036,388,1,2.8
2026-07-30 08:06:58.503169,209046,482,1,1.6
2026-07-30 08:06:58.503169,209244,398,1,2.5
2026-07-30 08:06:58.503169,209289,262,1,2.0
2026-07-30 08:06:58.503169,209365,416,1,0.0
2026-07-30 08:06:58.503169,209400,214,1,1.5
2026-07-30 08:06:58.503169,210156,492,1,1.8
2026-07-30 08:06:58.503169,210462,488,1,1.5
2026-07-30 08:06:58.503169,212314,267,1,1.5
2026-07-30 08:06:58.503169,212319,527,1,2.0
2026-07-30 08:06:58.503169,213292,296,1,1.5
2026-07-30 08:06:58.503169,214225,329,1,1.7
2026-07-30 08:06:58.503169,214285,364,1,2.2
2026-07-30 08:06:58.503169,214572,495,1,1.0
2026-07-30 08:06:58.503169,215059,140,1,2.6
2026-07-30 08:06:58.503169,215136,469,1,2.2
2026-07-30 08:06:58.503169,215379,481,1,2.3
2026-07-30 08:06:58.503169,215413,236,1,2.3
2026-07-30 08:06:58.503169,215711,44,1,2.0
2026-07-30 08:06:58.503169,216051,417,1,2.2
2026-07-30 08:06:58.503169,216094,357,1,2.5
2026-07-30 08:06:58.503169,216616,304,1,1.0
2026-07-30 08:06:58.503169,216646,464,1,2.0
2026-07-30 08:06:58.503169,218364,205,1,1.7
2026-07-30 08:06:58.503169,218997,195,1,1.4
2026-07-30 08:06:58.503169,219168,379,1,2.7
2026-07-30 08:06:58.503169,219249,126,1,2.0
2026-07-30 08:06:58.503169,219847,26,1,2.3
2026-07-30 08:06:58.503169,219924,259,1,1.0
2026-07-30 08:06:58.503169,220237,447,1,2.2
2026-07-30 08:06:58.503169,220362,153,1,1.7
2026-07-30 08:06:58.503169,220566,402,1,0.0
2026-07-30 08:06:58.503169,220583,180,1,1.0
2026-07-30 08:06:58.503169,220627,332,1,1.7
2026-07-30 08:06:58.503169,221389,468,1,2.0
2026-07-30 08:06:58.503169,221399,342,1,0.0
2026-07-30 08:06:58.503169,221466,498,1,2.8
2026-07-30 08:06:58.503169,221632,500,1,2.2
2026-07-30 08:06:58.503169,221820,419,1,1.6
2026-07-30 08:06:58.503169,222018,307,1,1.0
2026-07-30 08:06:58.503169,222531,480,1,2.8
2026-07-30 08:06:58.503169,222625,317,1,1.4
2026-07-30 08:06:58.503169,222683,70,1,2.1
2026-07-30 08:06:58.503169,222694,328,1,2.2
2026-07-30 08:06:58.503169,223094,411,1,4.0
2026-07-30 08:06:58.503169,223340,12,1,3.2
2026-07-30 08:06:58.503169,223434,118,1,1.7
2026-07-30 08:06:58.503169,223541,370,1,2.0
2026-07-30 08:06:58.503169,223827,532,1,2.2
2026-07-30 08:06:58.503169,224117,25,1,2.3
2026-07-30 08:06:58.503169,224967,233,1,1.7
2026-07-30 08:06:58.503169,225796,142,1,2.5
2026-07-30 08:06:58.503169,226182,330,1,1.7
2026-07-30 08:06:58.503169,226597,4,1,4.0
2026-07-30 08:06:58.503169,226944,47,1,1.1
2026-07-30 08:06:58.503169,226965,188,1,2.0
2026-07-30 08:06:58.503169,227444,471,1,2.5
2026-07-30 08:06:58.503169,229164,314,1,1.5
2026-07-30 08:06:58.503169,229600,227,1,2.6
2026-07-30 08:06:58.503169,230001,422,1,1.7
2026-07-30 08:06:58.503169,230730,194,1,1.4
2026-07-30 08:06:58.503169,231065,91,1,1.7
2026-07-30 08:06:58.503169,231416,113,1,1.7
2026-07-30 08:06:58.503169,231747,223,1,2.1
2026-07-30 08:06:58.503169,231899,312,1,0.0
2026-07-30 08:06:58.503169,232112,433,1,0.0
2026-07-30 08:06:58.503169,232185,208,1,2.3
2026-07-30 08:06:58.503169,232351,282,1,1.0
2026-07-30 08:06:58.503169,232413,14,1,2.3
2026-07-30 08:06:58.503169,232457,324,1,1.5
2026-07-30 08:06:58.503169,232571,530,1,1.0
2026-07-30 08:06:58.503169,232653,456,1,1.5
2026-07-30 08:06:58.503169,232787,519,1,2.0
2026-07-30 08:06:58.503169,232859,505,1,1.7
2026-07-30 08:06:58.503169,232892,257,1,1.7
2026-07-30 08:06:58.503169,232905,287,1,1.5
2026-07-30 08:06:58.503169,232928,239,1,0.0
2026-07-30 08:06:58.503169,235826,348,1,1.4
2026-07-30 08:06:58.503169,240514,564,1,2.0
2026-07-30 08:06:58.503169,241117,310,1,0.0
2026-07-30 08:06:58.503169,241293,186,1,2.0
2026-07-30 08:06:58.503169,242313,207,1,1.7
2026-07-30 08:06:58.503169,242880,146,1,1.7
2026-07-30 08:06:58.503169,242882,62,1,2.2
2026-07-30 08:06:58.503169,242898,209,1,2.1
2026-07-30 08:06:58.503169,243016,372,1,2.0
2026-07-30 08:06:58.503169,243298,367,1,2.5
2026-07-30 08:06:58.503169,243413,290,1,1.0
2026-07-30 08:06:58.503169,243526,331,1,1.7
2026-07-30 08:06:58.503169,243571,234,1,1.7
2026-07-30 08:06:58.503169,244042,271,1,1.8
2026-07-30 08:06:58.503169,244723,204,1,1.7
2026-07-30 08:06:58.503169,244850,40,1,2.6
2026-07-30 08:06:58.503169,244851,154,1,3.2
2026-07-30 08:06:58.503169,244858,100,1,0.0
2026-07-30 08:06:58.503169,244860,247,1,2.0
2026-07-30 08:06:58.503169,244954,34,1,1.7
2026-07-30 08:06:58.503169,246301,255,1,1.7
2026-07-30 08:06:58.503169,247348,201,1,2.5
2026-07-30 08:06:58.503169,247412,222,1,2.0
2026-07-30 08:06:58.503169,247632,156,1,2.3
2026-07-30 08:06:58.503169,248056,345,1,1.5
2026-07-30 08:06:58.503169,248857,16,1,2.3
2026-07-30 08:06:58.503169,248875,400,1,2.6
2026-07-30 08:06:58.503169,249231,86,1,2.0
2026-07-30 08:06:58.503169,250199,487,1,1.5
2026-07-30 08:06:58.503169,424876,368,1,2.5
2026-07-30 08:06:58.503169,427623,202,1,2.2
2026-07-30 08:06:58.503169,427637,337,1,2.0
2026-07-30 08:06:58.503169,428580,104,1,1.5
2026-07-30 08:06:58.503169,430871,428,1,2.8
2026-07-30 08:06:58.503169,432422,455,1,2.0
2026-07-30 08:06:58.503169,432714,486,1,2.0
2026-07-30 08:06:58.503169,432720,385,1,2.6
2026-07-30 08:06:58.503169,432830,84,1,2.5
2026-07-30 08:06:58.503169,432987,354,1,0.0
2026-07-30 08:06:58.503169,433036,404,1,2.1
2026-07-30 08:06:58.503169,433154,241,1,2.0
2026-07-30 08:06:58.503169,433590,281,1,1.0
2026-07-30 08:06:58.503169,434399,536,1,1.7
2026-07-30 08:06:58.503169,434752,327,1,2.2
2026-07-30 08:06:58.503169,435997,336,1,2.1
2026-07-30 08:06:58.503169,436761,174,1,1.0
2026-07-30 08:06:58.503169,436893,65,1,1.7
2026-07-30 08:06:58.503169,437495,3,1,2.6
2026-07-30 08:06:58.503169,437499,200,1,2.8
2026-07-30 08:06:58.503169,437505,553,1,1.8
2026-07-30 08:06:58.503169,437730,397,1,2.9
2026-07-30 08:06:58.503169,437738,333,1,1.7
2026-07-30 08:06:58.503169,438098,23,1,2.0
2026-07-30 08:06:58.503169,438234,401,1,2.2
2026-07-30 08:06:58.503169,438464,218,1,1.5
2026-07-30 08:06:58.503169,439509,557,1,2.3
2026-07-30 08:06:58.503169,439668,187,1,1.5
2026-07-30 08:06:58.503169,440089,96,1,2.0
2026-07-30 08:06:58.503169,440993,237,1,2.1
2026-07-30 08:06:58.503169,441164,499,1,2.5
2026-07-30 08:06:58.503169,441191,450,1,1.6
2026-07-30 08:06:58.503169,441264,552,1,2.0
2026-07-30 08:06:58.503169,441266,371,1,2.1
2026-07-30 08:06:58.503169,441302,36,1,1.7
2026-07-30 08:06:58.503169,442967,562,1,2.0
2026-07-30 08:06:58.503169,443261,313,1,2.0
2026-07-30 08:06:58.503169,444102,79,1,2.0
2026-07-30 08:06:58.503169,444145,18,1,2.3
2026-07-30 08:06:58.503169,444172,59,1,1.0
2026-07-30 08:06:58.503169,444180,105,1,2.1
2026-07-30 08:06:58.503169,444307,276,1,1.0
2026-07-30 08:06:58.503169,444463,145,1,0.0
2026-07-30 08:06:58.503169,444765,85,1,2.2
2026-07-30 08:06:58.503169,444884,383,1,2.0
2026-07-30 08:06:58.503169,445028,563,1,1.5
2026-07-30 08:06:58.503169,445044,521,1,0.0
2026-07-30 08:06:58.503169,445122,5,1,0.0
2026-07-30 08:06:58.503169,446008,427,1,2.8
2026-07-30 08:06:58.503169,448047,155,1,2.5
2026-07-30 08:06:58.503169,448089,54,1,2.0
2026-07-30 08:06:58.503169,448104,9,1,2.5
2026-07-30 08:06:58.503169,448514,392,1,2.5
2026-07-30 08:06:58.503169,449027,351,1,2.6
2026-07-30 08:06:58.503169,449428,283,1,1.0
2026-07-30 08:06:58.503169,449429,306,1,1.0
2026-07-30 08:06:58.503169,449434,454,1,2.1
2026-07-30 08:06:58.503169,449871,48,1,0.0
2026-07-30 08:06:58.503169,450542,219,1,1.5
2026-07-30 08:06:58.503169,451284,175,1,1.0
2026-07-30 08:06:58.503169,451302,413,1,2.0
2026-07-30 08:06:58.503169,451340,121,1,0.0
2026-07-30 08:06:58.503169,451490,119,1,1.7
2026-07-30 08:06:58.503169,454490,120,1,2.2
2026-07-30 08:06:58.503169,455084,305,1,1.0
2026-07-30 08:06:58.503169,456512,483,1,2.0
2026-07-30 08:06:58.503169,457569,57,1,2.0
2026-07-30 08:06:58.503169,458249,440,1,1.8
2026-07-30 08:06:58.503169,460028,149,1,2.2
2026-07-30 08:06:58.503169,460842,512,1,1.7
2026-07-30 08:06:58.503169,461102,173,1,1.0
2026-07-30 08:06:58.503169,461199,547,1,1.5
2026-07-30 08:06:58.503169,461587,323,1,1.0
2026-07-30 08:06:58.503169,462387,322,1,1.4
2026-07-30 08:06:58.503169,462424,6,1,0.0
2026-07-30 08:06:58.503169,462635,340,1,1.5
2026-07-30 08:06:58.503169,463034,167,1,1.8
2026-07-30 08:06:58.503169,463067,125,1,1.8
2026-07-30 08:06:58.503169,463936,158,1,2.1
2026-07-30 08:06:58.503169,463981,60,1,2.5
2026-07-30 08:06:58.503169,464353,355,1,1.0
2026-07-30 08:06:58.503169,465247,412,1,2.6
2026-07-30 08:06:58.503169,465351,389,1,2.8
2026-07-30 08:06:58.503169,465390,177,1,1.0
2026-07-30 08:06:58.503169,465525,291,1,0.0
2026-07-30 08:06:58.503169,465642,445,1,2.2
2026-07-30 08:06:58.503169,465680,493,1,1.8
2026-07-30 08:06:58.503169,465694,405,1,2.0
2026-07-30 08:06:58.503169,465730,115,1,1.7
2026-07-30 08:06:58.503169,466052,399,1,2.6
2026-07-30 08:06:58.503169,466075,8,1,2.5
2026-07-30 08:06:58.503169,466525,335,1,2.1
2026-07-30 08:06:58.503169,467779,130,1,2.2
2026-07-30 08:06:58.503169,469142,112,1,2.2
2026-07-30 08:06:58.503169,469247,49,1,1.5
2026-07-30 08:06:58.503169,469272,190,1,2.0
2026-07-30 08:06:58.503169,470294,297,1,1.0
2026-07-30 08:06:58.503169,470313,463,1,2.0
2026-07-30 08:06:58.503169,470315,478,1,1.7
2026-07-30 08:06:58.503169,472713,90,1,1.7
2026-07-30 08:06:58.503169,472739,110,1,2.0
2026-07-30 08:06:58.503169,472769,387,1,3.1
2026-07-30 08:06:58.503169,475168,165,1,2.3
2026-07-30 08:06:58.503169,476887,485,1,2.0
2026-07-30 08:06:58.503169,477064,395,1,1.7
2026-07-30 08:06:58.503169,477424,391,1,2.5
2026-07-30 08:06:58.503169,477547,538,1,1.0
2026-07-30 08:06:58.503169,477555,264,1,2.0
2026-07-30 08:06:58.503169,480455,230,1,2.5
2026-07-30 08:06:58.503169,480457,183,1,1.1
2026-07-30 08:06:58.503169,481624,318,1,2.0
2026-07-30 08:06:58.503169,481655,19,1,2.0
2026-07-30 08:06:58.503169,482442,518,1,1.5
2026-07-30 08:06:58.503169,482609,144,1,2.2
2026-07-30 08:06:58.503169,482973,491,1,2.0
2026-07-30 08:06:58.503169,484389,171,1,1.0
2026-07-30 08:06:58.503169,484420,542,1,2.1
2026-07-30 08:06:58.503169,485047,470,1,2.2
2026-07-30 08:06:58.503169,485055,496,1,2.0
2026-07-30 08:06:58.503169,485337,42,1,2.0
2026-07-30 08:06:58.503169,485711,439,1,1.7
2026-07-30 08:06:58.503169,486385,248,1,1.8
2026-07-30 08:06:58.503169,486520,344,1,1.5
2026-07-30 08:06:58.503169,486672,159,1,2.0
2026-07-30 08:06:58.503169,487053,506,1,1.7
2026-07-30 08:06:58.503169,487117,139,1,0.0
2026-07-30 08:06:58.503169,487676,534,1,1.7
2026-07-30 08:06:58.503169,487838,449,1,2.2
2026-07-30 08:06:58.503169,488024,211,1,2.0
2026-07-30 08:06:58.503169,489580,365,1,1.0
2026-07-30 08:06:58.503169,489639,109,1,2.0
2026-07-30 08:06:58.503169,489706,215,1,1.5
2026-07-30 08:06:58.503169,489888,77,1,1.5
2026-07-30 08:06:58.503169,490094,240,1,1.5
2026-07-30 08:06:58.503169,490145,528,1,1.0
2026-07-30 08:06:58.503169,490161,293,1,1.5
2026-07-30 08:06:58.503169,490881,436,1,1.5
2026-07-30 08:06:58.503169,491007,163,1,1.0
2026-07-30 08:06:58.503169,491279,503,1,2.2
2026-07-30 08:06:58.503169,491501,378,1,1.0
2026-07-30 08:06:58.503169,492498,191,1,1.0
2026-07-30 08:06:58.503169,492777,360,1,0.0
2026-07-30 08:06:58.503169,492859,341,1,1.5
2026-07-30 08:06:58.503169,493105,160,1,2.1
2026-07-30 08:06:58.503169,493250,431,1,2.1
2026-07-30 08:06:58.503169,493362,513,1,0.0
2026-07-30 08:06:58.503169,494307,394,1,2.2
2026-07-30 08:06:58.503169,494521,61,1,2.5
2026-07-30 08:06:58.503169,494595,366,1,2.6
2026-07-30 08:06:58.503169,494950,275,1,0.0
2026-07-30 08:06:58.503169,496208,72,1,1.5
2026-07-30 08:06:58.503169,496221,210,1,1.5
2026-07-30 08:06:58.503169,496661,245,1,2.0
2026-07-30 08:06:58.503169,498016,529,1,2.6
2026-07-30 08:06:58.503169,499169,7,1,2.0
2026-07-30 08:06:58.503169,499175,22,1,2.0
2026-07-30 08:06:58.503169,499300,235,1,1.0
2026-07-30 08:06:58.503169,499309,168,1,1.4
2026-07-30 08:06:58.503169,499604,67,1,2.3
2026-07-30 08:06:58.503169,499716,510,1,1.0
2026-07-30 08:06:58.503169,499721,523,1,1.5
2026-07-30 08:06:58.503169,499726,524,1,1.0
2026-07-30 08:06:58.503169,500040,11,1,2.5
2026-07-30 08:06:58.503169,500058,382,1,0.0
2026-07-30 08:06:58.503169,500151,475,1,0.0
2026-07-30 08:06:58.503169,500957,298,1,1.0
2026-07-30 08:06:58.503169,501390,309,1,1.5
2026-07-30 08:06:58.503169,501459,185,1,1.5
2026-07-30 08:06:58.503169,501902,278,1,1.0
2026-07-30 08:06:58.503169,502500,106,1,2.5
2026-07-30 08:06:58.503169,502697,243,1,1.5
2026-07-30 08:06:58.503169,503037,170,1,1.0
2026-07-30 08:06:58.503169,503139,69,1,2.1
2026-07-30 08:06:58.503169,503301,484,1,2.0
2026-07-30 08:06:58.503169,505079,252,1,1.0
2026-07-30 08:06:58.503169,507433,83,1,2.0
2026-07-30 08:06:58.503169,508395,102,1,1.5
2026-07-30 08:06:58.503169,508479,141,1,2.6
2026-07-30 08:06:58.503169,509416,129,1,2.0
2026-07-30 08:06:58.503169,510281,403,1,2.3
2026-07-30 08:06:58.503169,510663,380,1,0.0
2026-07-30 08:06:58.503169,511499,514,1,2.1
2026-07-30 08:06:58.503169,512462,232,1,2.2
2026-07-30 08:06:58.503169,513086,93,1,1.7
2026-07-30 08:06:58.503169,513418,94,1,2.1
2026-07-30 08:06:58.503169,513466,246,1,1.5
2026-07-30 08:06:58.503169,514254,127,1,1.5
2026-07-30 08:06:58.503169,514356,161,1,1.5
2026-07-30 08:06:58.503169,514514,381,1,1.5
2026-07-30 08:06:58.503169,515046,531,1,2.0
2026-07-30 08:06:58.503169,515597,35,1,1.5
2026-07-30 08:06:58.503169,515621,206,1,1.7
2026-07-30 08:06:58.503169,516895,432,1,2.0
2026-07-30 08:06:58.503169,517052,166,1,2.1
2026-07-30 08:06:58.503169,519440,361,1,1.0
2026-07-30 08:06:58.503169,519634,537,1,1.7
2026-07-30 08:06:58.503169,519913,438,1,1.0
2026-07-30 08:06:58.503169,522047,334,1,2.2
2026-07-30 08:06:58.503169,531442,315,1,2.0
2026-07-30 08:06:58.503169,532529,123,1,2.1
2026-07-30 08:06:58.503169,532605,162,1,1.5
2026-07-30 08:06:58.503169,533463,95,1,2.3
2026-07-30 08:06:58.503169,534392,299,1,1.0
2026-07-30 08:06:58.503169,535301,131,1,1.5
2026-07-30 08:06:58.503169,535818,546,1,1.5
2026-07-30 08:06:58.503169,535928,376,1,0.0
2026-07-30 08:06:58.503169,536661,551,1,1.5
2026-07-30 08:06:58.503169,536694,217,1,1.5
2026-07-30 08:06:58.503169,536916,128,1,1.5
2026-07-30 08:06:58.503169,538207,465,1,2.0
2026-07-30 08:06:58.503169,538638,479,1,1.0
2026-07-30 08:06:58.503169,539142,182,1,1.0
2026-07-30 08:06:58.503169,540324,286,1,1.5
2026-07-30 08:06:58.503169,543295,99,1,1.1
2026-07-30 08:06:58.503169,543968,316,1,1.8
2026-07-30 08:06:58.503169,544877,358,1,2.5
2026-07-30 08:06:58.503169,545477,451,1,1.0
2026-07-30 08:06:58.503169,546600,554,1,2.0
2026-07-30 08:06:58.503169,547027,543,1,2.0
2026-07-30 08:06:58.503169,547037,434,1,1.5
2026-07-30 08:06:58.503169,547676,425,1,1.0
2026-07-30 08:06:58.503169,547701,522,1,1.5
2026-07-30 08:06:58.503169,547719,459,1,0.0
2026-07-30 08:06:58.503169,548308,507,1,1.7
2026-07-30 08:06:58.503169,549067,477,1,1.0
2026-07-30 08:06:58.503169,549074,133,1,1.5
2026-07-30 08:06:58.503169,549653,197,1,0.0
2026-07-30 08:06:58.503169,549912,549,1,2.0
2026-07-30 08:06:58.503169,549939,560,1,2.0
2026-07-30 08:06:58.503169,550090,117,1,1.7
2026-07-30 08:06:58.503169,550615,242,1,2.0
2026-07-30 08:06:58.503169,550839,517,1,0.0
2026-07-30 08:06:58.503169,550864,420,1,2.2
2026-07-30 08:06:58.503169,551210,148,1,1.7
2026-07-30 08:06:58.503169,551226,525,1,2.1
2026-07-30 08:06:58.503169,551262,196,1,1.4
2026-07-30 08:06:58.503169,551499,377,1,2.3
2026-07-30 08:06:58.503169,553783,294,1,1.0
2026-07-30 08:06:58.503169,554197,548,1,1.5
2026-07-30 08:06:58.503169,554578,444,1,2.0
2026-07-30 08:06:58.503169,556637,134,1,1.0
2026-07-30 08:06:58.503169,557012,321,1,1.0
2026-07-30 08:06:58.503169,560262,78,1,0.0
2026-07-30 08:06:58.503169,560552,263,1,2.0
2026-07-30 08:06:58.503169,561245,81,1,2.0
2026-07-30 08:06:58.503169,565297,349,1,0.0
2026-07-30 08:06:58.503169,567119,169,1,1.0
2026-07-30 08:06:58.503169,570241,92,1,1.7
2026-07-30 08:06:58.503169,570526,520,1,2.0
2026-07-30 08:06:58.503169,574458,150,1,1.7
2026-07-30 08:06:58.503169,575204,407,1,1.5
2026-07-30 08:06:58.503169,575458,474,1,1.7
2026-07-30 08:06:58.503169,575476,472,1,1.9
2026-07-30 08:06:58.503169,575901,66,1,1.0
2026-07-30 08:06:58.503169,576620,437,1,1.0
2026-07-30 08:06:58.503169,576628,435,1,1.5
2026-07-30 08:06:58.503169,577016,151,1,1.7
2026-07-30 08:06:58.503169,577285,51,1,1.0
2026-07-30 08:06:58.503169,577411,181,1,1.0
2026-07-30 08:06:58.503169,577669,545,1,1.5
2026-07-30 08:06:58.503169,577725,268,1,2.0
2026-07-30 08:06:58.503169,577974,424,1,1.0
2026-07-30 08:06:58.503169,578153,393,1,2.5
2026-07-30 08:06:58.503169,578545,39,1,1.0
2026-07-30 08:06:58.503169,586268,353,1,1.0
2026-07-30 08:06:58.503169,586309,249,1,1.8
2026-07-30 08:06:58.503169,590014,220,1,1.7
2026-07-30 08:06:58.503169,590039,409,1,1.0
2026-07-30 08:06:58.503169,591386,375,1,1.5
2026-07-30 08:06:58.503169,592031,122,1,2.1
2026-07-30 08:06:58.503169,593117,164,1,1.5
2026-07-30 08:06:58.503169,593174,107,1,1.0
2026-07-30 08:06:58.503169,596047,441,1,1.0
2026-07-30 08:06:58.503169,596777,415,1,2.1
2026-07-30 08:06:58.503169,597320,132,1,1.0
2026-07-30 08:06:58.503169,599303,466,1,1.0
2026-07-30 08:06:58.503169,606702,362,1,2.2
2026-07-30 08:06:58.503169,606745,421,1,1.7
2026-07-30 08:06:58.503169,606798,38,1,1.0
2026-07-30 08:06:58.503169,606921,216,1,1.5
2026-07-30 08:06:58.503169,607464,88,1,1.7
2026-07-30 08:06:58.503169,608181,137,1,1.3
2026-07-30 08:06:58.503169,609873,244,1,1.5
2026-07-30 08:06:58.503169,610799,504,1,2.2
2026-07-30 08:06:58.503169,611665,461,1,2.1
2026-07-30 08:06:58.503169,611922,369,1,2.1
2026-07-30 08:06:58.503169,614071,53,1,2.1
2026-07-30 08:06:58.503169,614574,76,1,1.5
2026-07-30 08:06:58.503169,616077,20,1,2.0
2026-07-30 08:06:58.503169,616221,511,1,1.0
2026-07-30 08:06:58.503169,616222,396,1,1.7
2026-07-30 08:06:58.503169,620109,152,1,2.5
2026-07-30 08:06:58.503169,620487,63,1,2.2
2026-07-30 08:06:58.503169,622758,561,1,1.7
2026-07-30 08:06:58.503169,624773,157,1,2.3
2026-07-30 08:06:58.503169,629397,192,1,1.0
2026-07-30 08:06:58.503169,631786,272,1,1.0
2026-07-30 08:06:58.503169,632794,559,1,1.5
2026-07-30 08:06:58.503169,636852,462,1,1.5
2026-07-30 08:06:58.503169,640419,509,1,1.0
2026-07-30 08:06:58.503169,645618,50,1,1.0
2026-07-30 08:06:58.503169,647681,363,1,0.0
2026-07-30 08:06:58.503169,647850,138,1,1.8
2026-07-30 08:06:58.503169,649208,410,1,1.5
2026-07-30 08:06:58.503169,651426,203,1,2.2
2026-07-30 08:06:58.503169,653481,52,1,1.5
2026-07-30 08:06:58.503169,660392,225,1,0.0
2026-07-30 08:06:58.503169,661800,284,1,1.0
2026-07-30 08:06:58.503169,672492,221,1,1.0
2026-07-30 08:06:58.503169,684268,189,1,1.0
2026-07-30 08:06:58.503169,699989,550,1,1.5
2026-07-30 08:06:58.503169,700308,135,1,1.5
2026-07-31 08:33:01.881075,17761,229,1,2.8
2026-07-31 08:33:01.881075,21205,414,1,1.0
2026-07-31 08:33:01.881075,40383,58,1,1.0
2026-07-31 08:33:01.881075,49262,111,1,1.0
2026-07-31 08:33:01.881075,50093,302,1,1.0
2026-07-31 08:33:01.881075,50175,136,1,2.0
2026-07-31 08:33:01.881075,54469,64,1,1.7
2026-07-31 08:33:01.881075,56979,101,1,0.0
2026-07-31 08:33:01.881075,59735,325,1,1.5
2026-07-31 08:33:01.881075,60307,124,1,2.0
2026-07-31 08:33:01.881075,60689,490,1,2.0
2026-07-31 08:33:01.881075,67089,497,1,1.0
2026-07-31 08:33:01.881075,72147,29,1,2.0
2026-07-31 08:33:01.881075,75115,108,1,1.8
2026-07-31 08:33:01.881075,76357,266,1,1.5
2026-07-31 08:33:01.881075,78916,448,1,2.2
2026-07-31 08:33:01.881075,80178,178,1,1.0
2026-07-31 08:33:01.881075,80201,250,1,2.0
2026-07-31 08:33:01.881075,81441,443,1,2.0
2026-07-31 08:33:01.881075,83299,116,1,1.7
2026-07-31 08:33:01.881075,84450,544,1,2.0
2026-07-31 08:33:01.881075,85633,467,1,2.6
2026-07-31 08:33:01.881075,86873,251,1,1.0
2026-07-31 08:33:01.881075,88894,46,1,1.5
2026-07-31 08:33:01.881075,91651,406,1,2.0
2026-07-31 08:33:01.881075,93605,541,1,1.7
2026-07-31 08:33:01.881075,95658,418,1,2.2
2026-07-31 08:33:01.881075,97032,356,1,3.1
2026-07-31 08:33:01.881075,98747,442,1,2.6
2026-07-31 08:33:01.881075,98980,28,1,2.6
2026-07-31 08:33:01.881075,101188,30,1,1.7
2026-07-31 08:33:01.881075,101282,289,1,1.0
2026-07-31 08:33:01.881075,105666,274,1,2.0
2026-07-31 08:33:01.881075,105717,540,1,1.0
2026-07-31 08:33:01.881075,106611,231,1,2.2
2026-07-31 08:33:01.881075,106760,423,1,1.7
2026-07-31 08:33:01.881075,108413,212,1,1.0
2026-07-31 08:33:01.881075,108416,277,1,1.0
2026-07-31 08:33:01.881075,108813,300,1,2.0
2026-07-31 08:33:01.881075,109646,147,1,1.7
2026-07-31 08:33:01.881075,109745,2,1,2.6
2026-07-31 08:33:01.881075,110690,172,1,2.0
2026-07-31 08:33:01.881075,111234,226,1,3.3
2026-07-31 08:33:01.881075,111317,74,1,1.5
2026-07-31 08:33:01.881075,112520,301,1,1.0
2026-07-31 08:33:01.881075,114243,457,1,2.1
2026-07-31 08:33:01.881075,114283,238,1,1.7
2026-07-31 08:33:01.881075,115556,508,1,1.0
2026-07-31 08:33:01.881075,116535,350,1,3.3
2026-07-31 08:33:01.881075,119471,446,1,2.2
2026-07-31 08:33:01.881075,121709,199,1,2.0
2026-07-31 08:33:01.881075,122074,386,1,2.0
2026-07-31 08:33:01.881075,122798,502,1,1.7
2026-07-31 08:33:01.881075,122806,45,1,2.0
2026-07-31 08:33:01.881075,128295,21,1,1.5
2026-07-31 08:33:01.881075,135720,501,1,2.2
2026-07-31 08:33:01.881075,138001,228,1,2.0
2026-07-31 08:33:01.881075,141746,426,1,4.0
2026-07-31 08:33:01.881075,146426,279,1,1.0
2026-07-31 08:33:01.881075,147675,320,1,1.4
2026-07-31 08:33:01.881075,149484,33,1,1.7
2026-07-31 08:33:01.881075,149929,311,1,1.5
2026-07-31 08:33:01.881075,152551,213,1,1.5
2026-07-31 08:33:01.881075,153133,261,1,2.0
2026-07-31 08:33:01.881075,153366,270,1,1.0
2026-07-31 08:33:01.881075,153682,260,1,2.3
2026-07-31 08:33:01.881075,154561,1,1,4.0
2026-07-31 08:33:01.881075,154566,526,1,2.0
2026-07-31 08:33:01.881075,155405,408,1,1.5
2026-07-31 08:33:01.881075,155408,71,1,1.5
2026-07-31 08:33:01.881075,155503,352,1,1.0
2026-07-31 08:33:01.881075,158499,75,1,0.0
2026-07-31 08:33:01.881075,158983,374,1,1.1
2026-07-31 08:33:01.881075,159506,473,1,1.7
2026-07-31 08:33:01.881075,160817,285,1,1.0
2026-07-31 08:33:01.881075,166477,258,1,1.7
2026-07-31 08:33:01.881075,166989,43,1,1.6
2026-07-31 08:33:01.881075,167074,256,1,1.7
2026-07-31 08:33:01.881075,167512,539,1,1.0
2026-07-31 08:33:01.881075,167825,273,1,1.0
2026-07-31 08:33:01.881075,168144,184,1,1.5
2026-07-31 08:33:01.881075,168636,80,1,1.8
2026-07-31 08:33:01.881075,169359,556,1,1.0
2026-07-31 08:33:01.881075,169432,295,1,1.8
2026-07-31 08:33:01.881075,169528,254,1,1.7
2026-07-31 08:33:01.881075,169593,555,1,1.0
2026-07-31 08:33:01.881075,171270,288,1,1.0
2026-07-31 08:33:01.881075,171287,359,1,0.0
2026-07-31 08:33:01.881075,171314,390,1,2.5
2026-07-31 08:33:01.881075,172453,319,1,1.5
2026-07-31 08:33:01.881075,172649,198,1,2.6
2026-07-31 08:33:01.881075,172780,515,1,2.3
2026-07-31 08:33:01.881075,173878,176,1,1.0
2026-07-31 08:33:01.881075,173879,56,1,0.0
2026-07-31 08:33:01.881075,174594,347,1,1.8
2026-07-31 08:33:01.881075,174874,253,1,0.0
2026-07-31 08:33:01.881075,176297,429,1,2.5
2026-07-31 08:33:01.881075,176412,193,1,1.8
2026-07-31 08:33:01.881075,176420,308,1,1.0
2026-07-31 08:33:01.881075,177815,346,1,2.0
2026-07-31 08:33:01.881075,178301,55,1,2.5
2026-07-31 08:33:01.881075,180135,339,1,1.5
2026-07-31 08:33:01.881075,180736,143,1,2.5
2026-07-31 08:33:01.881075,180974,458,1,1.5
2026-07-31 08:33:01.881075,183015,303,1,1.0
2026-07-31 08:33:01.881075,183656,103,1,1.5
2026-07-31 08:33:01.881075,184029,15,1,2.3
2026-07-31 08:33:01.881075,184254,494,1,2.0
2026-07-31 08:33:01.881075,184341,430,1,2.0
2026-07-31 08:33:01.881075,184349,269,1,1.7
2026-07-31 08:33:01.881075,184667,37,1,1.7
2026-07-31 08:33:01.881075,191866,87,1,1.7
2026-07-31 08:33:01.881075,193278,280,1,1.0
2026-07-31 08:33:01.881075,194010,89,1,1.7
2026-07-31 08:33:01.881075,195384,17,1,2.1
2026-07-31 08:33:01.881075,195546,41,1,2.1
2026-07-31 08:33:01.881075,198869,10,1,0.0
2026-07-31 08:33:01.881075,199598,338,1,2.0
2026-07-31 08:33:01.881075,199796,32,1,1.7
2026-07-31 08:33:01.881075,199798,31,1,1.7
2026-07-31 08:33:01.881075,200089,460,1,1.5
2026-07-31 08:33:01.881075,200617,343,1,1.5
2026-07-31 08:33:01.881075,200641,24,1,2.0
2026-07-31 08:33:01.881075,200720,82,1,2.6
2026-07-31 08:33:01.881075,200785,73,1,1.5
2026-07-31 08:33:01.881075,200834,533,1,2.5
2026-07-31 08:33:01.881075,201595,326,1,2.0
2026-07-31 08:33:01.881075,201658,68,1,2.1
2026-07-31 08:33:01.881075,201666,453,1,2.1
2026-07-31 08:33:01.881075,201895,535,1,2.2
2026-07-31 08:33:01.881075,202993,516,1,2.0
2026-07-31 08:33:01.881075,204120,114,1,1.7
2026-07-31 08:33:01.881075,204480,13,1,2.6
2026-07-31 08:33:01.881075,204561,558,1,1.5
2026-07-31 08:33:01.881075,204580,98,1,1.5
2026-07-31 08:33:01.881075,204813,179,1,1.0
2026-07-31 08:33:01.881075,204822,476,1,1.0
2026-07-31 08:33:01.881075,204936,384,1,3.3
2026-07-31 08:33:01.881075,204968,489,1,1.0
2026-07-31 08:33:01.881075,205533,224,1,1.8
2026-07-31 08:33:01.881075,205651,27,1,2.0
2026-07-31 08:33:01.881075,206915,373,1,2.0
2026-07-31 08:33:01.881075,207189,265,1,1.5
2026-07-31 08:33:01.881075,207283,97,1,2.0
2026-07-31 08:33:01.881075,208481,292,1,1.5
2026-07-31 08:33:01.881075,208706,452,1,2.5
2026-07-31 08:33:01.881075,209036,388,1,2.8
2026-07-31 08:33:01.881075,209046,482,1,1.6
2026-07-31 08:33:01.881075,209244,398,1,2.5
2026-07-31 08:33:01.881075,209289,262,1,2.0
2026-07-31 08:33:01.881075,209365,416,1,0.0
2026-07-31 08:33:01.881075,209400,214,1,1.5
2026-07-31 08:33:01.881075,210156,492,1,1.8
2026-07-31 08:33:01.881075,210462,488,1,1.5
2026-07-31 08:33:01.881075,212314,267,1,1.5
2026-07-31 08:33:01.881075,212319,527,1,2.0
2026-07-31 08:33:01.881075,213292,296,1,1.5
2026-07-31 08:33:01.881075,214225,329,1,1.7
2026-07-31 08:33:01.881075,214285,364,1,2.2
2026-07-31 08:33:01.881075,214572,495,1,1.0
2026-07-31 08:33:01.881075,215059,140,1,2.6
2026-07-31 08:33:01.881075,215136,469,1,2.2
2026-07-31 08:33:01.881075,215379,481,1,2.3
2026-07-31 08:33:01.881075,215413,236,1,2.3
2026-07-31 08:33:01.881075,215711,44,1,2.0
2026-07-31 08:33:01.881075,216051,417,1,2.2
2026-07-31 08:33:01.881075,216094,357,1,2.5
2026-07-31 08:33:01.881075,216616,304,1,1.0
2026-07-31 08:33:01.881075,216646,464,1,2.0
2026-07-31 08:33:01.881075,218364,205,1,1.7
2026-07-31 08:33:01.881075,218997,195,1,1.4
2026-07-31 08:33:01.881075,219168,379,1,2.7
2026-07-31 08:33:01.881075,219249,126,1,2.0
2026-07-31 08:33:01.881075,219847,26,1,2.3
2026-07-31 08:33:01.881075,219924,259,1,1.0
2026-07-31 08:33:01.881075,220237,447,1,2.2
2026-07-31 08:33:01.881075,220362,153,1,1.7
2026-07-31 08:33:01.881075,220566,402,1,0.0
2026-07-31 08:33:01.881075,220583,180,1,1.0
2026-07-31 08:33:01.881075,220627,332,1,1.7
2026-07-31 08:33:01.881075,221389,468,1,2.0
2026-07-31 08:33:01.881075,221399,342,1,0.0
2026-07-31 08:33:01.881075,221466,498,1,2.8
2026-07-31 08:33:01.881075,221632,500,1,2.2
2026-07-31 08:33:01.881075,221820,419,1,1.6
2026-07-31 08:33:01.881075,222018,307,1,1.0
2026-07-31 08:33:01.881075,222531,480,1,2.8
2026-07-31 08:33:01.881075,222625,317,1,1.4
2026-07-31 08:33:01.881075,222683,70,1,2.1
2026-07-31 08:33:01.881075,222694,328,1,2.2
2026-07-31 08:33:01.881075,223094,411,1,4.0
2026-07-31 08:33:01.881075,223340,12,1,3.2
2026-07-31 08:33:01.881075,223434,118,1,1.7
2026-07-31 08:33:01.881075,223541,370,1,2.0
2026-07-31 08:33:01.881075,223827,532,1,2.2
2026-07-31 08:33:01.881075,224117,25,1,2.3
2026-07-31 08:33:01.881075,224967,233,1,1.7
2026-07-31 08:33:01.881075,225796,142,1,2.5
2026-07-31 08:33:01.881075,226182,330,1,1.7
2026-07-31 08:33:01.881075,226597,4,1,4.0
2026-07-31 08:33:01.881075,226944,47,1,1.1
2026-07-31 08:33:01.881075,226965,188,1,2.0
2026-07-31 08:33:01.881075,227444,471,1,2.5
2026-07-31 08:33:01.881075,229164,314,1,1.5
2026-07-31 08:33:01.881075,229600,227,1,2.6
2026-07-31 08:33:01.881075,230001,422,1,1.7
2026-07-31 08:33:01.881075,230730,194,1,1.4
2026-07-31 08:33:01.881075,231065,91,1,1.7
2026-07-31 08:33:01.881075,231416,113,1,1.7
2026-07-31 08:33:01.881075,231747,223,1,2.1
2026-07-31 08:33:01.881075,231899,312,1,0.0
2026-07-31 08:33:01.881075,232112,433,1,0.0
2026-07-31 08:33:01.881075,232185,208,1,2.3
2026-07-31 08:33:01.881075,232351,282,1,1.0
2026-07-31 08:33:01.881075,232413,14,1,2.3
2026-07-31 08:33:01.881075,232457,324,1,1.5
2026-07-31 08:33:01.881075,232571,530,1,1.0
2026-07-31 08:33:01.881075,232653,456,1,1.5
2026-07-31 08:33:01.881075,232787,519,1,2.0
2026-07-31 08:33:01.881075,232859,505,1,1.7
2026-07-31 08:33:01.881075,232892,257,1,1.7
2026-07-31 08:33:01.881075,232905,287,1,1.5
2026-07-31 08:33:01.881075,232928,239,1,0.0
2026-07-31 08:33:01.881075,235826,348,1,1.4
2026-07-31 08:33:01.881075,240514,564,1,2.0
2026-07-31 08:33:01.881075,241117,310,1,0.0
2026-07-31 08:33:01.881075,241293,186,1,2.0
2026-07-31 08:33:01.881075,242313,207,1,1.7
2026-07-31 08:33:01.881075,242880,146,1,1.7
2026-07-31 08:33:01.881075,242882,62,1,2.2
2026-07-31 08:33:01.881075,242898,209,1,2.1
2026-07-31 08:33:01.881075,243016,372,1,2.0
2026-07-31 08:33:01.881075,243298,367,1,2.5
2026-07-31 08:33:01.881075,243413,290,1,1.0
2026-07-31 08:33:01.881075,243526,331,1,1.7
2026-07-31 08:33:01.881075,243571,234,1,1.7
2026-07-31 08:33:01.881075,244042,271,1,1.8
2026-07-31 08:33:01.881075,244723,204,1,1.7
2026-07-31 08:33:01.881075,244850,40,1,2.6
2026-07-31 08:33:01.881075,244851,154,1,3.2
2026-07-31 08:33:01.881075,244858,100,1,0.0
2026-07-31 08:33:01.881075,244860,247,1,2.0
2026-07-31 08:33:01.881075,244954,34,1,1.7
2026-07-31 08:33:01.881075,246301,255,1,1.7
2026-07-31 08:33:01.881075,247348,201,1,2.5
2026-07-31 08:33:01.881075,247412,222,1,2.0
2026-07-31 08:33:01.881075,247632,156,1,2.3
2026-07-31 08:33:01.881075,248056,345,1,1.5
2026-07-31 08:33:01.881075,248857,16,1,2.3
2026-07-31 08:33:01.881075,248875,400,1,2.6
2026-07-31 08:33:01.881075,249231,86,1,2.0
2026-07-31 08:33:01.881075,250199,487,1,1.5
2026-07-31 08:33:01.881075,424876,368,1,2.5
2026-07-31 08:33:01.881075,427623,202,1,2.2
2026-07-31 08:33:01.881075,427637,337,1,2.0
2026-07-31 08:33:01.881075,428580,104,1,1.5
2026-07-31 08:33:01.881075,430871,428,1,2.8
2026-07-31 08:33:01.881075,432422,455,1,2.0
2026-07-31 08:33:01.881075,432714,486,1,2.0
2026-07-31 08:33:01.881075,432720,385,1,2.6
2026-07-31 08:33:01.881075,432830,84,1,2.5
2026-07-31 08:33:01.881075,432987,354,1,0.0
2026-07-31 08:33:01.881075,433036,404,1,2.1
2026-07-31 08:33:01.881075,433154,241,1,2.0
2026-07-31 08:33:01.881075,433590,281,1,1.0
2026-07-31 08:33:01.881075,434399,536,1,1.7
2026-07-31 08:33:01.881075,434752,327,1,2.2
2026-07-31 08:33:01.881075,435997,336,1,2.1
2026-07-31 08:33:01.881075,436761,174,1,1.0
2026-07-31 08:33:01.881075,436893,65,1,1.7
2026-07-31 08:33:01.881075,437495,3,1,2.6
2026-07-31 08:33:01.881075,437499,200,1,2.8
2026-07-31 08:33:01.881075,437505,553,1,1.8
2026-07-31 08:33:01.881075,437730,397,1,2.9
2026-07-31 08:33:01.881075,437738,333,1,1.7
2026-07-31 08:33:01.881075,438098,23,1,2.0
2026-07-31 08:33:01.881075,438234,401,1,2.2
2026-07-31 08:33:01.881075,438464,218,1,1.5
2026-07-31 08:33:01.881075,439509,557,1,2.3
2026-07-31 08:33:01.881075,439668,187,1,1.5
2026-07-31 08:33:01.881075,440089,96,1,2.0
2026-07-31 08:33:01.881075,440993,237,1,2.1
2026-07-31 08:33:01.881075,441164,499,1,2.5
2026-07-31 08:33:01.881075,441191,450,1,1.6
2026-07-31 08:33:01.881075,441264,552,1,2.0
2026-07-31 08:33:01.881075,441266,371,1,2.1
2026-07-31 08:33:01.881075,441302,36,1,1.7
2026-07-31 08:33:01.881075,442967,562,1,2.0
2026-07-31 08:33:01.881075,443261,313,1,2.0
2026-07-31 08:33:01.881075,444102,79,1,2.0
2026-07-31 08:33:01.881075,444145,18,1,2.3
2026-07-31 08:33:01.881075,444172,59,1,1.0
2026-07-31 08:33:01.881075,444180,105,1,2.1
2026-07-31 08:33:01.881075,444307,276,1,1.0
2026-07-31 08:33:01.881075,444463,145,1,0.0
2026-07-31 08:33:01.881075,444765,85,1,2.2
2026-07-31 08:33:01.881075,444884,383,1,2.0
2026-07-31 08:33:01.881075,445028,563,1,1.5
2026-07-31 08:33:01.881075,445044,521,1,0.0
2026-07-31 08:33:01.881075,445122,5,1,0.0
2026-07-31 08:33:01.881075,446008,427,1,2.8
2026-07-31 08:33:01.881075,448047,155,1,2.5
2026-07-31 08:33:01.881075,448089,54,1,2.0
2026-07-31 08:33:01.881075,448104,9,1,2.5
2026-07-31 08:33:01.881075,448514,392,1,2.5
2026-07-31 08:33:01.881075,449027,351,1,2.6
2026-07-31 08:33:01.881075,449428,283,1,1.0
2026-07-31 08:33:01.881075,449429,306,1,1.0
2026-07-31 08:33:01.881075,449434,454,1,2.1
2026-07-31 08:33:01.881075,449871,48,1,0.0
2026-07-31 08:33:01.881075,450542,219,1,1.5
2026-07-31 08:33:01.881075,451284,175,1,1.0
2026-07-31 08:33:01.881075,451302,413,1,2.0
2026-07-31 08:33:01.881075,451340,121,1,0.0
2026-07-31 08:33:01.881075,451490,119,1,1.7
2026-07-31 08:33:01.881075,454490,120,1,2.2
2026-07-31 08:33:01.881075,455084,305,1,1.0
2026-07-31 08:33:01.881075,456512,483,1,2.0
2026-07-31 08:33:01.881075,457569,57,1,2.0
2026-07-31 08:33:01.881075,458249,440,1,1.8
2026-07-31 08:33:01.881075,460028,149,1,2.2
2026-07-31 08:33:01.881075,460842,512,1,1.7
2026-07-31 08:33:01.881075,461102,173,1,1.0
2026-07-31 08:33:01.881075,461199,547,1,1.5
2026-07-31 08:33:01.881075,461587,323,1,1.0
2026-07-31 08:33:01.881075,462387,322,1,1.4
2026-07-31 08:33:01.881075,462424,6,1,0.0
2026-07-31 08:33:01.881075,462635,340,1,1.5
2026-07-31 08:33:01.881075,463034,167,1,1.8
2026-07-31 08:33:01.881075,463067,125,1,1.8
2026-07-31 08:33:01.881075,463936,158,1,2.1
2026-07-31 08:33:01.881075,463981,60,1,2.5
2026-07-31 08:33:01.881075,464353,355,1,1.0
2026-07-31 08:33:01.881075,465247,412,1,2.6
2026-07-31 08:33:01.881075,465351,389,1,2.8
2026-07-31 08:33:01.881075,465390,177,1,1.0
2026-07-31 08:33:01.881075,465525,291,1,0.0
2026-07-31 08:33:01.881075,465642,445,1,2.2
2026-07-31 08:33:01.881075,465680,493,1,1.8
2026-07-31 08:33:01.881075,465694,405,1,2.0
2026-07-31 08:33:01.881075,465730,115,1,1.7
2026-07-31 08:33:01.881075,466052,399,1,2.6
2026-07-31 08:33:01.881075,466075,8,1,2.5
2026-07-31 08:33:01.881075,466525,335,1,2.1
2026-07-31 08:33:01.881075,467779,130,1,2.2
2026-07-31 08:33:01.881075,469142,112,1,2.2
2026-07-31 08:33:01.881075,469247,49,1,1.5
2026-07-31 08:33:01.881075,469272,190,1,2.0
2026-07-31 08:33:01.881075,470294,297,1,1.0
2026-07-31 08:33:01.881075,470313,463,1,2.0
2026-07-31 08:33:01.881075,470315,478,1,1.7
2026-07-31 08:33:01.881075,472713,90,1,1.7
2026-07-31 08:33:01.881075,472739,110,1,2.0
2026-07-31 08:33:01.881075,472769,387,1,3.1
2026-07-31 08:33:01.881075,475168,165,1,2.3
2026-07-31 08:33:01.881075,476887,485,1,2.0
2026-07-31 08:33:01.881075,477064,395,1,1.7
2026-07-31 08:33:01.881075,477424,391,1,2.5
2026-07-31 08:33:01.881075,477547,538,1,1.0
2026-07-31 08:33:01.881075,477555,264,1,2.0
2026-07-31 08:33:01.881075,480455,230,1,2.5
2026-07-31 08:33:01.881075,480457,183,1,1.1
2026-07-31 08:33:01.881075,481624,318,1,2.0
2026-07-31 08:33:01.881075,481655,19,1,2.0
2026-07-31 08:33:01.881075,482442,518,1,1.5
2026-07-31 08:33:01.881075,482609,144,1,2.2
2026-07-31 08:33:01.881075,482973,491,1,2.0
2026-07-31 08:33:01.881075,484389,171,1,1.0
2026-07-31 08:33:01.881075,484420,542,1,2.1
2026-07-31 08:33:01.881075,485047,470,1,2.2
2026-07-31 08:33:01.881075,485055,496,1,2.0
2026-07-31 08:33:01.881075,485337,42,1,2.0
2026-07-31 08:33:01.881075,485711,439,1,1.7
2026-07-31 08:33:01.881075,486385,248,1,1.8
2026-07-31 08:33:01.881075,486520,344,1,1.5
2026-07-31 08:33:01.881075,486672,159,1,2.0
2026-07-31 08:33:01.881075,487053,506,1,1.7
2026-07-31 08:33:01.881075,487117,139,1,0.0
2026-07-31 08:33:01.881075,487676,534,1,1.7
2026-07-31 08:33:01.881075,487838,449,1,2.2
2026-07-31 08:33:01.881075,488024,211,1,2.0
2026-07-31 08:33:01.881075,489580,365,1,1.0
2026-07-31 08:33:01.881075,489639,109,1,2.0
2026-07-31 08:33:01.881075,489706,215,1,1.5
2026-07-31 08:33:01.881075,489888,77,1,1.5
2026-07-31 08:33:01.881075,490094,240,1,1.5
2026-07-31 08:33:01.881075,490145,528,1,1.0
2026-07-31 08:33:01.881075,490161,293,1,1.5
2026-07-31 08:33:01.881075,490881,436,1,1.5
2026-07-31 08:33:01.881075,491007,163,1,1.0
2026-07-31 08:33:01.881075,491279,503,1,2.2
2026-07-31 08:33:01.881075,491501,378,1,1.0
2026-07-31 08:33:01.881075,492498,191,1,1.0
2026-07-31 08:33:01.881075,492777,360,1,0.0
2026-07-31 08:33:01.881075,492859,341,1,1.5
2026-07-31 08:33:01.881075,493105,160,1,2.1
2026-07-31 08:33:01.881075,493250,431,1,2.1
2026-07-31 08:33:01.881075,493362,513,1,0.0
2026-07-31 08:33:01.881075,494307,394,1,2.2
2026-07-31 08:33:01.881075,494521,61,1,2.5
2026-07-31 08:33:01.881075,494595,366,1,2.6
2026-07-31 08:33:01.881075,494950,275,1,0.0
2026-07-31 08:33:01.881075,496208,72,1,1.5
2026-07-31 08:33:01.881075,496221,210,1,1.5
2026-07-31 08:33:01.881075,496661,245,1,2.0
2026-07-31 08:33:01.881075,498016,529,1,2.6
2026-07-31 08:33:01.881075,499169,7,1,2.0
2026-07-31 08:33:01.881075,499175,22,1,2.0
2026-07-31 08:33:01.881075,499300,235,1,1.0
2026-07-31 08:33:01.881075,499309,168,1,1.4
2026-07-31 08:33:01.881075,499604,67,1,2.3
2026-07-31 08:33:01.881075,499716,510,1,1.0
2026-07-31 08:33:01.881075,499721,523,1,1.5
2026-07-31 08:33:01.881075,499726,524,1,1.0
2026-07-31 08:33:01.881075,500040,11,1,2.5
2026-07-31 08:33:01.881075,500058,382,1,0.0
2026-07-31 08:33:01.881075,500151,475,1,0.0
2026-07-31 08:33:01.881075,500957,298,1,1.0
2026-07-31 08:33:01.881075,501390,309,1,1.5
2026-07-31 08:33:01.881075,501459,185,1,1.5
2026-07-31 08:33:01.881075,501902,278,1,1.0
2026-07-31 08:33:01.881075,502500,106,1,2.5
2026-07-31 08:33:01.881075,502697,243,1,1.5
2026-07-31 08:33:01.881075,503037,170,1,1.0
2026-07-31 08:33:01.881075,503139,69,1,2.1
2026-07-31 08:33:01.881075,503301,484,1,2.0
2026-07-31 08:33:01.881075,505079,252,1,1.0
2026-07-31 08:33:01.881075,507433,83,1,2.0
2026-07-31 08:33:01.881075,508395,102,1,1.5
2026-07-31 08:33:01.881075,508479,141,1,2.6
2026-07-31 08:33:01.881075,509416,129,1,2.0
2026-07-31 08:33:01.881075,510281,403,1,2.3
2026-07-31 08:33:01.881075,510663,380,1,0.0
2026-07-31 08:33:01.881075,511499,514,1,2.1
2026-07-31 08:33:01.881075,512462,232,1,2.2
2026-07-31 08:33:01.881075,513086,93,1,1.7
2026-07-31 08:33:01.881075,513418,94,1,2.1
2026-07-31 08:33:01.881075,513466,246,1,1.5
2026-07-31 08:33:01.881075,514254,127,1,1.5
2026-07-31 08:33:01.881075,514356,161,1,1.5
2026-07-31 08:33:01.881075,514514,381,1,1.5
2026-07-31 08:33:01.881075,515046,531,1,2.0
2026-07-31 08:33:01.881075,515597,35,1,1.5
2026-07-31 08:33:01.881075,515621,206,1,1.7
2026-07-31 08:33:01.881075,516895,432,1,2.0
2026-07-31 08:33:01.881075,517052,166,1,2.1
2026-07-31 08:33:01.881075,519440,361,1,1.0
2026-07-31 08:33:01.881075,519634,537,1,1.7
2026-07-31 08:33:01.881075,519913,438,1,1.0
2026-07-31 08:33:01.881075,522047,334,1,2.2
2026-07-31 08:33:01.881075,531442,315,1,2.0
2026-07-31 08:33:01.881075,532529,123,1,2.1
2026-07-31 08:33:01.881075,532605,162,1,1.5
2026-07-31 08:33:01.881075,533463,95,1,2.3
2026-07-31 08:33:01.881075,534392,299,1,1.0
2026-07-31 08:33:01.881075,535301,131,1,1.5
2026-07-31 08:33:01.881075,535818,546,1,1.5
2026-07-31 08:33:01.881075,535928,376,1,0.0
2026-07-31 08:33:01.881075,536661,551,1,1.5
2026-07-31 08:33:01.881075,536694,217,1,1.5
2026-07-31 08:33:01.881075,536916,128,1,1.5
2026-07-31 08:33:01.881075,538207,465,1,2.0
2026-07-31 08:33:01.881075,538638,479,1,1.0
2026-07-31 08:33:01.881075,539142,182,1,1.0
2026-07-31 08:33:01.881075,540324,286,1,1.5
2026-07-31 08:33:01.881075,543295,99,1,1.1
2026-07-31 08:33:01.881075,543968,316,1,1.8
2026-07-31 08:33:01.881075,544877,358,1,2.5
2026-07-31 08:33:01.881075,545477,451,1,1.0
2026-07-31 08:33:01.881075,546600,554,1,2.0
2026-07-31 08:33:01.881075,547027,543,1,2.0
2026-07-31 08:33:01.881075,547037,434,1,1.5
2026-07-31 08:33:01.881075,547676,425,1,1.0
2026-07-31 08:33:01.881075,547701,522,1,1.5
2026-07-31 08:33:01.881075,547719,459,1,0.0
2026-07-31 08:33:01.881075,548308,507,1,1.7
2026-07-31 08:33:01.881075,549067,477,1,1.0
2026-07-31 08:33:01.881075,549074,133,1,1.5
2026-07-31 08:33:01.881075,549653,197,1,0.0
2026-07-31 08:33:01.881075,549912,549,1,2.0
2026-07-31 08:33:01.881075,549939,560,1,2.0
2026-07-31 08:33:01.881075,550090,117,1,1.7
2026-07-31 08:33:01.881075,550615,242,1,2.0
2026-07-31 08:33:01.881075,550839,517,1,0.0
2026-07-31 08:33:01.881075,550864,420,1,2.2
2026-07-31 08:33:01.881075,551210,148,1,1.7
2026-07-31 08:33:01.881075,551226,525,1,2.1
2026-07-31 08:33:01.881075,551262,196,1,1.4
2026-07-31 08:33:01.881075,551499,377,1,2.3
2026-07-31 08:33:01.881075,553783,294,1,1.0
2026-07-31 08:33:01.881075,554197,548,1,1.5
2026-07-31 08:33:01.881075,554578,444,1,2.0
2026-07-31 08:33:01.881075,556637,134,1,1.0
2026-07-31 08:33:01.881075,557012,321,1,1.0
2026-07-31 08:33:01.881075,560262,78,1,0.0
2026-07-31 08:33:01.881075,560552,263,1,2.0
2026-07-31 08:33:01.881075,561245,81,1,2.0
2026-07-31 08:33:01.881075,565297,349,1,0.0
2026-07-31 08:33:01.881075,567119,169,1,1.0
2026-07-31 08:33:01.881075,570241,92,1,1.7
2026-07-31 08:33:01.881075,570526,520,1,2.0
2026-07-31 08:33:01.881075,574458,150,1,1.7
2026-07-31 08:33:01.881075,575204,407,1,1.5
2026-07-31 08:33:01.881075,575458,474,1,1.7
2026-07-31 08:33:01.881075,575476,472,1,1.9
2026-07-31 08:33:01.881075,575901,66,1,1.0
2026-07-31 08:33:01.881075,576620,437,1,1.0
2026-07-31 08:33:01.881075,576628,435,1,1.5
2026-07-31 08:33:01.881075,577016,151,1,1.7
2026-07-31 08:33:01.881075,577285,51,1,1.0
2026-07-31 08:33:01.881075,577411,181,1,1.0
2026-07-31 08:33:01.881075,577669,545,1,1.5
2026-07-31 08:33:01.881075,577725,268,1,2.0
2026-07-31 08:33:01.881075,577974,424,1,1.0
2026-07-31 08:33:01.881075,578153,393,1,2.5
2026-07-31 08:33:01.881075,578545,39,1,1.0
2026-07-31 08:33:01.881075,586268,353,1,1.0
2026-07-31 08:33:01.881075,586309,249,1,1.8
2026-07-31 08:33:01.881075,590014,220,1,1.7
2026-07-31 08:33:01.881075,590039,409,1,1.0
2026-07-31 08:33:01.881075,591386,375,1,1.5
2026-07-31 08:33:01.881075,592031,122,1,2.1
2026-07-31 08:33:01.881075,593117,164,1,1.5
2026-07-31 08:33:01.881075,593174,107,1,1.0
2026-07-31 08:33:01.881075,596047,441,1,1.0
2026-07-31 08:33:01.881075,596777,415,1,2.1
2026-07-31 08:33:01.881075,597320,132,1,1.0
2026-07-31 08:33:01.881075,599303,466,1,1.0
2026-07-31 08:33:01.881075,606702,362,1,2.2
2026-07-31 08:33:01.881075,606745,421,1,1.7
2026-07-31 08:33:01.881075,606798,38,1,1.0
2026-07-31 08:33:01.881075,606921,216,1,1.5
2026-07-31 08:33:01.881075,607464,88,1,1.7
2026-07-31 08:33:01.881075,608181,137,1,1.3
2026-07-31 08:33:01.881075,609873,244,1,1.5
2026-07-31 08:33:01.881075,610799,504,1,2.2
2026-07-31 08:33:01.881075,611665,461,1,2.1
2026-07-31 08:33:01.881075,611922,369,1,2.1
2026-07-31 08:33:01.881075,614071,53,1,2.1
2026-07-31 08:33:01.881075,614574,76,1,1.5
2026-07-31 08:33:01.881075,616077,20,1,2.0
2026-07-31 08:33:01.881075,616221,511,1,1.0
2026-07-31 08:33:01.881075,616222,396,1,1.7
2026-07-31 08:33:01.881075,620109,152,1,2.5
2026-07-31 08:33:01.881075,620487,63,1,2.2
2026-07-31 08:33:01.881075,622758,561,1,1.7
2026-07-31 08:33:01.881075,624773,157,1,2.3
2026-07-31 08:33:01.881075,629397,192,1,1.0
2026-07-31 08:33:01.881075,631786,272,1,1.0
2026-07-31 08:33:01.881075,632794,559,1,1.5
2026-07-31 08:33:01.881075,636852,462,1,1.5
2026-07-31 08:33:01.881075,640419,509,1,1.0
2026-07-31 08:33:01.881075,645618,50,1,1.0
2026-07-31 08:33:01.881075,647681,363,1,0.0
2026-07-31 08:33:01.881075,647850,138,1,1.8
2026-07-31 08:33:01.881075,649208,410,1,1.5
2026-07-31 08:33:01.881075,651426,203,1,2.2
2026-07-31 08:33:01.881075,653481,52,1,1.5
2026-07-31 08:33:01.881075,660392,225,1,0.0
2026-07-31 08:33:01.881075,661800,284,1,1.0
2026-07-31 08:33:01.881075,672492,221,1,1.0
2026-07-31 08:33:01.881075,684268,189,1,1.0
2026-07-31 08:33:01.881075,699989,550,1,1.5
2026-07-31 08:33:01.881075,700308,135,1,1.5
2026-08-01 08:02:50.09953,17761,229,1,2.8
2026-08-01 08:02:50.09953,21205,414,1,1.0
2026-08-01 08:02:50.09953,40383,58,1,1.0
2026-08-01 08:02:50.09953,49262,111,1,1.0
2026-08-01 08:02:50.09953,50093,302,1,1.0
2026-08-01 08:02:50.09953,50175,136,1,2.0
2026-08-01 08:02:50.09953,54469,64,1,1.7
2026-08-01 08:02:50.09953,56979,101,1,0.0
2026-08-01 08:02:50.09953,59735,325,1,1.5
2026-08-01 08:02:50.09953,60307,124,1,2.0
2026-08-01 08:02:50.09953,60689,490,1,2.0
2026-08-01 08:02:50.09953,67089,497,1,1.0
2026-08-01 08:02:50.09953,72147,29,1,2.0
2026-08-01 08:02:50.09953,75115,108,1,1.8
2026-08-01 08:02:50.09953,76357,266,1,1.5
2026-08-01 08:02:50.09953,78916,448,1,2.2
2026-08-01 08:02:50.09953,80178,178,1,1.0
2026-08-01 08:02:50.09953,80201,250,1,2.0
2026-08-01 08:02:50.09953,81441,443,1,2.0
2026-08-01 08:02:50.09953,83299,116,1,1.7
2026-08-01 08:02:50.09953,84450,544,1,2.0
2026-08-01 08:02:50.09953,85633,467,1,2.6
2026-08-01 08:02:50.09953,86873,251,1,1.0
2026-08-01 08:02:50.09953,88894,46,1,1.5
2026-08-01 08:02:50.09953,91651,406,1,2.0
2026-08-01 08:02:50.09953,93605,541,1,1.7
2026-08-01 08:02:50.09953,95658,418,1,2.2
2026-08-01 08:02:50.09953,97032,356,1,3.1
2026-08-01 08:02:50.09953,98747,442,1,2.6
2026-08-01 08:02:50.09953,98980,28,1,2.6
2026-08-01 08:02:50.09953,101188,30,1,1.7
2026-08-01 08:02:50.09953,101282,289,1,1.0
2026-08-01 08:02:50.09953,105666,274,1,2.0
2026-08-01 08:02:50.09953,105717,540,1,1.0
2026-08-01 08:02:50.09953,106611,231,1,2.2
2026-08-01 08:02:50.09953,106760,423,1,1.7
2026-08-01 08:02:50.09953,108413,212,1,1.0
2026-08-01 08:02:50.09953,108416,277,1,1.0
2026-08-01 08:02:50.09953,108813,300,1,2.0
2026-08-01 08:02:50.09953,109646,147,1,1.7
2026-08-01 08:02:50.09953,109745,2,1,2.6
2026-08-01 08:02:50.09953,110690,172,1,2.0
2026-08-01 08:02:50.09953,111234,226,1,3.3
2026-08-01 08:02:50.09953,111317,74,1,1.5
2026-08-01 08:02:50.09953,112520,301,1,1.0
2026-08-01 08:02:50.09953,114243,457,1,2.1
2026-08-01 08:02:50.09953,114283,238,1,1.7
2026-08-01 08:02:50.09953,115556,508,1,1.0
2026-08-01 08:02:50.09953,116535,350,1,3.3
2026-08-01 08:02:50.09953,119471,446,1,2.2
2026-08-01 08:02:50.09953,121709,199,1,2.0
2026-08-01 08:02:50.09953,122074,386,1,2.0
2026-08-01 08:02:50.09953,122798,502,1,1.7
2026-08-01 08:02:50.09953,122806,45,1,2.0
2026-08-01 08:02:50.09953,128295,21,1,1.5
2026-08-01 08:02:50.09953,135720,501,1,2.2
2026-08-01 08:02:50.09953,138001,228,1,2.0
2026-08-01 08:02:50.09953,141746,426,1,4.0
2026-08-01 08:02:50.09953,146426,279,1,1.0
2026-08-01 08:02:50.09953,147675,320,1,1.4
2026-08-01 08:02:50.09953,149484,33,1,1.7
2026-08-01 08:02:50.09953,149929,311,1,1.5
2026-08-01 08:02:50.09953,152551,213,1,1.5
2026-08-01 08:02:50.09953,153133,261,1,2.0
2026-08-01 08:02:50.09953,153366,270,1,1.0
2026-08-01 08:02:50.09953,153682,260,1,2.3
2026-08-01 08:02:50.09953,154561,1,1,4.0
2026-08-01 08:02:50.09953,154566,526,1,2.0
2026-08-01 08:02:50.09953,155405,408,1,1.5
2026-08-01 08:02:50.09953,155408,71,1,1.5
2026-08-01 08:02:50.09953,155503,352,1,1.0
2026-08-01 08:02:50.09953,158499,75,1,0.0
2026-08-01 08:02:50.09953,158983,374,1,1.1
2026-08-01 08:02:50.09953,159506,473,1,1.7
2026-08-01 08:02:50.09953,160817,285,1,1.0
2026-08-01 08:02:50.09953,166477,258,1,1.7
2026-08-01 08:02:50.09953,166989,43,1,1.6
2026-08-01 08:02:50.09953,167074,256,1,1.7
2026-08-01 08:02:50.09953,167512,539,1,1.0
2026-08-01 08:02:50.09953,167825,273,1,1.0
2026-08-01 08:02:50.09953,168144,184,1,1.5
2026-08-01 08:02:50.09953,168636,80,1,1.8
2026-08-01 08:02:50.09953,169359,556,1,1.0
2026-08-01 08:02:50.09953,169432,295,1,1.8
2026-08-01 08:02:50.09953,169528,254,1,1.7
2026-08-01 08:02:50.09953,169593,555,1,1.0
2026-08-01 08:02:50.09953,171270,288,1,1.0
2026-08-01 08:02:50.09953,171287,359,1,0.0
2026-08-01 08:02:50.09953,171314,390,1,2.5
2026-08-01 08:02:50.09953,172453,319,1,1.5
2026-08-01 08:02:50.09953,172649,198,1,2.6
2026-08-01 08:02:50.09953,172780,515,1,2.3
2026-08-01 08:02:50.09953,173878,176,1,1.0
2026-08-01 08:02:50.09953,173879,56,1,0.0
2026-08-01 08:02:50.09953,174594,347,1,1.8
2026-08-01 08:02:50.09953,174874,253,1,0.0
2026-08-01 08:02:50.09953,176297,429,1,2.5
2026-08-01 08:02:50.09953,176412,193,1,1.8
2026-08-01 08:02:50.09953,176420,308,1,1.0
2026-08-01 08:02:50.09953,177815,346,1,2.0
2026-08-01 08:02:50.09953,178301,55,1,2.5
2026-08-01 08:02:50.09953,180135,339,1,1.5
2026-08-01 08:02:50.09953,180736,143,1,2.5
2026-08-01 08:02:50.09953,180974,458,1,1.5
2026-08-01 08:02:50.09953,183015,303,1,1.0
2026-08-01 08:02:50.09953,183656,103,1,1.5
2026-08-01 08:02:50.09953,184029,15,1,2.3
2026-08-01 08:02:50.09953,184254,494,1,2.0
2026-08-01 08:02:50.09953,184341,430,1,2.0
2026-08-01 08:02:50.09953,184349,269,1,1.7
2026-08-01 08:02:50.09953,184667,37,1,1.7
2026-08-01 08:02:50.09953,191866,87,1,1.7
2026-08-01 08:02:50.09953,193278,280,1,1.0
2026-08-01 08:02:50.09953,194010,89,1,1.7
2026-08-01 08:02:50.09953,195384,17,1,2.1
2026-08-01 08:02:50.09953,195546,41,1,2.1
2026-08-01 08:02:50.09953,198869,10,1,0.0
2026-08-01 08:02:50.09953,199598,338,1,2.0
2026-08-01 08:02:50.09953,199796,32,1,1.7
2026-08-01 08:02:50.09953,199798,31,1,1.7
2026-08-01 08:02:50.09953,200089,460,1,1.5
2026-08-01 08:02:50.09953,200617,343,1,1.5
2026-08-01 08:02:50.09953,200641,24,1,2.0
2026-08-01 08:02:50.09953,200720,82,1,2.6
2026-08-01 08:02:50.09953,200785,73,1,1.5
2026-08-01 08:02:50.09953,200834,533,1,2.5
2026-08-01 08:02:50.09953,201595,326,1,2.0
2026-08-01 08:02:50.09953,201658,68,1,2.1
2026-08-01 08:02:50.09953,201666,453,1,2.1
2026-08-01 08:02:50.09953,201895,535,1,2.2
2026-08-01 08:02:50.09953,202993,516,1,2.0
2026-08-01 08:02:50.09953,204120,114,1,1.7
2026-08-01 08:02:50.09953,204480,13,1,2.6
2026-08-01 08:02:50.09953,204561,558,1,1.5
2026-08-01 08:02:50.09953,204580,98,1,1.5
2026-08-01 08:02:50.09953,204813,179,1,1.0
2026-08-01 08:02:50.09953,204822,476,1,1.0
2026-08-01 08:02:50.09953,204936,384,1,3.3
2026-08-01 08:02:50.09953,204968,489,1,1.0
2026-08-01 08:02:50.09953,205533,224,1,1.8
2026-08-01 08:02:50.09953,205651,27,1,2.0
2026-08-01 08:02:50.09953,206915,373,1,2.0
2026-08-01 08:02:50.09953,207189,265,1,1.5
2026-08-01 08:02:50.09953,207283,97,1,2.0
2026-08-01 08:02:50.09953,208481,292,1,1.5
2026-08-01 08:02:50.09953,208706,452,1,2.5
2026-08-01 08:02:50.09953,209036,388,1,2.8
2026-08-01 08:02:50.09953,209046,482,1,1.6
2026-08-01 08:02:50.09953,209244,398,1,2.5
2026-08-01 08:02:50.09953,209289,262,1,2.0
2026-08-01 08:02:50.09953,209365,416,1,0.0
2026-08-01 08:02:50.09953,209400,214,1,1.5
2026-08-01 08:02:50.09953,210156,492,1,1.8
2026-08-01 08:02:50.09953,210462,488,1,1.5
2026-08-01 08:02:50.09953,212314,267,1,1.5
2026-08-01 08:02:50.09953,212319,527,1,2.0
2026-08-01 08:02:50.09953,213292,296,1,1.5
2026-08-01 08:02:50.09953,214225,329,1,1.7
2026-08-01 08:02:50.09953,214285,364,1,2.2
2026-08-01 08:02:50.09953,214572,495,1,1.0
2026-08-01 08:02:50.09953,215059,140,1,2.6
2026-08-01 08:02:50.09953,215136,469,1,2.2
2026-08-01 08:02:50.09953,215379,481,1,2.3
2026-08-01 08:02:50.09953,215413,236,1,2.3
2026-08-01 08:02:50.09953,215711,44,1,2.0
2026-08-01 08:02:50.09953,216051,417,1,2.2
2026-08-01 08:02:50.09953,216094,357,1,2.5
2026-08-01 08:02:50.09953,216616,304,1,1.0
2026-08-01 08:02:50.09953,216646,464,1,2.0
2026-08-01 08:02:50.09953,218364,205,1,1.7
2026-08-01 08:02:50.09953,218997,195,1,1.4
2026-08-01 08:02:50.09953,219168,379,1,2.7
2026-08-01 08:02:50.09953,219249,126,1,2.0
2026-08-01 08:02:50.09953,219847,26,1,2.3
2026-08-01 08:02:50.09953,219924,259,1,1.0
2026-08-01 08:02:50.09953,220237,447,1,2.2
2026-08-01 08:02:50.09953,220362,153,1,1.7
2026-08-01 08:02:50.09953,220566,402,1,0.0
2026-08-01 08:02:50.09953,220583,180,1,1.0
2026-08-01 08:02:50.09953,220627,332,1,1.7
2026-08-01 08:02:50.09953,221389,468,1,2.0
2026-08-01 08:02:50.09953,221399,342,1,0.0
2026-08-01 08:02:50.09953,221466,498,1,2.8
2026-08-01 08:02:50.09953,221632,500,1,2.2
2026-08-01 08:02:50.09953,221820,419,1,1.6
2026-08-01 08:02:50.09953,222018,307,1,1.0
2026-08-01 08:02:50.09953,222531,480,1,2.8
2026-08-01 08:02:50.09953,222625,317,1,1.4
2026-08-01 08:02:50.09953,222683,70,1,2.1
2026-08-01 08:02:50.09953,222694,328,1,2.2
2026-08-01 08:02:50.09953,223094,411,1,4.0
2026-08-01 08:02:50.09953,223340,12,1,3.2
2026-08-01 08:02:50.09953,223434,118,1,1.7
2026-08-01 08:02:50.09953,223541,370,1,2.0
2026-08-01 08:02:50.09953,223827,532,1,2.2
2026-08-01 08:02:50.09953,224117,25,1,2.3
2026-08-01 08:02:50.09953,224967,233,1,1.7
2026-08-01 08:02:50.09953,225796,142,1,2.5
2026-08-01 08:02:50.09953,226182,330,1,1.7
2026-08-01 08:02:50.09953,226597,4,1,4.0
2026-08-01 08:02:50.09953,226944,47,1,1.1
2026-08-01 08:02:50.09953,226965,188,1,2.0
2026-08-01 08:02:50.09953,227444,471,1,2.5
2026-08-01 08:02:50.09953,229164,314,1,1.5
2026-08-01 08:02:50.09953,229600,227,1,2.6
2026-08-01 08:02:50.09953,230001,422,1,1.7
2026-08-01 08:02:50.09953,230730,194,1,1.4
2026-08-01 08:02:50.09953,231065,91,1,1.7
2026-08-01 08:02:50.09953,231416,113,1,1.7
2026-08-01 08:02:50.09953,231747,223,1,2.1
2026-08-01 08:02:50.09953,231899,312,1,0.0
2026-08-01 08:02:50.09953,232112,433,1,0.0
2026-08-01 08:02:50.09953,232185,208,1,2.3
2026-08-01 08:02:50.09953,232351,282,1,1.0
2026-08-01 08:02:50.09953,232413,14,1,2.3
2026-08-01 08:02:50.09953,232457,324,1,1.5
2026-08-01 08:02:50.09953,232571,530,1,1.0
2026-08-01 08:02:50.09953,232653,456,1,1.5
2026-08-01 08:02:50.09953,232787,519,1,2.0
2026-08-01 08:02:50.09953,232859,505,1,1.7
2026-08-01 08:02:50.09953,232892,257,1,1.7
2026-08-01 08:02:50.09953,232905,287,1,1.5
2026-08-01 08:02:50.09953,232928,239,1,0.0
2026-08-01 08:02:50.09953,235826,348,1,1.4
2026-08-01 08:02:50.09953,240514,564,1,2.0
2026-08-01 08:02:50.09953,241117,310,1,0.0
2026-08-01 08:02:50.09953,241293,186,1,2.0
2026-08-01 08:02:50.09953,242313,207,1,1.7
2026-08-01 08:02:50.09953,242880,146,1,1.7
2026-08-01 08:02:50.09953,242882,62,1,2.2
2026-08-01 08:02:50.09953,242898,209,1,2.1
2026-08-01 08:02:50.09953,243016,372,1,2.0
2026-08-01 08:02:50.09953,243298,367,1,2.5
2026-08-01 08:02:50.09953,243413,290,1,1.0
2026-08-01 08:02:50.09953,243526,331,1,1.7
2026-08-01 08:02:50.09953,243571,234,1,1.7
2026-08-01 08:02:50.09953,244042,271,1,1.8
2026-08-01 08:02:50.09953,244723,204,1,1.7
2026-08-01 08:02:50.09953,244850,40,1,2.6
2026-08-01 08:02:50.09953,244851,154,1,3.2
2026-08-01 08:02:50.09953,244858,100,1,0.0
2026-08-01 08:02:50.09953,244860,247,1,2.0
2026-08-01 08:02:50.09953,244954,34,1,1.7
2026-08-01 08:02:50.09953,246301,255,1,1.7
2026-08-01 08:02:50.09953,247348,201,1,2.5
2026-08-01 08:02:50.09953,247412,222,1,2.0
2026-08-01 08:02:50.09953,247632,156,1,2.3
2026-08-01 08:02:50.09953,248056,345,1,1.5
2026-08-01 08:02:50.09953,248857,16,1,2.3
2026-08-01 08:02:50.09953,248875,400,1,2.6
2026-08-01 08:02:50.09953,249231,86,1,2.0
2026-08-01 08:02:50.09953,250199,487,1,1.5
2026-08-01 08:02:50.09953,424876,368,1,2.5
2026-08-01 08:02:50.09953,427623,202,1,2.2
2026-08-01 08:02:50.09953,427637,337,1,2.0
2026-08-01 08:02:50.09953,428580,104,1,1.5
2026-08-01 08:02:50.09953,430871,428,1,2.8
2026-08-01 08:02:50.09953,432422,455,1,2.0
2026-08-01 08:02:50.09953,432714,486,1,2.0
2026-08-01 08:02:50.09953,432720,385,1,2.6
2026-08-01 08:02:50.09953,432830,84,1,2.5
2026-08-01 08:02:50.09953,432987,354,1,0.0
2026-08-01 08:02:50.09953,433036,404,1,2.1
2026-08-01 08:02:50.09953,433154,241,1,2.0
2026-08-01 08:02:50.09953,433590,281,1,1.0
2026-08-01 08:02:50.09953,434399,536,1,1.7
2026-08-01 08:02:50.09953,434752,327,1,2.2
2026-08-01 08:02:50.09953,435997,336,1,2.1
2026-08-01 08:02:50.09953,436761,174,1,1.0
2026-08-01 08:02:50.09953,436893,65,1,1.7
2026-08-01 08:02:50.09953,437495,3,1,2.6
2026-08-01 08:02:50.09953,437499,200,1,2.8
2026-08-01 08:02:50.09953,437505,553,1,1.8
2026-08-01 08:02:50.09953,437730,397,1,2.9
2026-08-01 08:02:50.09953,437738,333,1,1.7
2026-08-01 08:02:50.09953,438098,23,1,2.0
2026-08-01 08:02:50.09953,438234,401,1,2.2
2026-08-01 08:02:50.09953,438464,218,1,1.5
2026-08-01 08:02:50.09953,439509,557,1,2.3
2026-08-01 08:02:50.09953,439668,187,1,1.5
2026-08-01 08:02:50.09953,440089,96,1,2.0
2026-08-01 08:02:50.09953,440993,237,1,2.1
2026-08-01 08:02:50.09953,441164,499,1,2.5
2026-08-01 08:02:50.09953,441191,450,1,1.6
2026-08-01 08:02:50.09953,441264,552,1,2.0
2026-08-01 08:02:50.09953,441266,371,1,2.1
2026-08-01 08:02:50.09953,441302,36,1,1.7
2026-08-01 08:02:50.09953,442967,562,1,2.0
2026-08-01 08:02:50.09953,443261,313,1,2.0
2026-08-01 08:02:50.09953,444102,79,1,2.0
2026-08-01 08:02:50.09953,444145,18,1,2.3
2026-08-01 08:02:50.09953,444172,59,1,1.0
2026-08-01 08:02:50.09953,444180,105,1,2.1
2026-08-01 08:02:50.09953,444307,276,1,1.0
2026-08-01 08:02:50.09953,444463,145,1,0.0
2026-08-01 08:02:50.09953,444765,85,1,2.2
2026-08-01 08:02:50.09953,444884,383,1,2.0
2026-08-01 08:02:50.09953,445028,563,1,1.5
2026-08-01 08:02:50.09953,445044,521,1,0.0
2026-08-01 08:02:50.09953,445122,5,1,0.0
2026-08-01 08:02:50.09953,446008,427,1,2.8
2026-08-01 08:02:50.09953,448047,155,1,2.5
2026-08-01 08:02:50.09953,448089,54,1,2.0
2026-08-01 08:02:50.09953,448104,9,1,2.5
2026-08-01 08:02:50.09953,448514,392,1,2.5
2026-08-01 08:02:50.09953,449027,351,1,2.6
2026-08-01 08:02:50.09953,449428,283,1,1.0
2026-08-01 08:02:50.09953,449429,306,1,1.0
2026-08-01 08:02:50.09953,449434,454,1,2.1
2026-08-01 08:02:50.09953,449871,48,1,0.0
2026-08-01 08:02:50.09953,450542,219,1,1.5
2026-08-01 08:02:50.09953,451284,175,1,1.0
2026-08-01 08:02:50.09953,451302,413,1,2.0
2026-08-01 08:02:50.09953,451340,121,1,0.0
2026-08-01 08:02:50.09953,451490,119,1,1.7
2026-08-01 08:02:50.09953,454490,120,1,2.2
2026-08-01 08:02:50.09953,455084,305,1,1.0
2026-08-01 08:02:50.09953,456512,483,1,2.0
2026-08-01 08:02:50.09953,457569,57,1,2.0
2026-08-01 08:02:50.09953,458249,440,1,1.8
2026-08-01 08:02:50.09953,460028,149,1,2.2
2026-08-01 08:02:50.09953,460842,512,1,1.7
2026-08-01 08:02:50.09953,461102,173,1,1.0
2026-08-01 08:02:50.09953,461199,547,1,1.5
2026-08-01 08:02:50.09953,461587,323,1,1.0
2026-08-01 08:02:50.09953,462387,322,1,1.4
2026-08-01 08:02:50.09953,462424,6,1,0.0
2026-08-01 08:02:50.09953,462635,340,1,1.5
2026-08-01 08:02:50.09953,463034,167,1,1.8
2026-08-01 08:02:50.09953,463067,125,1,1.8
2026-08-01 08:02:50.09953,463936,158,1,2.1
2026-08-01 08:02:50.09953,463981,60,1,2.5
2026-08-01 08:02:50.09953,464353,355,1,1.0
2026-08-01 08:02:50.09953,465247,412,1,2.6
2026-08-01 08:02:50.09953,465351,389,1,2.8
2026-08-01 08:02:50.09953,465390,177,1,1.0
2026-08-01 08:02:50.09953,465525,291,1,0.0
2026-08-01 08:02:50.09953,465642,445,1,2.2
2026-08-01 08:02:50.09953,465680,493,1,1.8
2026-08-01 08:02:50.09953,465694,405,1,2.0
2026-08-01 08:02:50.09953,465730,115,1,1.7
2026-08-01 08:02:50.09953,466052,399,1,2.6
2026-08-01 08:02:50.09953,466075,8,1,2.5
2026-08-01 08:02:50.09953,466525,335,1,2.1
2026-08-01 08:02:50.09953,467779,130,1,2.2
2026-08-01 08:02:50.09953,469142,112,1,2.2
2026-08-01 08:02:50.09953,469247,49,1,1.5
2026-08-01 08:02:50.09953,469272,190,1,2.0
2026-08-01 08:02:50.09953,470294,297,1,1.0
2026-08-01 08:02:50.09953,470313,463,1,2.0
2026-08-01 08:02:50.09953,470315,478,1,1.7
2026-08-01 08:02:50.09953,472713,90,1,1.7
2026-08-01 08:02:50.09953,472739,110,1,2.0
2026-08-01 08:02:50.09953,472769,387,1,3.1
2026-08-01 08:02:50.09953,475168,165,1,2.3
2026-08-01 08:02:50.09953,476887,485,1,2.0
2026-08-01 08:02:50.09953,477064,395,1,1.7
2026-08-01 08:02:50.09953,477424,391,1,2.5
2026-08-01 08:02:50.09953,477547,538,1,1.0
2026-08-01 08:02:50.09953,477555,264,1,2.0
2026-08-01 08:02:50.09953,480455,230,1,2.5
2026-08-01 08:02:50.09953,480457,183,1,1.1
2026-08-01 08:02:50.09953,481624,318,1,2.0
2026-08-01 08:02:50.09953,481655,19,1,2.0
2026-08-01 08:02:50.09953,482442,518,1,1.5
2026-08-01 08:02:50.09953,482609,144,1,2.2
2026-08-01 08:02:50.09953,482973,491,1,2.0
2026-08-01 08:02:50.09953,484389,171,1,1.0
2026-08-01 08:02:50.09953,484420,542,1,2.1
2026-08-01 08:02:50.09953,485047,470,1,2.2
2026-08-01 08:02:50.09953,485055,496,1,2.0
2026-08-01 08:02:50.09953,485337,42,1,2.0
2026-08-01 08:02:50.09953,485711,439,1,1.7
2026-08-01 08:02:50.09953,486385,248,1,1.8
2026-08-01 08:02:50.09953,486520,344,1,1.5
2026-08-01 08:02:50.09953,486672,159,1,2.0
2026-08-01 08:02:50.09953,487053,506,1,1.7
2026-08-01 08:02:50.09953,487117,139,1,0.0
2026-08-01 08:02:50.09953,487676,534,1,1.7
2026-08-01 08:02:50.09953,487838,449,1,2.2
2026-08-01 08:02:50.09953,488024,211,1,2.0
2026-08-01 08:02:50.09953,489580,365,1,1.0
2026-08-01 08:02:50.09953,489639,109,1,2.0
2026-08-01 08:02:50.09953,489706,215,1,1.5
2026-08-01 08:02:50.09953,489888,77,1,1.5
2026-08-01 08:02:50.09953,490094,240,1,1.5
2026-08-01 08:02:50.09953,490145,528,1,1.0
2026-08-01 08:02:50.09953,490161,293,1,1.5
2026-08-01 08:02:50.09953,490881,436,1,1.5
2026-08-01 08:02:50.09953,491007,163,1,1.0
2026-08-01 08:02:50.09953,491279,503,1,2.2
2026-08-01 08:02:50.09953,491501,378,1,1.0
2026-08-01 08:02:50.09953,492498,191,1,1.0
2026-08-01 08:02:50.09953,492777,360,1,0.0
2026-08-01 08:02:50.09953,492859,341,1,1.5
2026-08-01 08:02:50.09953,493105,160,1,2.1
2026-08-01 08:02:50.09953,493250,431,1,2.1
2026-08-01 08:02:50.09953,493362,513,1,0.0
2026-08-01 08:02:50.09953,494307,394,1,2.2
2026-08-01 08:02:50.09953,494521,61,1,2.5
2026-08-01 08:02:50.09953,494595,366,1,2.6
2026-08-01 08:02:50.09953,494950,275,1,0.0
2026-08-01 08:02:50.09953,496208,72,1,1.5
2026-08-01 08:02:50.09953,496221,210,1,1.5
2026-08-01 08:02:50.09953,496661,245,1,2.0
2026-08-01 08:02:50.09953,498016,529,1,2.6
2026-08-01 08:02:50.09953,499169,7,1,2.0
2026-08-01 08:02:50.09953,499175,22,1,2.0
2026-08-01 08:02:50.09953,499300,235,1,1.0
2026-08-01 08:02:50.09953,499309,168,1,1.4
2026-08-01 08:02:50.09953,499604,67,1,2.3
2026-08-01 08:02:50.09953,499716,510,1,1.0
2026-08-01 08:02:50.09953,499721,523,1,1.5
2026-08-01 08:02:50.09953,499726,524,1,1.0
2026-08-01 08:02:50.09953,500040,11,1,2.5
2026-08-01 08:02:50.09953,500058,382,1,0.0
2026-08-01 08:02:50.09953,500151,475,1,0.0
2026-08-01 08:02:50.09953,500957,298,1,1.0
2026-08-01 08:02:50.09953,501390,309,1,1.5
2026-08-01 08:02:50.09953,501459,185,1,1.5
2026-08-01 08:02:50.09953,501902,278,1,1.0
2026-08-01 08:02:50.09953,502500,106,1,2.5
2026-08-01 08:02:50.09953,502697,243,1,1.5
2026-08-01 08:02:50.09953,503037,170,1,1.0
2026-08-01 08:02:50.09953,503139,69,1,2.1
2026-08-01 08:02:50.09953,503301,484,1,2.0
2026-08-01 08:02:50.09953,505079,252,1,1.0
2026-08-01 08:02:50.09953,507433,83,1,2.0
2026-08-01 08:02:50.09953,508395,102,1,1.5
2026-08-01 08:02:50.09953,508479,141,1,2.6
2026-08-01 08:02:50.09953,509416,129,1,2.0
2026-08-01 08:02:50.09953,510281,403,1,2.3
2026-08-01 08:02:50.09953,510663,380,1,0.0
2026-08-01 08:02:50.09953,511499,514,1,2.1
2026-08-01 08:02:50.09953,512462,232,1,2.2
2026-08-01 08:02:50.09953,513086,93,1,1.7
2026-08-01 08:02:50.09953,513418,94,1,2.1
2026-08-01 08:02:50.09953,513466,246,1,1.5
2026-08-01 08:02:50.09953,514254,127,1,1.5
2026-08-01 08:02:50.09953,514356,161,1,1.5
2026-08-01 08:02:50.09953,514514,381,1,1.5
2026-08-01 08:02:50.09953,515046,531,1,2.0
2026-08-01 08:02:50.09953,515597,35,1,1.5
2026-08-01 08:02:50.09953,515621,206,1,1.7
2026-08-01 08:02:50.09953,516895,432,1,2.0
2026-08-01 08:02:50.09953,517052,166,1,2.1
2026-08-01 08:02:50.09953,519440,361,1,1.0
2026-08-01 08:02:50.09953,519634,537,1,1.7
2026-08-01 08:02:50.09953,519913,438,1,1.0
2026-08-01 08:02:50.09953,522047,334,1,2.2
2026-08-01 08:02:50.09953,531442,315,1,2.0
2026-08-01 08:02:50.09953,532529,123,1,2.1
2026-08-01 08:02:50.09953,532605,162,1,1.5
2026-08-01 08:02:50.09953,533463,95,1,2.3
2026-08-01 08:02:50.09953,534392,299,1,1.0
2026-08-01 08:02:50.09953,535301,131,1,1.5
2026-08-01 08:02:50.09953,535818,546,1,1.5
2026-08-01 08:02:50.09953,535928,376,1,0.0
2026-08-01 08:02:50.09953,536661,551,1,1.5
2026-08-01 08:02:50.09953,536694,217,1,1.5
2026-08-01 08:02:50.09953,536916,128,1,1.5
2026-08-01 08:02:50.09953,538207,465,1,2.0
2026-08-01 08:02:50.09953,538638,479,1,1.0
2026-08-01 08:02:50.09953,539142,182,1,1.0
2026-08-01 08:02:50.09953,540324,286,1,1.5
2026-08-01 08:02:50.09953,543295,99,1,1.1
2026-08-01 08:02:50.09953,543968,316,1,1.8
2026-08-01 08:02:50.09953,544877,358,1,2.5
2026-08-01 08:02:50.09953,545477,451,1,1.0
2026-08-01 08:02:50.09953,546600,554,1,2.0
2026-08-01 08:02:50.09953,547027,543,1,2.0
2026-08-01 08:02:50.09953,547037,434,1,1.5
2026-08-01 08:02:50.09953,547676,425,1,1.0
2026-08-01 08:02:50.09953,547701,522,1,1.5
2026-08-01 08:02:50.09953,547719,459,1,0.0
2026-08-01 08:02:50.09953,548308,507,1,1.7
2026-08-01 08:02:50.09953,549067,477,1,1.0
2026-08-01 08:02:50.09953,549074,133,1,1.5
2026-08-01 08:02:50.09953,549653,197,1,0.0
2026-08-01 08:02:50.09953,549912,549,1,2.0
2026-08-01 08:02:50.09953,549939,560,1,2.0
2026-08-01 08:02:50.09953,550090,117,1,1.7
2026-08-01 08:02:50.09953,550615,242,1,2.0
2026-08-01 08:02:50.09953,550839,517,1,0.0
2026-08-01 08:02:50.09953,550864,420,1,2.2
2026-08-01 08:02:50.09953,551210,148,1,1.7
2026-08-01 08:02:50.09953,551226,525,1,2.1
2026-08-01 08:02:50.09953,551262,196,1,1.4
2026-08-01 08:02:50.09953,551499,377,1,2.3
2026-08-01 08:02:50.09953,553783,294,1,1.0
2026-08-01 08:02:50.09953,554197,548,1,1.5
2026-08-01 08:02:50.09953,554578,444,1,2.0
2026-08-01 08:02:50.09953,556637,134,1,1.0
2026-08-01 08:02:50.09953,557012,321,1,1.0
2026-08-01 08:02:50.09953,560262,78,1,0.0
2026-08-01 08:02:50.09953,560552,263,1,2.0
2026-08-01 08:02:50.09953,561245,81,1,2.0
2026-08-01 08:02:50.09953,565297,349,1,0.0
2026-08-01 08:02:50.09953,567119,169,1,1.0
2026-08-01 08:02:50.09953,570241,92,1,1.7
2026-08-01 08:02:50.09953,570526,520,1,2.0
2026-08-01 08:02:50.09953,574458,150,1,1.7
2026-08-01 08:02:50.09953,575204,407,1,1.5
2026-08-01 08:02:50.09953,575458,474,1,1.7
2026-08-01 08:02:50.09953,575476,472,1,1.9
2026-08-01 08:02:50.09953,575901,66,1,1.0
2026-08-01 08:02:50.09953,576620,437,1,1.0
2026-08-01 08:02:50.09953,576628,435,1,1.5
2026-08-01 08:02:50.09953,577016,151,1,1.7
2026-08-01 08:02:50.09953,577285,51,1,1.0
2026-08-01 08:02:50.09953,577411,181,1,1.0
2026-08-01 08:02:50.09953,577669,545,1,1.5
2026-08-01 08:02:50.09953,577725,268,1,2.0
2026-08-01 08:02:50.09953,577974,424,1,1.0
2026-08-01 08:02:50.09953,578153,393,1,2.5
2026-08-01 08:02:50.09953,578545,39,1,1.0
2026-08-01 08:02:50.09953,586268,353,1,1.0
2026-08-01 08:02:50.09953,586309,249,1,1.8
2026-08-01 08:02:50.09953,590014,220,1,1.7
2026-08-01 08:02:50.09953,590039,409,1,1.0
2026-08-01 08:02:50.09953,591386,375,1,1.5
2026-08-01 08:02:50.09953,592031,122,1,2.1
2026-08-01 08:02:50.09953,593117,164,1,1.5
2026-08-01 08:02:50.09953,593174,107,1,1.0
2026-08-01 08:02:50.09953,596047,441,1,1.0
2026-08-01 08:02:50.09953,596777,415,1,2.1
2026-08-01 08:02:50.09953,597320,132,1,1.0
2026-08-01 08:02:50.09953,599303,466,1,1.0
2026-08-01 08:02:50.09953,606702,362,1,2.2
2026-08-01 08:02:50.09953,606745,421,1,1.7
2026-08-01 08:02:50.09953,606798,38,1,1.0
2026-08-01 08:02:50.09953,606921,216,1,1.5
2026-08-01 08:02:50.09953,607464,88,1,1.7
2026-08-01 08:02:50.09953,608181,137,1,1.3
2026-08-01 08:02:50.09953,609873,244,1,1.5
2026-08-01 08:02:50.09953,610799,504,1,2.2
2026-08-01 08:02:50.09953,611665,461,1,2.1
2026-08-01 08:02:50.09953,611922,369,1,2.1
2026-08-01 08:02:50.09953,614071,53,1,2.1
2026-08-01 08:02:50.09953,614574,76,1,1.5
2026-08-01 08:02:50.09953,616077,20,1,2.0
2026-08-01 08:02:50.09953,616221,511,1,1.0
2026-08-01 08:02:50.09953,616222,396,1,1.7
2026-08-01 08:02:50.09953,620109,152,1,2.5
2026-08-01 08:02:50.09953,620487,63,1,2.2
2026-08-01 08:02:50.09953,622758,561,1,1.7
2026-08-01 08:02:50.09953,624773,157,1,2.3
2026-08-01 08:02:50.09953,629397,192,1,1.0
2026-08-01 08:02:50.09953,631786,272,1,1.0
2026-08-01 08:02:50.09953,632794,559,1,1.5
2026-08-01 08:02:50.09953,636852,462,1,1.5
2026-08-01 08:02:50.09953,640419,509,1,1.0
2026-08-01 08:02:50.09953,645618,50,1,1.0
2026-08-01 08:02:50.09953,647681,363,1,0.0
2026-08-01 08:02:50.09953,647850,138,1,1.8
2026-08-01 08:02:50.09953,649208,410,1,1.5
2026-08-01 08:02:50.09953,651426,203,1,2.2
2026-08-01 08:02:50.09953,653481,52,1,1.5
2026-08-01 08:02:50.09953,660392,225,1,0.0
2026-08-01 08:02:50.09953,661800,284,1,1.0
2026-08-01 08:02:50.09953,672492,221,1,1.0
2026-08-01 08:02:50.09953,684268,189,1,1.0
2026-08-01 08:02:50.09953,699989,550,1,1.5
2026-08-01 08:02:50.09953,700308,135,1,1.5
2026-08-02 08:04:31.841651,17761,229,1,2.8
2026-08-02 08:04:31.841651,21205,414,1,1.0
2026-08-02 08:04:31.841651,40383,58,1,1.0
2026-08-02 08:04:31.841651,49262,111,1,1.0
2026-08-02 08:04:31.841651,50093,302,1,1.0
2026-08-02 08:04:31.841651,50175,136,1,2.0
2026-08-02 08:04:31.841651,54469,64,1,1.7
2026-08-02 08:04:31.841651,56979,101,1,0.0
2026-08-02 08:04:31.841651,59735,325,1,1.5
2026-08-02 08:04:31.841651,60307,124,1,2.0
2026-08-02 08:04:31.841651,60689,490,1,2.0
2026-08-02 08:04:31.841651,67089,497,1,1.0
2026-08-02 08:04:31.841651,72147,29,1,2.0
2026-08-02 08:04:31.841651,75115,108,1,1.8
2026-08-02 08:04:31.841651,76357,266,1,1.5
2026-08-02 08:04:31.841651,78916,448,1,2.2
2026-08-02 08:04:31.841651,80178,178,1,1.0
2026-08-02 08:04:31.841651,80201,250,1,2.0
2026-08-02 08:04:31.841651,81441,443,1,2.0
2026-08-02 08:04:31.841651,83299,116,1,1.7
2026-08-02 08:04:31.841651,84450,544,1,2.0
2026-08-02 08:04:31.841651,85633,467,1,2.6
2026-08-02 08:04:31.841651,86873,251,1,1.0
2026-08-02 08:04:31.841651,88894,46,1,1.5
2026-08-02 08:04:31.841651,91651,406,1,2.0
2026-08-02 08:04:31.841651,93605,541,1,1.7
2026-08-02 08:04:31.841651,95658,418,1,2.2
2026-08-02 08:04:31.841651,97032,356,1,3.1
2026-08-02 08:04:31.841651,98747,442,1,2.6
2026-08-02 08:04:31.841651,98980,28,1,2.6
2026-08-02 08:04:31.841651,101188,30,1,1.7
2026-08-02 08:04:31.841651,101282,289,1,1.0
2026-08-02 08:04:31.841651,105666,274,1,2.0
2026-08-02 08:04:31.841651,105717,540,1,1.0
2026-08-02 08:04:31.841651,106611,231,1,2.2
2026-08-02 08:04:31.841651,106760,423,1,1.7
2026-08-02 08:04:31.841651,108413,212,1,1.0
2026-08-02 08:04:31.841651,108416,277,1,1.0
2026-08-02 08:04:31.841651,108813,300,1,2.0
2026-08-02 08:04:31.841651,109646,147,1,1.7
2026-08-02 08:04:31.841651,109745,2,1,2.6
2026-08-02 08:04:31.841651,110690,172,1,2.0
2026-08-02 08:04:31.841651,111234,226,1,3.3
2026-08-02 08:04:31.841651,111317,74,1,1.5
2026-08-02 08:04:31.841651,112520,301,1,1.0
2026-08-02 08:04:31.841651,114243,457,1,2.1
2026-08-02 08:04:31.841651,114283,238,1,1.7
2026-08-02 08:04:31.841651,115556,508,1,1.0
2026-08-02 08:04:31.841651,116535,350,1,3.3
2026-08-02 08:04:31.841651,119471,446,1,2.2
2026-08-02 08:04:31.841651,121709,199,1,2.0
2026-08-02 08:04:31.841651,122074,386,1,2.0
2026-08-02 08:04:31.841651,122798,502,1,1.7
2026-08-02 08:04:31.841651,122806,45,1,2.0
2026-08-02 08:04:31.841651,128295,21,1,1.5
2026-08-02 08:04:31.841651,135720,501,1,2.2
2026-08-02 08:04:31.841651,138001,228,1,2.0
2026-08-02 08:04:31.841651,141746,426,1,4.0
2026-08-02 08:04:31.841651,146426,279,1,1.0
2026-08-02 08:04:31.841651,147675,320,1,1.4
2026-08-02 08:04:31.841651,149484,33,1,1.7
2026-08-02 08:04:31.841651,149929,311,1,1.5
2026-08-02 08:04:31.841651,152551,213,1,1.5
2026-08-02 08:04:31.841651,153133,261,1,2.0
2026-08-02 08:04:31.841651,153366,270,1,1.0
2026-08-02 08:04:31.841651,153682,260,1,2.3
2026-08-02 08:04:31.841651,154561,1,1,4.0
2026-08-02 08:04:31.841651,154566,526,1,2.0
2026-08-02 08:04:31.841651,155405,408,1,1.5
2026-08-02 08:04:31.841651,155408,71,1,1.5
2026-08-02 08:04:31.841651,155503,352,1,1.0
2026-08-02 08:04:31.841651,158499,75,1,0.0
2026-08-02 08:04:31.841651,158983,374,1,1.1
2026-08-02 08:04:31.841651,159506,473,1,1.7
2026-08-02 08:04:31.841651,160817,285,1,1.0
2026-08-02 08:04:31.841651,166477,258,1,1.7
2026-08-02 08:04:31.841651,166989,43,1,1.6
2026-08-02 08:04:31.841651,167074,256,1,1.7
2026-08-02 08:04:31.841651,167512,539,1,1.0
2026-08-02 08:04:31.841651,167825,273,1,1.0
2026-08-02 08:04:31.841651,168144,184,1,1.5
2026-08-02 08:04:31.841651,168636,80,1,1.8
2026-08-02 08:04:31.841651,169359,556,1,1.0
2026-08-02 08:04:31.841651,169432,295,1,1.8
2026-08-02 08:04:31.841651,169528,254,1,1.7
2026-08-02 08:04:31.841651,169593,555,1,1.0
2026-08-02 08:04:31.841651,171270,288,1,1.0
2026-08-02 08:04:31.841651,171287,359,1,0.0
2026-08-02 08:04:31.841651,171314,390,1,2.5
2026-08-02 08:04:31.841651,172453,319,1,1.5
2026-08-02 08:04:31.841651,172649,198,1,2.6
2026-08-02 08:04:31.841651,172780,515,1,2.3
2026-08-02 08:04:31.841651,173878,176,1,1.0
2026-08-02 08:04:31.841651,173879,56,1,0.0
2026-08-02 08:04:31.841651,174594,347,1,1.8
2026-08-02 08:04:31.841651,174874,253,1,0.0
2026-08-02 08:04:31.841651,176297,429,1,2.5
2026-08-02 08:04:31.841651,176412,193,1,1.8
2026-08-02 08:04:31.841651,176420,308,1,1.0
2026-08-02 08:04:31.841651,177815,346,1,2.0
2026-08-02 08:04:31.841651,178301,55,1,2.5
2026-08-02 08:04:31.841651,180135,339,1,1.5
2026-08-02 08:04:31.841651,180736,143,1,2.5
2026-08-02 08:04:31.841651,180974,458,1,1.5
2026-08-02 08:04:31.841651,183015,303,1,1.0
2026-08-02 08:04:31.841651,183656,103,1,1.5
2026-08-02 08:04:31.841651,184029,15,1,2.3
2026-08-02 08:04:31.841651,184254,494,1,2.0
2026-08-02 08:04:31.841651,184341,430,1,2.0
2026-08-02 08:04:31.841651,184349,269,1,1.7
2026-08-02 08:04:31.841651,184667,37,1,1.7
2026-08-02 08:04:31.841651,191866,87,1,1.7
2026-08-02 08:04:31.841651,193278,280,1,1.0
2026-08-02 08:04:31.841651,194010,89,1,1.7
2026-08-02 08:04:31.841651,195384,17,1,2.1
2026-08-02 08:04:31.841651,195546,41,1,2.1
2026-08-02 08:04:31.841651,198869,10,1,2.5
2026-08-02 08:04:31.841651,199598,338,1,2.0
2026-08-02 08:04:31.841651,199796,32,1,1.7
2026-08-02 08:04:31.841651,199798,31,1,1.7
2026-08-02 08:04:31.841651,200089,460,1,1.5
2026-08-02 08:04:31.841651,200617,343,1,1.5
2026-08-02 08:04:31.841651,200641,24,1,2.0
2026-08-02 08:04:31.841651,200720,82,1,2.6
2026-08-02 08:04:31.841651,200785,73,1,1.5
2026-08-02 08:04:31.841651,200834,533,1,2.5
2026-08-02 08:04:31.841651,201595,326,1,2.0
2026-08-02 08:04:31.841651,201658,68,1,2.1
2026-08-02 08:04:31.841651,201666,453,1,2.1
2026-08-02 08:04:31.841651,201895,535,1,2.2
2026-08-02 08:04:31.841651,202993,516,1,2.0
2026-08-02 08:04:31.841651,204120,114,1,1.7
2026-08-02 08:04:31.841651,204480,13,1,2.6
2026-08-02 08:04:31.841651,204561,558,1,1.5
2026-08-02 08:04:31.841651,204580,98,1,1.5
2026-08-02 08:04:31.841651,204813,179,1,1.0
2026-08-02 08:04:31.841651,204822,476,1,1.0
2026-08-02 08:04:31.841651,204936,384,1,3.3
2026-08-02 08:04:31.841651,204968,489,1,1.0
2026-08-02 08:04:31.841651,205533,224,1,1.8
2026-08-02 08:04:31.841651,205651,27,1,2.0
2026-08-02 08:04:31.841651,206915,373,1,2.0
2026-08-02 08:04:31.841651,207189,265,1,1.5
2026-08-02 08:04:31.841651,207283,97,1,2.0
2026-08-02 08:04:31.841651,208481,292,1,1.5
2026-08-02 08:04:31.841651,208706,452,1,2.5
2026-08-02 08:04:31.841651,209036,388,1,2.8
2026-08-02 08:04:31.841651,209046,482,1,1.6
2026-08-02 08:04:31.841651,209244,398,1,2.5
2026-08-02 08:04:31.841651,209289,262,1,2.0
2026-08-02 08:04:31.841651,209365,416,1,0.0
2026-08-02 08:04:31.841651,209400,214,1,1.5
2026-08-02 08:04:31.841651,210156,492,1,1.8
2026-08-02 08:04:31.841651,210462,488,1,1.5
2026-08-02 08:04:31.841651,212314,267,1,1.5
2026-08-02 08:04:31.841651,212319,527,1,2.0
2026-08-02 08:04:31.841651,213292,296,1,1.5
2026-08-02 08:04:31.841651,214225,329,1,1.7
2026-08-02 08:04:31.841651,214285,364,1,2.2
2026-08-02 08:04:31.841651,214572,495,1,1.0
2026-08-02 08:04:31.841651,215059,140,1,2.6
2026-08-02 08:04:31.841651,215136,469,1,2.2
2026-08-02 08:04:31.841651,215379,481,1,2.3
2026-08-02 08:04:31.841651,215413,236,1,2.3
2026-08-02 08:04:31.841651,215711,44,1,2.0
2026-08-02 08:04:31.841651,216051,417,1,2.2
2026-08-02 08:04:31.841651,216094,357,1,2.5
2026-08-02 08:04:31.841651,216616,304,1,1.0
2026-08-02 08:04:31.841651,216646,464,1,2.0
2026-08-02 08:04:31.841651,218364,205,1,1.7
2026-08-02 08:04:31.841651,218997,195,1,1.4
2026-08-02 08:04:31.841651,219168,379,1,2.7
2026-08-02 08:04:31.841651,219249,126,1,2.0
2026-08-02 08:04:31.841651,219847,26,1,2.3
2026-08-02 08:04:31.841651,219924,259,1,1.0
2026-08-02 08:04:31.841651,220237,447,1,2.2
2026-08-02 08:04:31.841651,220362,153,1,1.7
2026-08-02 08:04:31.841651,220566,402,1,0.0
2026-08-02 08:04:31.841651,220583,180,1,1.0
2026-08-02 08:04:31.841651,220627,332,1,1.7
2026-08-02 08:04:31.841651,221389,468,1,2.0
2026-08-02 08:04:31.841651,221399,342,1,0.0
2026-08-02 08:04:31.841651,221466,498,1,2.8
2026-08-02 08:04:31.841651,221632,500,1,2.2
2026-08-02 08:04:31.841651,221820,419,1,1.6
2026-08-02 08:04:31.841651,222018,307,1,1.0
2026-08-02 08:04:31.841651,222531,480,1,2.8
2026-08-02 08:04:31.841651,222625,317,1,1.4
2026-08-02 08:04:31.841651,222683,70,1,2.1
2026-08-02 08:04:31.841651,222694,328,1,2.2
2026-08-02 08:04:31.841651,223094,411,1,4.0
2026-08-02 08:04:31.841651,223340,12,1,3.2
2026-08-02 08:04:31.841651,223434,118,1,1.7
2026-08-02 08:04:31.841651,223541,370,1,2.0
2026-08-02 08:04:31.841651,223827,532,1,2.2
2026-08-02 08:04:31.841651,224117,25,1,2.3
2026-08-02 08:04:31.841651,224967,233,1,1.7
2026-08-02 08:04:31.841651,225796,142,1,2.5
2026-08-02 08:04:31.841651,226182,330,1,1.7
2026-08-02 08:04:31.841651,226597,4,1,4.0
2026-08-02 08:04:31.841651,226944,47,1,1.1
2026-08-02 08:04:31.841651,226965,188,1,2.0
2026-08-02 08:04:31.841651,227444,471,1,2.5
2026-08-02 08:04:31.841651,229164,314,1,1.5
2026-08-02 08:04:31.841651,229600,227,1,2.6
2026-08-02 08:04:31.841651,230001,422,1,1.7
2026-08-02 08:04:31.841651,230730,194,1,1.4
2026-08-02 08:04:31.841651,231065,91,1,1.7
2026-08-02 08:04:31.841651,231416,113,1,1.7
2026-08-02 08:04:31.841651,231747,223,1,2.1
2026-08-02 08:04:31.841651,231899,312,1,0.0
2026-08-02 08:04:31.841651,232112,433,1,0.0
2026-08-02 08:04:31.841651,232185,208,1,2.3
2026-08-02 08:04:31.841651,232351,282,1,1.0
2026-08-02 08:04:31.841651,232413,14,1,2.3
2026-08-02 08:04:31.841651,232457,324,1,1.5
2026-08-02 08:04:31.841651,232571,530,1,1.0
2026-08-02 08:04:31.841651,232653,456,1,1.5
2026-08-02 08:04:31.841651,232787,519,1,2.0
2026-08-02 08:04:31.841651,232859,505,1,1.7
2026-08-02 08:04:31.841651,232892,257,1,1.7
2026-08-02 08:04:31.841651,232905,287,1,1.5
2026-08-02 08:04:31.841651,232928,239,1,0.0
2026-08-02 08:04:31.841651,235826,348,1,1.4
2026-08-02 08:04:31.841651,240514,564,1,2.0
2026-08-02 08:04:31.841651,241117,310,1,0.0
2026-08-02 08:04:31.841651,241293,186,1,2.0
2026-08-02 08:04:31.841651,242313,207,1,1.7
2026-08-02 08:04:31.841651,242880,146,1,1.7
2026-08-02 08:04:31.841651,242882,62,1,2.2
2026-08-02 08:04:31.841651,242898,209,1,2.1
2026-08-02 08:04:31.841651,243016,372,1,2.0
2026-08-02 08:04:31.841651,243298,367,1,2.5
2026-08-02 08:04:31.841651,243413,290,1,1.0
2026-08-02 08:04:31.841651,243526,331,1,1.7
2026-08-02 08:04:31.841651,243571,234,1,1.7
2026-08-02 08:04:31.841651,244042,271,1,1.8
2026-08-02 08:04:31.841651,244723,204,1,1.7
2026-08-02 08:04:31.841651,244850,40,1,2.6
2026-08-02 08:04:31.841651,244851,154,1,3.2
2026-08-02 08:04:31.841651,244858,100,1,0.0
2026-08-02 08:04:31.841651,244860,247,1,2.0
2026-08-02 08:04:31.841651,244954,34,1,1.7
2026-08-02 08:04:31.841651,246301,255,1,1.7
2026-08-02 08:04:31.841651,247348,201,1,2.5
2026-08-02 08:04:31.841651,247412,222,1,2.0
2026-08-02 08:04:31.841651,247632,156,1,2.3
2026-08-02 08:04:31.841651,248056,345,1,1.5
2026-08-02 08:04:31.841651,248857,16,1,2.3
2026-08-02 08:04:31.841651,248875,400,1,2.6
2026-08-02 08:04:31.841651,249231,86,1,2.0
2026-08-02 08:04:31.841651,250199,487,1,1.5
2026-08-02 08:04:31.841651,424876,368,1,2.5
2026-08-02 08:04:31.841651,427623,202,1,2.2
2026-08-02 08:04:31.841651,427637,337,1,2.0
2026-08-02 08:04:31.841651,428580,104,1,1.5
2026-08-02 08:04:31.841651,430871,428,1,2.8
2026-08-02 08:04:31.841651,432422,455,1,2.0
2026-08-02 08:04:31.841651,432714,486,1,2.0
2026-08-02 08:04:31.841651,432720,385,1,2.6
2026-08-02 08:04:31.841651,432830,84,1,2.5
2026-08-02 08:04:31.841651,432987,354,1,0.0
2026-08-02 08:04:31.841651,433036,404,1,2.1
2026-08-02 08:04:31.841651,433154,241,1,2.0
2026-08-02 08:04:31.841651,433590,281,1,1.0
2026-08-02 08:04:31.841651,434399,536,1,1.7
2026-08-02 08:04:31.841651,434752,327,1,2.2
2026-08-02 08:04:31.841651,435997,336,1,2.1
2026-08-02 08:04:31.841651,436761,174,1,1.0
2026-08-02 08:04:31.841651,436893,65,1,1.7
2026-08-02 08:04:31.841651,437495,3,1,2.6
2026-08-02 08:04:31.841651,437499,200,1,2.8
2026-08-02 08:04:31.841651,437505,553,1,1.8
2026-08-02 08:04:31.841651,437730,397,1,2.9
2026-08-02 08:04:31.841651,437738,333,1,1.7
2026-08-02 08:04:31.841651,438098,23,1,2.0
2026-08-02 08:04:31.841651,438234,401,1,2.2
2026-08-02 08:04:31.841651,438464,218,1,1.5
2026-08-02 08:04:31.841651,439509,557,1,2.3
2026-08-02 08:04:31.841651,439668,187,1,1.5
2026-08-02 08:04:31.841651,440089,96,1,2.0
2026-08-02 08:04:31.841651,440993,237,1,2.1
2026-08-02 08:04:31.841651,441164,499,1,2.5
2026-08-02 08:04:31.841651,441191,450,1,1.6
2026-08-02 08:04:31.841651,441264,552,1,2.0
2026-08-02 08:04:31.841651,441266,371,1,2.1
2026-08-02 08:04:31.841651,441302,36,1,1.7
2026-08-02 08:04:31.841651,442967,562,1,2.0
2026-08-02 08:04:31.841651,443261,313,1,2.0
2026-08-02 08:04:31.841651,444102,79,1,2.0
2026-08-02 08:04:31.841651,444145,18,1,2.3
2026-08-02 08:04:31.841651,444172,59,1,1.0
2026-08-02 08:04:31.841651,444180,105,1,2.1
2026-08-02 08:04:31.841651,444307,276,1,1.0
2026-08-02 08:04:31.841651,444463,145,1,0.0
2026-08-02 08:04:31.841651,444765,85,1,2.2
2026-08-02 08:04:31.841651,444884,383,1,2.0
2026-08-02 08:04:31.841651,445028,563,1,1.5
2026-08-02 08:04:31.841651,445044,521,1,0.0
2026-08-02 08:04:31.841651,445122,5,1,0.0
2026-08-02 08:04:31.841651,446008,427,1,2.8
2026-08-02 08:04:31.841651,448047,155,1,2.5
2026-08-02 08:04:31.841651,448089,54,1,2.0
2026-08-02 08:04:31.841651,448104,9,1,2.5
2026-08-02 08:04:31.841651,448514,392,1,2.5
2026-08-02 08:04:31.841651,449027,351,1,2.6
2026-08-02 08:04:31.841651,449428,283,1,1.0
2026-08-02 08:04:31.841651,449429,306,1,1.0
2026-08-02 08:04:31.841651,449434,454,1,2.1
2026-08-02 08:04:31.841651,449871,48,1,0.0
2026-08-02 08:04:31.841651,450542,219,1,1.5
2026-08-02 08:04:31.841651,451284,175,1,1.0
2026-08-02 08:04:31.841651,451302,413,1,2.0
2026-08-02 08:04:31.841651,451340,121,1,0.0
2026-08-02 08:04:31.841651,451490,119,1,1.7
2026-08-02 08:04:31.841651,454490,120,1,2.2
2026-08-02 08:04:31.841651,455084,305,1,1.0
2026-08-02 08:04:31.841651,456512,483,1,2.0
2026-08-02 08:04:31.841651,457569,57,1,2.0
2026-08-02 08:04:31.841651,458249,440,1,1.8
2026-08-02 08:04:31.841651,460028,149,1,2.2
2026-08-02 08:04:31.841651,460842,512,1,1.7
2026-08-02 08:04:31.841651,461102,173,1,1.0
2026-08-02 08:04:31.841651,461199,547,1,1.5
2026-08-02 08:04:31.841651,461587,323,1,1.0
2026-08-02 08:04:31.841651,462387,322,1,1.4
2026-08-02 08:04:31.841651,462424,6,1,0.0
2026-08-02 08:04:31.841651,462635,340,1,1.5
2026-08-02 08:04:31.841651,463034,167,1,1.8
2026-08-02 08:04:31.841651,463067,125,1,1.8
2026-08-02 08:04:31.841651,463936,158,1,2.1
2026-08-02 08:04:31.841651,463981,60,1,2.5
2026-08-02 08:04:31.841651,464353,355,1,1.0
2026-08-02 08:04:31.841651,465247,412,1,2.6
2026-08-02 08:04:31.841651,465351,389,1,2.8
2026-08-02 08:04:31.841651,465390,177,1,1.0
2026-08-02 08:04:31.841651,465525,291,1,0.0
2026-08-02 08:04:31.841651,465642,445,1,2.2
2026-08-02 08:04:31.841651,465680,493,1,1.8
2026-08-02 08:04:31.841651,465694,405,1,2.0
2026-08-02 08:04:31.841651,465730,115,1,1.7
2026-08-02 08:04:31.841651,466052,399,1,2.6
2026-08-02 08:04:31.841651,466075,8,1,2.5
2026-08-02 08:04:31.841651,466525,335,1,2.1
2026-08-02 08:04:31.841651,467779,130,1,2.2
2026-08-02 08:04:31.841651,469142,112,1,2.2
2026-08-02 08:04:31.841651,469247,49,1,1.5
2026-08-02 08:04:31.841651,469272,190,1,2.0
2026-08-02 08:04:31.841651,470294,297,1,1.0
2026-08-02 08:04:31.841651,470313,463,1,2.0
2026-08-02 08:04:31.841651,470315,478,1,1.7
2026-08-02 08:04:31.841651,472713,90,1,1.7
2026-08-02 08:04:31.841651,472739,110,1,2.0
2026-08-02 08:04:31.841651,472769,387,1,3.1
2026-08-02 08:04:31.841651,475168,165,1,2.3
2026-08-02 08:04:31.841651,476887,485,1,2.0
2026-08-02 08:04:31.841651,477064,395,1,1.7
2026-08-02 08:04:31.841651,477424,391,1,2.5
2026-08-02 08:04:31.841651,477547,538,1,1.0
2026-08-02 08:04:31.841651,477555,264,1,2.0
2026-08-02 08:04:31.841651,480455,230,1,2.5
2026-08-02 08:04:31.841651,480457,183,1,1.1
2026-08-02 08:04:31.841651,481624,318,1,2.0
2026-08-02 08:04:31.841651,481655,19,1,2.0
2026-08-02 08:04:31.841651,482442,518,1,1.5
2026-08-02 08:04:31.841651,482609,144,1,2.2
2026-08-02 08:04:31.841651,482973,491,1,2.0
2026-08-02 08:04:31.841651,484389,171,1,1.0
2026-08-02 08:04:31.841651,484420,542,1,2.1
2026-08-02 08:04:31.841651,485047,470,1,2.2
2026-08-02 08:04:31.841651,485055,496,1,2.0
2026-08-02 08:04:31.841651,485337,42,1,2.0
2026-08-02 08:04:31.841651,485711,439,1,1.7
2026-08-02 08:04:31.841651,486385,248,1,1.8
2026-08-02 08:04:31.841651,486520,344,1,1.5
2026-08-02 08:04:31.841651,486672,159,1,2.0
2026-08-02 08:04:31.841651,487053,506,1,1.7
2026-08-02 08:04:31.841651,487117,139,1,0.0
2026-08-02 08:04:31.841651,487676,534,1,1.7
2026-08-02 08:04:31.841651,487838,449,1,2.2
2026-08-02 08:04:31.841651,488024,211,1,2.0
2026-08-02 08:04:31.841651,489580,365,1,1.0
2026-08-02 08:04:31.841651,489639,109,1,2.0
2026-08-02 08:04:31.841651,489706,215,1,1.5
2026-08-02 08:04:31.841651,489888,77,1,1.5
2026-08-02 08:04:31.841651,490094,240,1,1.5
2026-08-02 08:04:31.841651,490145,528,1,1.0
2026-08-02 08:04:31.841651,490161,293,1,1.5
2026-08-02 08:04:31.841651,490881,436,1,1.5
2026-08-02 08:04:31.841651,491007,163,1,1.0
2026-08-02 08:04:31.841651,491279,503,1,2.2
2026-08-02 08:04:31.841651,491501,378,1,1.0
2026-08-02 08:04:31.841651,492498,191,1,1.0
2026-08-02 08:04:31.841651,492777,360,1,0.0
2026-08-02 08:04:31.841651,492859,341,1,1.5
2026-08-02 08:04:31.841651,493105,160,1,2.1
2026-08-02 08:04:31.841651,493250,431,1,2.1
2026-08-02 08:04:31.841651,493362,513,1,0.0
2026-08-02 08:04:31.841651,494307,394,1,2.2
2026-08-02 08:04:31.841651,494521,61,1,2.5
2026-08-02 08:04:31.841651,494595,366,1,2.6
2026-08-02 08:04:31.841651,494950,275,1,0.0
2026-08-02 08:04:31.841651,496208,72,1,1.5
2026-08-02 08:04:31.841651,496221,210,1,1.5
2026-08-02 08:04:31.841651,496661,245,1,2.0
2026-08-02 08:04:31.841651,498016,529,1,2.6
2026-08-02 08:04:31.841651,499169,7,1,2.0
2026-08-02 08:04:31.841651,499175,22,1,2.0
2026-08-02 08:04:31.841651,499300,235,1,1.0
2026-08-02 08:04:31.841651,499309,168,1,1.4
2026-08-02 08:04:31.841651,499604,67,1,2.3
2026-08-02 08:04:31.841651,499716,510,1,1.0
2026-08-02 08:04:31.841651,499721,523,1,1.5
2026-08-02 08:04:31.841651,499726,524,1,1.0
2026-08-02 08:04:31.841651,500040,11,1,2.5
2026-08-02 08:04:31.841651,500058,382,1,0.0
2026-08-02 08:04:31.841651,500151,475,1,0.0
2026-08-02 08:04:31.841651,500957,298,1,1.0
2026-08-02 08:04:31.841651,501390,309,1,1.5
2026-08-02 08:04:31.841651,501459,185,1,1.5
2026-08-02 08:04:31.841651,501902,278,1,1.0
2026-08-02 08:04:31.841651,502500,106,1,2.5
2026-08-02 08:04:31.841651,502697,243,1,1.5
2026-08-02 08:04:31.841651,503037,170,1,1.0
2026-08-02 08:04:31.841651,503139,69,1,2.1
2026-08-02 08:04:31.841651,503301,484,1,2.0
2026-08-02 08:04:31.841651,505079,252,1,1.0
2026-08-02 08:04:31.841651,507433,83,1,2.0
2026-08-02 08:04:31.841651,508395,102,1,1.5
2026-08-02 08:04:31.841651,508479,141,1,2.6
2026-08-02 08:04:31.841651,509416,129,1,2.0
2026-08-02 08:04:31.841651,510281,403,1,2.3
2026-08-02 08:04:31.841651,510663,380,1,0.0
2026-08-02 08:04:31.841651,511499,514,1,2.1
2026-08-02 08:04:31.841651,512462,232,1,2.2
2026-08-02 08:04:31.841651,513086,93,1,1.7
2026-08-02 08:04:31.841651,513418,94,1,2.1
2026-08-02 08:04:31.841651,513466,246,1,1.5
2026-08-02 08:04:31.841651,514254,127,1,1.5
2026-08-02 08:04:31.841651,514356,161,1,1.5
2026-08-02 08:04:31.841651,514514,381,1,1.5
2026-08-02 08:04:31.841651,515046,531,1,2.0
2026-08-02 08:04:31.841651,515597,35,1,1.5
2026-08-02 08:04:31.841651,515621,206,1,1.7
2026-08-02 08:04:31.841651,516895,432,1,2.0
2026-08-02 08:04:31.841651,517052,166,1,2.1
2026-08-02 08:04:31.841651,519440,361,1,1.0
2026-08-02 08:04:31.841651,519634,537,1,1.7
2026-08-02 08:04:31.841651,519913,438,1,1.0
2026-08-02 08:04:31.841651,522047,334,1,2.2
2026-08-02 08:04:31.841651,531442,315,1,2.0
2026-08-02 08:04:31.841651,532529,123,1,2.1
2026-08-02 08:04:31.841651,532605,162,1,1.5
2026-08-02 08:04:31.841651,533463,95,1,2.3
2026-08-02 08:04:31.841651,534392,299,1,1.0
2026-08-02 08:04:31.841651,535301,131,1,1.5
2026-08-02 08:04:31.841651,535818,546,1,1.5
2026-08-02 08:04:31.841651,535928,376,1,0.0
2026-08-02 08:04:31.841651,536661,551,1,1.5
2026-08-02 08:04:31.841651,536694,217,1,1.5
2026-08-02 08:04:31.841651,536916,128,1,1.5
2026-08-02 08:04:31.841651,538207,465,1,2.0
2026-08-02 08:04:31.841651,538638,479,1,1.0
2026-08-02 08:04:31.841651,539142,182,1,1.0
2026-08-02 08:04:31.841651,540324,286,1,1.5
2026-08-02 08:04:31.841651,543295,99,1,1.1
2026-08-02 08:04:31.841651,543968,316,1,1.8
2026-08-02 08:04:31.841651,544877,358,1,2.5
2026-08-02 08:04:31.841651,545477,451,1,1.0
2026-08-02 08:04:31.841651,546600,554,1,2.0
2026-08-02 08:04:31.841651,547027,543,1,2.0
2026-08-02 08:04:31.841651,547037,434,1,1.5
2026-08-02 08:04:31.841651,547676,425,1,1.0
2026-08-02 08:04:31.841651,547701,522,1,1.5
2026-08-02 08:04:31.841651,547719,459,1,0.0
2026-08-02 08:04:31.841651,548308,507,1,1.7
2026-08-02 08:04:31.841651,549067,477,1,1.0
2026-08-02 08:04:31.841651,549074,133,1,1.5
2026-08-02 08:04:31.841651,549653,197,1,0.0
2026-08-02 08:04:31.841651,549912,549,1,2.0
2026-08-02 08:04:31.841651,549939,560,1,2.0
2026-08-02 08:04:31.841651,550090,117,1,1.7
2026-08-02 08:04:31.841651,550615,242,1,2.0
2026-08-02 08:04:31.841651,550839,517,1,0.0
2026-08-02 08:04:31.841651,550864,420,1,2.2
2026-08-02 08:04:31.841651,551210,148,1,1.7
2026-08-02 08:04:31.841651,551226,525,1,2.1
2026-08-02 08:04:31.841651,551262,196,1,1.4
2026-08-02 08:04:31.841651,551499,377,1,2.3
2026-08-02 08:04:31.841651,553783,294,1,1.0
2026-08-02 08:04:31.841651,554197,548,1,1.5
2026-08-02 08:04:31.841651,554578,444,1,2.0
2026-08-02 08:04:31.841651,556637,134,1,1.0
2026-08-02 08:04:31.841651,557012,321,1,1.0
2026-08-02 08:04:31.841651,560262,78,1,0.0
2026-08-02 08:04:31.841651,560552,263,1,2.0
2026-08-02 08:04:31.841651,561245,81,1,2.0
2026-08-02 08:04:31.841651,565297,349,1,0.0
2026-08-02 08:04:31.841651,567119,169,1,1.0
2026-08-02 08:04:31.841651,570241,92,1,1.7
2026-08-02 08:04:31.841651,570526,520,1,2.0
2026-08-02 08:04:31.841651,574458,150,1,1.7
2026-08-02 08:04:31.841651,575204,407,1,1.5
2026-08-02 08:04:31.841651,575458,474,1,1.7
2026-08-02 08:04:31.841651,575476,472,1,1.9
2026-08-02 08:04:31.841651,575901,66,1,1.0
2026-08-02 08:04:31.841651,576620,437,1,1.0
2026-08-02 08:04:31.841651,576628,435,1,1.5
2026-08-02 08:04:31.841651,577016,151,1,1.7
2026-08-02 08:04:31.841651,577285,51,1,1.0
2026-08-02 08:04:31.841651,577411,181,1,1.0
2026-08-02 08:04:31.841651,577669,545,1,1.5
2026-08-02 08:04:31.841651,577725,268,1,2.0
2026-08-02 08:04:31.841651,577974,424,1,1.0
2026-08-02 08:04:31.841651,578153,393,1,2.5
2026-08-02 08:04:31.841651,578545,39,1,1.0
2026-08-02 08:04:31.841651,586268,353,1,1.0
2026-08-02 08:04:31.841651,586309,249,1,1.8
2026-08-02 08:04:31.841651,590014,220,1,1.7
2026-08-02 08:04:31.841651,590039,409,1,1.0
2026-08-02 08:04:31.841651,591386,375,1,1.5
2026-08-02 08:04:31.841651,592031,122,1,2.1
2026-08-02 08:04:31.841651,593117,164,1,1.5
2026-08-02 08:04:31.841651,593174,107,1,1.0
2026-08-02 08:04:31.841651,596047,441,1,1.0
2026-08-02 08:04:31.841651,596777,415,1,2.1
2026-08-02 08:04:31.841651,597320,132,1,1.0
2026-08-02 08:04:31.841651,599303,466,1,1.0
2026-08-02 08:04:31.841651,606702,362,1,2.2
2026-08-02 08:04:31.841651,606745,421,1,1.7
2026-08-02 08:04:31.841651,606798,38,1,1.0
2026-08-02 08:04:31.841651,606921,216,1,1.5
2026-08-02 08:04:31.841651,607464,88,1,1.7
2026-08-02 08:04:31.841651,608181,137,1,1.3
2026-08-02 08:04:31.841651,609873,244,1,1.5
2026-08-02 08:04:31.841651,610799,504,1,2.2
2026-08-02 08:04:31.841651,611665,461,1,2.1
2026-08-02 08:04:31.841651,611922,369,1,2.1
2026-08-02 08:04:31.841651,614071,53,1,2.1
2026-08-02 08:04:31.841651,614574,76,1,1.5
2026-08-02 08:04:31.841651,616077,20,1,2.0
2026-08-02 08:04:31.841651,616221,511,1,1.0
2026-08-02 08:04:31.841651,616222,396,1,1.7
2026-08-02 08:04:31.841651,620109,152,1,2.5
2026-08-02 08:04:31.841651,620487,63,1,2.2
2026-08-02 08:04:31.841651,622758,561,1,1.7
2026-08-02 08:04:31.841651,624773,157,1,2.3
2026-08-02 08:04:31.841651,629397,192,1,1.0
2026-08-02 08:04:31.841651,631786,272,1,1.0
2026-08-02 08:04:31.841651,632794,559,1,1.5
2026-08-02 08:04:31.841651,636852,462,1,1.5
2026-08-02 08:04:31.841651,640419,509,1,1.0
2026-08-02 08:04:31.841651,645618,50,1,1.0
2026-08-02 08:04:31.841651,647681,363,1,0.0
2026-08-02 08:04:31.841651,647850,138,1,1.8
2026-08-02 08:04:31.841651,649208,410,1,1.5
2026-08-02 08:04:31.841651,651426,203,1,2.2
2026-08-02 08:04:31.841651,653481,52,1,1.5
2026-08-02 08:04:31.841651,660392,225,1,0.0
2026-08-02 08:04:31.841651,661800,284,1,1.0
2026-08-02 08:04:31.841651,672492,221,1,1.0
2026-08-02 08:04:31.841651,684268,189,1,1.0
2026-08-02 08:04:31.841651,699989,550,1,1.5
2026-08-02 08:04:31.841651,700308,135,1,1.5
